# Resource object code (Python 3)
# Created by: object code
# Created by: The Resource Compiler for Qt version 6.10.3
# WARNING! All changes made in this file will be lost!

from PySide6 import QtCore

qt_resource_data = b"\
\x00\x00Q\x7f\
\x00\
\x00\x01\x00\x06\x00\x10\x10\x00\x00\x00\x00 \x00}\x02\x00\
\x00f\x00\x00\x00\x18\x18\x00\x00\x00\x00 \x00'\x04\x00\
\x00\xe3\x02\x00\x00  \x00\x00\x00\x00 \x00I\x06\x00\
\x00\x0a\x07\x00\x0000\x00\x00\x00\x00 \x00\x09\x0b\x00\
\x00S\x0d\x00\x00@@\x00\x00\x00\x00 \x00\x10\x10\x00\
\x00\x5c\x18\x00\x00\x80\x80\x00\x00\x00\x00 \x00\x13)\x00\
\x00l(\x00\x00\x89PNG\x0d\x0a\x1a\x0a\x00\x00\x00\
\x0dIHDR\x00\x00\x00\x10\x00\x00\x00\x10\x08\x06\x00\
\x00\x00\x1f\xf3\xffa\x00\x00\x02DIDATx\x9c\
\x95S\xbfkSQ\x18=\xdf}\xf76i\x8b7\xaf\
\xaf\xed\x13\xdaG\x031\x84\x88\xa4d\xe8R\x0a\x06\xba\
9\x88\x8bo\xe8 \xd4\xbauu\xb7\x8eNZ\x1c\xdc\
\xb4\xff@\x96b(.vpr\x08X$\x05\x11J\
\x0b\xfd\x81%\xa6\x98RKl\xee\xbd\x9fC\x13\xc9`\
k\xfd\xa6\xef\xc29\xe7;\xf7~\xe7\x02\xff_\xd4{\
\x10W$uq\x8b\x00\xe6;\x22}\x00<y\xd5\xb1\
\xcc )\xbdo\xd6\xda\xaf\x00\xde\x00\xf8\x02\xa0N\xff\
\xe0\x01\x80\x07\xc0vz\x05`^)Uu\xce\xdd\xb0\
\xd6\xee_F\xa48\x8e\xbd\xce\x8d\xd3cw\x12\x95\xb1\
[\xc1A\xc2K\xbe\x00\xe0\xff\x01]4\x95\x88,3\
\x03\xc0\xc3\xf0f\xeaY\xe1\xfex(?\x8d\xe3\xb8\xf1\
\x13D8><<\x5c\xd9\xda\xdaz\xfa7\x01ID\
\x86\x99G\x82 x\x99\xc9d\xe6\x88\x08?\xbe\x1f\x1b\
\xed_\xf3\xfc \xc5Q\x14\x89j\xb5\x8a\xcd\xcd\xcd\xe9\
\xde-\x9c[\x06\x0c3\xdfN\xa7\xd3\x1f\x0b\x85\xc2\x5c\
*\x95\xb2Zk\x0e\xc7G\xe4/\xd3\xa2\xbd\xbd=\xda\
\xde\xde6a\x18B)\xd5\xee: \x00\x0c\x00R\xca\
\xc5l6\xbb\x1cE\x91r\xce\x19k\xadt\xceap\
p\x10\xce94\x9b\xcd\xf6\xcc\xcc\x8cZ__\xff\xb0\
\xb1\xb1q\x8fz\xc8\x09\xad\xf5\xab\x5c.\xb7\xe0\xfb>\
\xb7\xdbm&\x22\xc1\xcc\xe8\xef\xef\x871\x86\x07\x06\x06\
l>\x9f\x97kkk\xefj\xb5ZLD'bi\
i\x89\x00\xf4i\xad\xcb\xc5bq!\x08\x02svv\
\x06\x00\x82\x88\xa0\x94B\xb3\xd9tZk\x8e\xa2H\x96\
\xcb\xe5\xd7\xb5Z\xed\xae\x10\xe2\x84\x99\x05\x11\x11\x98\xf9\
\xfa\xf0\xf0\xf0A\x10\x04fttT&\x93I\x12B\
\xd0\xe9\xe9)\x1a\x8d\x86\x9d\x9d\x9d\xf5\x8e\x8e\x8e\xb0\xba\
\xba\xfa\xb8\xd5j=gf\x22\x22\x00`\xe9\x9c#\x22\
:!\xa2\xcf\xcc\x5c\xdc\xd9\xd91a\x18\x8aD\x22A\
\xf5z\xddLMM\xc9\xdd\xdd\xddz\xa5Ry\x04\xe0\
m\x1c\xc7\x1e\x11\xb9\xee\x9b\xf5f!\x18\x1a\x1aZ\xc9\
f\xb3<11\xc1\xb9\x5c\xce\x95J%\xce\xe7\xf3\xef\
\x01d\x88\x08\xa5R\xe9\xc2\xe8w-A)\xf5 \x8a\
\xa2\xfd\xc9\xc9I\xe3\xfb\xfe\x13\x00$\x84\x00\xce#}\
iQ\x0f(\x0d`\xba\xa3\x0c\x5c\xf2k\x7f\x03\x90(\
\xd5\xaaX\xf0I\xe3\x00\x00\x00\x00IEND\xaeB\
`\x82\x89PNG\x0d\x0a\x1a\x0a\x00\x00\x00\x0dIH\
DR\x00\x00\x00\x18\x00\x00\x00\x18\x08\x06\x00\x00\x00\xe0\
w=\xf8\x00\x00\x03\xeeIDATx\x9c\xad\x96M\
LcU\x14\xc7\xff\xe7\xbeK?\xa0i\x1b\xfa\x81#\
\xad\xf1\xa1\xf6\x03\x0b\x0b\xaa\xa3,\x08\x0b\x13\x08J\xa2\
$l\x8c\x93YLt\xa9\x89\xd1\xa5\x89\xe3J7c\
\x9c\xa8\x0bg\x12\x8d&\xd3\x05\xc9\x040\xca\xceIX\
\x95 \x01'\xd2\xa0\x03\x99\x100ZZ\xdaR\xd0\xb1\
\xbe\x8f{\x5c\xd0bA\xc6aF\xce\xe6\xde\xdc\xbc\xf7\
\xfb\xdfs\xce\xff\xde\xf7\x80\xd3\x0f:2\x9e\x0a\xcc\x0d\
 \x0d@;\x0dh3\x9c\xea\xf0\x1b\x00\xae\x03\x10u\
\x11\x01\xc0w\x1a\x02\x00\xf0\x10\x80k\x00<\x00\x9e\x01\
\xb0\x06\xe0q\x00_\x00\xd0\xff\xaf\x88 q0w\x00\
\x98\x02\xf0\x09\x80\x17\x00\xac\x03\xe8z`0\xf8P\xfd\
\xddDtU\x08q\xbe\xbe\x96\xae\x8b<P\xc8&\x7f\
\xbc\xd3\xde\xe3\xfcY\x90\xf8\x11\xc0G\x8dE\xa2\x7f\x1e\
\xb8\x1f+Q\xfd]\xc5\x0c\xbd\xb5S\x5c\xeaz\xb9m\
\xec\xe1G\xce\xa0\xf2\xa5\x1f\x95\xdd\xf2\x9f\xa5R\xe9\xa7\
J\xb9\x92\x01\x90\x01\xf0+\x00:\xa9\x80FD63\
\x03\xc0\xab\x8e\x16\xe7\x07\x8f>\x1b\x0a<\xf1R\xfb_\
w\xbe\x0e\x12i\x90\x9a\xd4\x04\x18p:\x9d\xb8u\xeb\
Vamm\xed-\xa5\xd45q/2\x00Y\x87\x87\
\xa5\x94\x13\xb1X\xec\xea\xd3g\x9f\x0a\xa8_\xdc\xf6\x0f\
\xefW\x1d\xbf\xdf\xd9u\x08!\x84i\x98\xa8\xd5j\xaa\
\xbb\xbb\xdbH&\x93af~\x9d\x88\xf8\xbf2\xa8\x97\
\x84\x143\x8fx\xbd\xdeOc\xb1\x98\xee\xf7\xfbm\xdb\
\xb6\x85\xa6\x09\xaa\xee\xedb\xeb\xb7<\xa4lA8\x1c\
F$\x12\xc1\xe6\xe6\xa6\xbd\xbd\xbdM\x95J\xe5\x9br\
\xb9\xfc\xe2\xdd2\xd0\x88\x88\x01(f~7\x12\x89|\
\xdb\xd7\xd7\xa7\xfb\xfd~\xcb4M\x8d\x99\xc94-x\
=^tu=\x86\xb6\xb66\x94J%,--\xc1\
\xe1p`||\x1cB\x88V`\xff\xc4\xdd\xad$~\
)\xe5\xf5D\x22q1\x91H0\x00e\x9a\xa6l8\
D\x08\x01\xc30@D\xe8\xed\xed\x85a\x18\xe8\xec\xec\
\xe4\xb1\xb11\xcef\xb3\xa2\x5c.\xdf \xa2\x7f\xb9\xa8\
\xd1\xcc\xb3\x1e\x8f\xe7\xf3x<\xfed{{\xbbe\x18\
\x86<d=\x22\x98\xa6\x09\xaf\xd7\x8b`0\x88\xf9\xf9\
y\xc4\xe3q\x1e\x1c\x1c\xe4\xe9\xe9i1;;\xfb\x1e\
\x11]df\xd1, \x00(\x00\xe7B\xa1\xd0\x95D\
\x22\xe1v:\x9dV\xd3\xae\xb9\xde\x17X\x96\x05\x9f\xcf\
\x07\x8f\xc7\x83\xc5\xc5E\x0c\x0c\x0c\xd8\xa9TJ\xcbd\
2XXXx\x83\x88>ff\x01@Q\x13\x9c\xa5\
\x94oF\xa3\xd1K\xba\xae33+\xa5\x94v\x14\xae\
\x94B(\x14\xc2\xce\xce\x0e\xd6\xd7\xd71::j\x07\
\x83A-\x93\xc9\xfc\xb1\xb2\xb2rA\x081\xa1\x94\x92\
\x00\xac\x86S\x1a;\x0fJ)o'\x93IO(\x14\
b\xa5\xd4\xa1\xfe034M\x03\x11\xa1P(\xc0\xed\
vcxx\xd8*\x16\x8brrrrmkk\xeb\
\x15!\xc4|3\xfc@\xa0n\xc53\x81@\xe0&\x11\
\x05\xa4\x94\xa4\xeb:\xb9\x5c.\xa5\x94\x02\x11\x09)%\
j\xb5\x1aVVV\x90N\xa7yddDe\xb3Y\
mjj\xea;\xc30\xce\x09!\xf2G\xe1\x07\xa5\xa9\
\xcf\x0d\xcb\xb2d4\x1a\x15\x0e\x87\xc3\xce\xe5r(\x14\
\x0a\x04\x80\x9cN'\xaa\xd5*\x96\x97\x97\x91J\xa5\xec\
\xfe\xfe~\x9a\x99\x99\xd1&&&>3\x0c\xe3y\x22\
\xca+\xa5\xb4\xa3\xf0F\x06\xcd\xe3s.\x97\xeb\xb2\xae\
\xeb\xdd\x9a\xa6\xd9\x1b\x1b\x1b\xc2\xef\xf7Skk+\x8a\
\xc5\x22\xd2\xe9\xb4\xd5\xd1\xd1!\xe7\xe6\xe6\xf6VWW\
\xdf\x06p\x85\x88\xd0h\xe8Qx3\xb81g\xec\x7f\
\x89>\x8cD\x22\x17\xc2\xe10\xf2\xf9\xbc\x0d\x80zz\
z\xb0\xb7\xb7'r\xb9\xdc\xf7\xd5j\xf55\x22\xba\xc9\
\xccZ\x1d\xcc\xc7\xb0\x8f\x8d\xe6o\xeay\x9f\xcfWJ\
\xa5R<44\xc4\xc9d\x92\x01\x5c\xc6\xfe\xdd\x0f\x00\
\xf2\xa4\xd0\xe3\xb2j\xd8S\x97R~\xe5\xf1x\x96\x01\
\x8c\x03\x07w\xfdI.\xc9{\x86\xd6tz[\x9a\xc0\
\xf7\xf5;\xf27\x06t\x85\x1d\x9f\x84\x16\xf9\x00\x00\x00\
\x00IEND\xaeB`\x82\x89PNG\x0d\x0a\x1a\
\x0a\x00\x00\x00\x0dIHDR\x00\x00\x00 \x00\x00\x00\
 \x08\x06\x00\x00\x00szz\xf4\x00\x00\x06\x10ID\
ATx\x9c\xcd\x97_lTY\x1d\xc7?\xbfs\xef\
\xcctf:\x9d\x0e\x03\xc3\xd0i\x99\xc2L\x0a3q\
x@\x88\x7f\xd1\x1a\x8c$\x04\x89@bL\x08>l\
\xa2D\x13\x9f|[\x8d&&\x1a\x95\x98\xd5\x074\xbe\
\xe8\xc6H\xf4\x01H\xd8&\x84Pd\x130\xe26k\
\xb1S\xc8\x02ab-\xdam)i\x0b\xb43\x9d\x99\
{\xce\xf1\xa1w\xb0t\xe9\xba\x10\xba\xf1\x9b\xdc\xdcs\
s\xef9\xdf\xef\xef{~\xbfs\xce\x85\xb5\x85\xf2\xaf\
\xff\x0b\x88\x7f\xadl\xaf)\xfa\x81\x9f\x03\xb9\x0f\x83\xac\
\x85\x96\xe5\x9f\x04\xe6\x81\xb7\x80\xcd\x80\x0b\x84\xfcw\x09\
\xa0c\xad\x048\xfe\xfd(\xf0w \xe3?\xff\x18x\
\xdb'\xfe>pb\xad\x04\xc0\xd2\xfc\xc6\x80\xad\xfes\
\x00\x98\x06\x1e\x00]\xc0\x1f\x81?\xaf\x15\xf9\xca\xac\x8f\
\x00\x97\x80_\x01I\xa0\xe4\x8b\xf9\xc1Z\x90;~n\
\xb7\x01n6\x9bm\xf3\xc9_[\xf6\xcd:`\x8f/\
\xec\xa5\x95\x82\x02\x10\x85\xb1\x86O\x0b\xea\xa48\xcc\x1a\
m\x1c\xe0\x1f\x22\xf2U\x00k\xedK\xa2{\x1aKI\
\xb7\x14\xca7\xc3\xd1\xb6\xea'~\xd7n?~<o\
\xbb6\xf4\xd8\xf6X\xf4\x9f\xc0o\x81}@P\xe4I\
\xcc\xea\xbf\xdd^\x0c\x02 \x22\xd6Z\xbb]\x89\xfaQ\
\xfac\xd1C\xdb^\x0d\xd8\xc0\xedtC\xbf\x95Pj\
&*\x9em\xb8\xb3\xb3s\xcc\xcc\xcc0===Z\
\xab\xd5~\x03\xfc\x1a\xa8\x01\xf2\xa2\x02\x1c@\xfb\xed\xaf\
\x07\x02\x81\x9f\xb4\x05#\x9d}\x9f\xcdx\xeb?\xe5P\
\xff\xd3:cj\xe2\xaa6\x94\x12eE\xc4ttt\
H<\x1eW\xe5r\x99\x9b7o\xfe\xad^\xaf\x1f\x05\
\xee\xb8/\x10\xb5\x12\x11m\xad\xdd\x04\xfc2\x95J}\
)\x97\xcbQ[\xac\xe9{\x7f}\xd7\xfd\xf7_\x5c\xbb\
\xb9/\xec\xc4\xe3\x1d\xa2\xb5Ak-\xd6Z\xe7\xf1\xe3\
\xc7\xe4\xf3y\xb3w\xef^oll\xec\xa3\xf5z\xfd\
s\x22r\xfby\x04(\xc0\xf8\xe4_t\x1c\xe7\x17\xb9\
\x5cn\xcb\xe6\xcd\x9b=\xad\xb5\x13\x0e\x87\x9dD\x22\xc1\
\xd4\xfd)\xa9T*\xc4\xe3q6m\xdaD$\x12\xa1\
V\xab\x11\x8dF\x99\x9e\x9eV\x83\x83\x83\xce\xe2\xe2\xa2\
q\x1c\xe7\x81\xd6\xfa\x03\xefT\x0e`\x80\x80\xb5\xf6\xa7\
\xf1x\xfc\x8d\x9d;wn\xc9f\xb3\x9e\xe7y\xae\xb5\
V\xb4\xd6Xc\xe9JwQ(\x14\xb0\xd6r\xfb\xf6\
m*\x95\x0a\xa9T\x0a\x803g\xceP,\x16\xd9\xbe\
}\xbbh\xad\xb5\x88\xf0\xbf\x1c\x10\xc0\x11\x11\xcfZ\x9b\
\x05^\xef\xee\xee\xee\xcf\xe7\xf3\x9eRJ5\x1a\x0d\xb7\
\x95\xd5\xad{\xb3\xd9$\x10\x08\xb0e\xcb\x16\x1e=z\
\xc4\xdc\xdc\x1cCCC4\x1a\x0d\xf6\xef\xdf\xcf\xae]\
\xbb\xec\xa9S\xa7\x04\x08\xb6l}?\xcb\x95O\xfey\
\xc7q\xae\x14\x0a\x85\xfeB\xa1\xd0\x00\x5c\xad\xb5\x92g\
\xe4\xb0R\x0a\xad5\x8dF\x83R\xa9D2\x99dn\
n\x8e\x03\x07\x0e\xb0{\xf7n3<<\xecV*\x95\
:\xf0\x0e\xb0\xaa\x03\xad\xf9\xc6Z\xfb\xadH$r\xa2\
X,\x86\x12\x89D\xb3\xd1h\x04E\x84g\x91\x8b\x08\
\x9e\xe7\x11\x0a\x85\xc8\xe7\xf3\x8c\x8c\x8cp\xf7\xee]\x8e\
\x1d;F.\x97\xd3\xa3\xa3\xa3\xce\xb9s\xe7\x1eU\xab\
\xd5\xaf\x00ek\xadzV\x19\xb6J,\x0e\x9cL\xa5\
RG\xfb\xfa\xfaL(\x14\xb2\x9e\xe79\xcb\x88-\xcb\
\xd6\x11\x11\xa1\xd9l\xd2\xd9\xd9I__\x1f\x83\x83\x83\
\xd4\xebu\x0e\x1f>\xcc\xbau\xeb\xf4\xc8\xc8\x88s\xf6\
\xec\xd9wk\xb5\xda\x11\x11\xb9f\xad]\x0a\xf2Y\x91\
\x039\x11\xf9\xc3\xd6\xad[w\xf7\xf6\xf66\x8d1\xae\
1FV#\x87\xa5\xb9O$\x12d2\x19.^\xbc\
H,\x16\xe3\xc8\x91#\xb4\xb7\xb7{W\xaf^u\x07\
\x06\x06\xeej\xad\x0f\x89\xc8\x0dk\xad\x0bx\xac\x18D\
\x01\xc6u\xdd\xdd\xc0\xd9m\xdb\xb6uwuu5\x9a\
\xcdfp\x85H\xebG,\xad\xb5\xdd\x18C&\x93\xa1\
^\xafs\xe5\xca\x15\x8a\xc5\x22\xfb\xf6\xed\xb3\x22b.\
_\xbe\xec\x5c\xbat\xe9\x1a\xf0e\x11\xf9\x97\xb5v\xf9\
\x22\xf6\xd4\x19\x0d\xa0\x1dx\xbbP(\xf4e\xb3\xd9F\
\xb5Z\x0d*\xb5z\x9eZk\xb1\xd6\xb2~\xfdzf\
gg\xb9q\xe3\x06\xfd\xfd\xfd\x94J%;??o\
/\x5c\xb8\xa0\xca\xe5\xf2\xef7l\xd8\xf0\x8d\x07\x0f\x1e\
\xcc\xaf$_N\xdc\xb2\xbe\xc7u\xddr[[[G\
WW\x97\xa4\xd3iY\x91pO\xac\xb7\xd6\xe28\x0e\
\xc6\x18*\x95\x0a\xc1`\x90\x83\x07\x0f\x92N\xa7\xcd\xad\
[\xb7\xd4\xf9\xf3\xe7\x99\x9a\x9a\xfa\xae\x88\xfc\xd0w\xaa\
\xc5\xf1\x14\x9eT\x81\x9f\xf1&\x1a\x8dV7n\xdc\x18\
\x1f\x1b\x1b\xe3\xe1\xc3\x87d\xb3Y\x22\x91\x88\xb5\xd6\x1a\
\x11Q\xfew\x04\x02\x01\xaa\xd5*###\xe4r9\
\x0e\x1d:D4\x1a\xf5\x86\x87\x87\xdd\x81\x81\x81G\x0b\
\x0b\x0b\xaf(\xa5\xce\x18c\x94/\xfc=\xe4-UO\
\xec\x04l\xbd^\xef\x8cF\xa3R,\x16M\xb3\xd9d\
tt\x94\xc9\xc9I\xd1Z+c\x0c\xd6Z\xc2\xe10\
\xd3\xd3\xd3\x0c\x0f\x0f\x93\xcdf\xd9\xb3g\x8fu]\xd7\
{\xf3\xcd7\xdd\xd3\xa7O\xdfYXX\xf8\x82\x88\x9c\
1\xc6\xb8>\xf1\xaa\x07\x01Y\xd1v\x80\xef\x85\xc3\xe1\
W{zz\x9cD\x22\xa1\xef\xdf\xbf\xefLLL\x90\
L&\xe9\xe9\xe9!\x16\x8b1>>\xce\xbd{\xf7\xd8\
\xb1c\x07\xc5b\xd1\x04\x83A\x19\x1a\x1a\x92\xeb\xd7\xaf\
\x9f\x03\x8e\x8b\xc8\xd4\xf2L\x7f?\xac\xb6\x1d\x7fFD\
N\xa6\xd3\xe9\x8ftww\x9b\xc5\xc5E\x19\x1b\x1b\x13\
\xa5\x14\xa1P\x88\xc5\xc5EJ\xa5\x12\x99LF/,\
,8\xd7\xae]k\xce\xcc\xcc|GDN\xf8N\xbe\
'\xd9\x9eG@\xabs'\xf0\xb3X,\xf6Joo\
/\xe1pXOLL8\xcdf\x93R\xa9d]\xd7\
5\xe3\xe3\xe3\xce\x9d;w\xde\xf1<\xef\xb8R\xea\xaa\
1\xa6\xf5\xc7\xf3\xcc\xf9~\x1e\x07\x96Gp,\x10\x08\
\xbc\x96\xc9d\x92\xc9d\xd2\xa4R)\xa3\xb5v\xcb\xe5\
2\x93\x93\x93\xaf\x03\xdf\x16\x91\x99\x0fj\xf9\xf3\xa0\xb5\
\x13\x02\xf4\x01otvv\xda|>o\xa3\xd1\xe8<\
\xf0\xb5e\xe5\xe9\xac2\xc6K\xc1\xf2\xc1\x8f\xb0t\xc4\
.\xf9\xe4\x8a\x0f\xe9'\xf3\x09\xd1\xcb\x8e\xfa?g\xcd\
\x7fH7\xbaNb\x00\x00\x00\x00IEND\xaeB\
`\x82\x89PNG\x0d\x0a\x1a\x0a\x00\x00\x00\x0dIH\
DR\x00\x00\x000\x00\x00\x000\x08\x06\x00\x00\x00W\
\x02\xf9\x87\x00\x00\x0a\xd0IDATx\x9c\xd5\x99m\
l[\xd7y\xc7\x7f\xe7\x9c{/\xdf)\x89\x14%\x91\
\xa2\xa8\x17K\xb2`'\x1a\xe2\xd8Y\x91\xcc\x15\x9c\x17\
\xc4H\xa6\xd6@\x01\x03\xc3\xb6\xeeC\xd66@\x87\x02\
\xd9\x86m\xdd>\x18Y7\xac\x18\x9a~\xe8\xba\xae\xdd\
\xb0l\x03\xb2\x0f\x99\x90\x14\x11\x8c \x1a\xa2J\xb2\x93\
\xd4[\xebN\xc8\xac8z\xf1$Kb\x94\x84\x92J\
\xbd\x981\xc9{\xef\xd9\x07\x92\x12\xa3\xc9\xb6\xec8v\
\xf6\x00\x82H\x9e{\xcf\xf9\xfd\x9f\xf3<\xcf9\xe7^\
\xf8\x7fn\xe2n\x03\xec\xb0j\x1e}\xd7(n\xd1n\
\xc9\x99\x9f\xb5\x19\xe8\x02\x8e\x02\x0b\xc0(Pd\x9b\xb1\
2#;\xbf\xdfu\xab\x00\x1d\x07~\x0a\xd8\xc0\x0b@\
\xf8\xae\x11\xdd\x84U\xe0\x9b\x811J^}\x0bx\x02\
\x90\xe5\xb6\x08\xe0)\x7f\x96@\x0aH\xf2\x19\x89\x9e\x0a\
\xc4\xbd\xc0%`\x12\xf8\x5cU[?\xf0\x9f\xc0\xf7\x81\
 %1\xff\x5c\xfe\xab\xbf\x83\x9c\xd7\xb4\x8a\x80Z\xe0\
O\x81\xdf\x03,\xb6\xbd\xff<\xa5Yq\x81_\xa3$\
\xe0\xe7\xc0<p\x08\xc0\xb8s\xac\xbbZ%\x11\xb3\xc0\
s\xe5\xef\x0e%\xe0:\xe0H\xb9\xfd,\xa5\xc4n\xa4\
\xc4l\x01\x81;\x09z=\x13l\xcfD\xc5\xf31J\
\x09\xbd\x04|\x89R\xb8\xf8\x81\x1fR\x12\xf93\xa0\xf3\
\xceb\xeen\xb2\xea\xb3Y\xfe\xdf\x08\x8c\x03s\xc0\xc1\
\xaa\xf6\x00\xf0,\xf0*\xf0\xc5\x1d\xf7\xdeq\xdb\xf2z\
M+\xb5\xd1(\xa1\xf2\xef\x8d\xc0\x7fS\x82o+\xff\
f\xb0=CAJ\xa1uW\xad\xe4\xb9\x12\xd2\x97\x81\
\x8b\xc0\x7f\x01\xcf\x08!F\x84\x10\x17\x81\x86\xf2\xb5\xd5\
\x09]mw\xa5\x84\x0a@\x01$?\x87\x0f\xf8.\x12\
\x9dz\x22\xe0\xa4\x0e\xc7\xf2\xa6\xb24\xa0\xa5\x94?\xf1\
z\xbd\x9f\xbf\xff\xfe\xfb\xcd]\xee\xad\xce\x97;j\xdb\
^\xb4\xd8\x0f\xfc\xbb\x81\xa5\xef\xf9Z}\xe1\x0b\xbf\xf4\
\x15\x8f\x7f\xbf\xe7\xa3\x07\x0e\xffj\xae\xbd\xa3=_S\
[\xa3\x0d\xc3\xd0\xc0\x7f\x00\x7f\x06\x1c\x10B\xec\xde\x17\
\x9f\xbe\x1aQ\x1e\xd0\xe9\xeb\xeb3\xc6\xc6\xc6\xbe\x02\x9c\
\x0aw\x99\x8d\x07\xbf\xe9\xb7\xc3:&\xecU!\x9cw\
CZ\x5c\xaa\x11\xca\x90Bk\xdc\x8d\x8d\x0d\x99\xc9d\
\xc4\xca\xca\x0a\xeb\xeb\xeb\x1b\xc00\xf0/Z\xebW\x84\
\x10\xba\xdc\xa7\xfbi\x0b\xd8\x1a\xc44\xcd\xfb\x8a\xc5\xe2\
s\xcaP\xc7\x92\x89\x16\xf6=\xe5)\xfa\xbe\xfc\x9eq\
\xf5\xc7\x0dN\xf1\xc7\xcd\xb6D\x1aZ\xa2\xa4\x14B)\
\x85\x94\x12!\x84+\x84\xd0\x8e\xe3\xa8\x85\x85\x05\xa6\xa7\
\xa7q\x1cg\x88\xd2\x82\xf7\x8b2\xbb\xfe\xb4\x04(\xb6\
\xbd\xfeU\xe0[\xc1`0\xe28\x8e\x1b\x8b\xc5hj\
\x8d\x89@\xabrY7\x1cw\xcd\x14B\x08\x05H)\
%\xae\xeb\xa2ui}\xf3x<$\x12\x09\x1d\x8b\xc5\
\xdc\xd9\xd9Yq\xf6\xecY\xf9\xe1\x87\x1ff\xb5\xd6\xbf\
\x0b\xbc\x04\xc8\xdb-\xa0\x92d\xae\xc7\xe3\xe9\xc8\xe7\xf3\
\x7f+\xa5<\x9eL&imm\xb5\xd7\xd77\x8c\xc5\
\xc5\x05\xael\xe6\x88\xd6\xd5\x93li\xd6\xfe\xa0\x0f\xad\
K\x8e\x14Bl\xc1\x03(\xa5\xa8\xaf\xaf'\x1e\x8f\x13\
\x0c\x06\x99\x9a\x9a*\x9c>}\xda\xca\xe5r\xcf\x03O\
\x01\xf2vn%*!\xa3\x81/\xe6\xf3\xf9\xef\x05\x83\
\xc1TWWW1\x12\x89(\xd7u\x8dH\xa4\x8e\xba\
\xbaZ\xb2\xd9,\xf3\x0b\xf3\xbc}a\x5c\xa4R\xad4\
55a\x18\x06\x8e\xe3\xa0\xb5\xa6:i\x85\x10x\xbd\
^2\x99\x0c\xa3\xa3\xa3*\x97\xcbi!D\xa6,T\
\xdc.\x01\x0apjjjj\xd7\xd6\xd6\xfe\x1c\xf8z\
SS\x93\xec\xea\xea*X\x96e:\x8e\xf3\xb1\x99\x8e\
D\x22\xd4\xd6\xd6\xf2\xfe\xfb\xef3??O&\x93!\
\x91HP__\x8fa\x18\xd8\xb6\x8d\xd6\x1a\xa5\x14\x81\
@\x80\xd9\xd9YN\x9f>\x0d\xa0kkkE6\x9b\
\xdd\xac\xf4\xf5I\x05T\xc0\x1c\xc30\x8e\xac\xad\xad\xfd\
\xd0\xb2\xacC\xfb\xf6\xed+\xc6\xe3qWkm\xd9\xb6\
\xcd\x8e2\x88\xeb\xba\x00$\x12\x09\xea\xea\xeaH\xa7\xd3\
\xcc\xce\xce\x92N\xa7iii\xa1\xa1\xa1\x01\xd34i\
jjbnn\x8e\xe1\xe1a\xda\xda\xdax\xe8\xa1\x87\
\xf4\xc8\xc8\x08\xd9lVW\xc2\xed\x93\x08\xd8\xaa2\xc0\
Wm\xdb\xfe\xab\xba\xba\xbaHwww>\x18\x0c\x9a\
\x8e\xe3H\xe0\xff\xc0\xef\x14\xe2\xf5zioo\xa7\xb1\
\xb1\x91L&\xc3\xd4\xd4\x14\xcb\xcb\xcb<\xf2\xc8#,\
..2<<\xcc\x91#Gx\xec\xb1\xc7\xd8\xdc\xdc\
\xac\x88\xdfJ\x94[\x15\xa0\x00'\x1e\x8f\xfb\x97\x96\x96\
\xbe+\x84\xf8Z*\x95r\xdb\xda\xda\x0aJ)\xcb\xb6\
mq=\xf0j\xab\xc4\xbc\xcf\xe7#\x1e\x8f\x13\x8b\xc5\
X\x5c\x5cd``\x80|>\xcf\xb1c\xc7\xe8\xeb\xeb\
\xa3X,\xe2\x96\xe8]\xb67~7%\xa0z\xcb\xeb\
X\x96\xd5\xb3\xb4\xb4\xf4\x03\xc30\x8e\xed\xdf\xbf\xbf\x10\
\x8f\xc7\xa5m\xdb\xa6\xe38{\x86\xdf)$\x99L\x12\
\x08\x04H\xa7\xd38\x8eC\x7f\x7f?\x87\x0e\x1d\xa2X\
,b\xdb\xb6\x9e\x98\x98\x10+++\x12\xb8T\xa9V\
7+@\x03\x8eR\xea\xe1B\xa1\xf0O\xe1p8\xd5\
\xdd\xdd]\x08\x87\xc3\x86m\xdb\x02\xb8i\xf8\x0aH{\
{;555\x0c\x0c\x0c\x90\xc9d8y\xf2$\x9d\
\x9d\x9d\x14\x8bE\x94R\xfa\xcd7\xdft\xc7\xc6\xc6,\
\xad\xf5\x8f\x80\x812\x8f\xbb\xd7\xd1\xaa\xe3\xfd\xf7\x81o\
\xc5b1\x7fOOO\xc14M\xd3q\x9c\xdd\xc85\
7X\xe9]\xd7\xc5\xe7\xf3\xd1\xd9\xd9I\xa1P\xe0\xa5\
\x97^\xa2X,\xd2\xdf\xdfOGG\x07Zk<\x1e\
\x8f\x1e\x1d\x1deddD\x00\xdf\xd6Z\x7f\xb3|\xfb\
\x9eWb\x058~\xbf?\x9e\xcb\xe5\x9e\x93R\xfeF\
[[\x9bN\xa5R\x8e\x10B\xb9\xae\xbb\x9b\xd7w>\
\xc3\xd9\x15>\x12\x89p\xe0\xc0\x01\xd2\xe94/\xbe\xf8\
\x22\xf1x\x9c\x13'N\x10\x0e\x87\xd1Zc\x9a\xa6\xfb\
\xfa\xeb\xaf\xcb\xb1\xb11-\xa5\xfc\x13\xd7u\xff\xba\xaa\
O}\xdd\x01\xaa\xe1\xcb{\x99\x17|>\xdf\x81\xee\xee\
\xeeb}}\xbd,W\x99\xdd\xee\xbf!\xbc\xe384\
44p\xf0\xe0A\xc6\xc7\xc7\x19\x1c\x1c\xe4\xe0\xc1\x83\
\x9c8q\x02\xd34+\xd7\xb8\xaf\xbe\xfa\xaa<\x7f\xfe\
\xbc-\xa5|\xdau\xdd\x7f\xa4\x14\x09\xbaj\x8c\xeb\x0a\
\x90\x80\xab\x94\xfau\xc7q\xfe!\x12\x894\xed\xdf\xbf\
\xbf\xe0\xf3\xf9\x8cr\xa2\xde2|]]\x1d\xdd\xdd\xdd\
\x9c;w\x8e7\xdex\x83\x07\x1f|\x90\x87\x1f~\x18\
)%\xa6i\x92\xcf\xe7\x9d\x81\x81\x01599\xb9n\
\x9a\xe6W\x8a\xc5\xe2\xbfQr\xa6\xcb\x8e'r\xd7\x1a\
\xa8\x92\xb0O\x03\xdf\x8b\xc7\xe3fwwwAJi\
\xba\xae{\xadL\xdd\xf6J\xb9\xbdz_S)\x97\xf1\
x\x9c\x9a\x9a\x1aFFF\x98\x9a\x9a\xe2\xf8\xf1\xe3\x1c\
>|\x18\x00\xaf\xd7\xcb\xea\xea\xaa\xf3\xf2\xcb/\xab\xd9\
\xd9\xd9E\xaf\xd7\xfb\x9bW\xaf^=S\x86w\xae\x05\
\xba\xd3*\x09\xfb\xb4\x94\xf2\xef\x92\xc9\xa4\xdd\xd1\xd1\xa1\
\x01Ck\xbd\xa7*\xb3sS\xa6\xb5\xc60\x0czz\
z\xd8\xdc\xdcdpp\x10\xdb\xb6y\xfc\xf1\xc7\xe9\xea\
\xeaB)\x85\xcf\xe7\xd3333\xee\xe0\xe0\xa0ZY\
Y\xf9\x85i\x9a\xbfS,\x16/\x5c\x0f~7\x01\x02\
\xd0\x81@\xa0\xe1\xca\x95+\xe3555\x8d\xf7\xddw\
_\x11\xb0\x5c\xd7E\xca\x1b\xef^w\x83\x87\xd2\xb6!\
\x9b\xcd244D[[\x1bO>\xf9$\x81@`\
+Y\xcf\x9f?/\x86\x87\x87E\xa1Px1\x14\x0a\
}}ccc\xe5F\xf0\xbb\x09\xa8x\xbfK\x08\xf1\
\x96\x10\x22\x1a\x0a\x85\xe8\xe8\xe8\x10\xc1`\xb0tA\xe9\
\xb0\xb1\xb3\x9f]K\xa6\xd6\x1a)%RJ\xd2\xe94\
\x93\x93\x93\x1c=z\x94\xbe\xbe>\xa4\x94\xe4\xf3y>\
\xfa\xe8#gllL\x8d\x8f\x8f\x03\xfc\xc5\xa9S\xa7\
N=\xfb\xec\xb3.\x1f/\xdd7-`\x9f\x94\xf2l\
\x22\x91\x88///\xebb\xb1(:::\x88F\xa3\
\x18\x86\xb1\x05Ub\xdc\x8a\xab\x8f\xf5U\x09\x9b\x5c.\
\xc7;\xef\xbcC>\x9f\xa7\xbf\xbf\x9f\xde\xde^\xf2\xf9\
<B\x082\x99\x8c\xfd\xdak\xaf\x19sss\xbf\x94\
R~Ck\xfdB\xf9l \xf6\x02\x0f\xd7Y\x89]\
\xd7u\x83\xc1 \xd1h\x94\xb9\xb99\xa6\xa7\xa7Y[\
[#\x91HT\xa6^\x97\x8f}[\xe0J\xa9\xad\x13\
\x95i\x9a\xac\xae\xaer\xe1\xc2\x05<\x1e\x0f'O\x9e\
\xa4\xbb\xbb\x9b\x5c.\x87\xc7\xe3a~~\xde~\xe5\x95\
W\x8c\xe5\xe5\xe5\xff1\x0c\xe3\xb7m\xdb~\x8b\xedJ\
\xb3'\xf8\xeb\x09\x90\x80r\x1c\xc7\xb5,K\xb4\xb7\xb7\
\xb3\xba\xba\xca{\xef\xbdG6\x9b%\x95J\x11\x8dF\
\x85RJ(\xa5PJmU\x1d\xc30\xd0Zs\xf9\
\xf2e\xa6\xa7\xa7\x89F\xa3<\xf0\xc0\x03\x04\x02\x01\xd6\
\xd7\xd7\xf1\xfb\xfd\xfa\xed\xb7\xdf\xd6CCC\xc6\xe6\xe6\
\xe6Y\xcb\xb2\x9e*\x14\x0a\xd3\xec!\xdeoF@\x16\
\xb8\xb2\xb4\xb4$\x85\x10N0\x18\x94\xb1XL\x84B\
!\xd2\xe94333lll\xd0\xdc\xdc,-\xcb\
\xc2u]]\x11\xa3\xb5\xe6\xe2\xc5\x8b\xa4\xd3i\xf6\xed\
\xdbGOO\x0fuuuX\x96\x85R\xca9s\xe6\
\x8c\x1a\x1d\x1d\x15\xae\xeb\xfe}4\x1a\xfd\xc3\x95\x95\x95\
\x8d[\x85\x87\xdd\xcbhe\x0d8\x02|GJ\xf9\xf9\
\xc6\xc6F\x1a\x1a\x1a\x5c\xa5\x94\xd4Z\xb3\xbc\xbcL:\
\x9d\xc6\xef\xf7\xd3\xd2\xd2B8\x1c\xc6\xeb\xf5j\xd7u\
\x99\x98\x98\x10\xd9l\x96{\xef\xbd\x97T*\x85\xd7\xeb\
%\x16\x8b\xe9\xabW\xaf\x16\xcf\x9c9c\xcd\xcc\xccl\
\x02\x7f,\x84\xf8A\xb9B\xed)YoF@\xb5\x08\
/\xf0\x0d\xe0T8\x1c\xf6'\x93I\xc7\xeb\xf5*\x80\
+W\xae0??O>\x9f\xa7\xb9\xb9\x99H$R\
y\xf4Aoo/\x91H\x04\x8f\xc7C4\x1au/\
_\xbe\xec\x9e;w\xce\xc8\xe5r\xe7\x0c\xc3x\xc6\xb6\
\xeds\xec\xb2-\xb8\x9d\x02\xe0\xe3\x9e9\x0a\xfc\x8de\
Y\xbf\xd2\xdc\xdc\xackkk\x11B\x08\xdb\xb6\xf9\xe0\
\x83\x0f\xc8d2\xb8\xaeK(\x14\xa2\xb7\xb7\x17\xaf\xd7\
\x8b\x94\x12\x9f\xcf\xe7\x5c\xbatIMLL\x00\xfc\xa8\
\xb3\xb3\xf3\x8ffff\xd6\xf9\x04!s3\x02*\xed\
\xb2<X=\xf0m\xe0\xa9X,F\x22\x91p\x94R\
\x0a`ss\x93|>O[[\x1b\x96e!\x84\xd0\
\x9b\x9b\x9b\xee\xe4\xe4\xa4ZYY\xf9\x00\xf8\x03!\xc4\
\xbf\x96C\xe6\xb6\xc1\xefE@\xc5\xaa\x07\xfd-\xe0;\
\xc1`\xb01\x1e\x8f;\xa1PH\x08!\xa4\xd7\xeb%\
\x12\x89\xa0\xb5v\x17\x16\x16\xe4\xbb\xef\xbeK>\x9f\x1f\
\xb2,\xeb\x99B\xa1p\x91\xdb\x142\x9f\xc4*\xb3\x01\
\xa5\x17\x0fCRJ\xdd\xd8\xd8\xa8\xef\xb9\xe7\x1e\xbb\xaf\
\xaf\xcfy\xf4\xd1G\x0b\xc9dR\x0b!l\xe0/;\
;;+o\x17\xd5]!\xbe\x86U`\x0c\xe0\x19`\
\xc1\xef\xf7\xebT*\xa5M\xd3\xd4J\xa9\xc5P(\xf4\
D\xd5\xf5w\xf5M\xca\xb5l\x0b\xca\xeb\xf5\xb6Pz\
w5\x05<\xdf\xda\xda\xdaVn\xaa<\xcf\xff\xcc\xda\
\xd6\x0b\x0b\x80h4\x1a\xaaj\xfbL\x85\xcc\x8d\xac\xfa\
h)\xb9\xc3!\xf3\xbf\xd6\x81P\xffoJ\xd5F\x00\
\x00\x00\x00IEND\xaeB`\x82\x89PNG\x0d\
\x0a\x1a\x0a\x00\x00\x00\x0dIHDR\x00\x00\x00@\x00\
\x00\x00@\x08\x06\x00\x00\x00\xaaiq\xde\x00\x00\x0f\xd7\
IDATx\x9c\xed\x9b{l[\xd7}\xc7?\xe7\
\x9c{/)\xbe$Q\xa4H\x89\xd6\xdb\x96\x1d'\x8d\
\xeb6A\xda\xb9n\x1e\x8e\x83\xa5\x086\x0c\xeb\x82u\
\x18\x86bk\x9bam\xd1l\xeb#\xedZ\x14\xdd\xd6\
\xb5E\xb6n+P`[W\xa0\xdb\xfe\x19\xb6v\x9d\
\xed,\x80\x15c\x9e\x1a\xd7K\x1c\xd7v&\xcb\x0fY\
\x91\x15\xc7\x92I=,\x8b\xa6^$\xef9\xfb\xe3\xf2\
\xd2\xb4c\xc5\x92\x13;U\xd0/@\x88\xba\x8fs\xcf\
\xf7\xfb{\x9c\xdf9\xf7\x10~\x81_`-CT>\
\xbf\xc0\xcdb-\xab'\x804p\x07\xa0\x80\xe3@\x16\
0og\xa7n\x17\x1c\xe0\x83\xc0?\x00\xff\x07\xfc/\
\xf08`W\xce\xbf\xa3CC\xe0\x91\xffo`\x01(\
\x01\x03\xc0\xaf\x03\xd6\xdb\xd8\xaf[\x0e\xdf\xa21\xe0i\
`\x0e\x98\xc7\xb3\xfe\xc7\x80\xe6\x9ak\x1b\x80V P\
s,\x0c\xdc\x05l\x06\xeanq_o\x09|\x01\xd2\
\xc0?\x03Kx\xee\xffa\xae&\xba\x11\xf8;`?\
\xf0i R9~/\xf0/\x95{\xdf\xeb_\xbc\x16\
]f\x1e\x18\x04\x86\x80}\xc0\xf3xb\xf8q\xffk\
\xc0'*\xdf\xd7\xe3\x85\xc7\xff\x00\x9d\xc0/\xe1Y\xff\
'\xc01\xc0]K\x02\xf8\xd9\xbd\x00\xfc\x088\x05\x8c\
\x02\x17\xb9B^\xe3\x85\x82\xa9\xfc\xdf\x04$*\xf7-\
\x01e<\x01Z\xf1\x12\xe6\x9a\x12\xc0\x87\x06^\x01\xce\
\xe2\x11\xd5x\xc3\xa0\x8bg\xf1\x07\x00\x09\x5c\x06\x9e\x01\
\x8e\xe0\xc5\x7f\x0f\x1ey\x89\xe7\xf9\xef\x98QBU\xfe\
n\x02\x0e\xe1\x89\xf2OxBd\xf0\xc8>\x0a\x1c\x06\
\x8ax\xb5\xc2\x13\xac\xcd\xf0\x7f\xdd\xf8\xee\x93\xdf\x82\x17\
\xeb\x06\xf8&^\x9d\xe0\xc3\x01~\x17\x18\x01r\xc0\xf7\
\xf1\x12\xe5\x9a\xc2\xb5\xc4%W\xc8\xdf\x8dW\x05\x1a\xe0\
\x0b5\xd7\xa9\xcaw\x89\xe7\x1d\x7f\x00|\x1c\xe8\xad\x1c\
[3\xb8\xd2\xd9\x10ib\xc4k\xce\xdd\x8d\x97\x0c\x0d\
\xf0\xc7\x95c\xd7\xab\x02%\xdeP\xb9\xe6\xdc\xde\xb7r\
HZ|\x19\x8f\xecQ$O)\xa5\x1e\x00^\xc2\xab\
\x04\x9f\xaa\x5c\xab\xb8\xb1u\xd7D\xf2\xf3]\x17\xa0\x0b\
\xc1\x8f\x01\x13\x8c\x04\x96\x82\xa1@\x09\xcf\xe2\x8b\x80\xb1\
m{\xef\xe6\xcd\x9b#\xd7\xdc\xef\xbb\xff\x9a\xc4\x15\x0b\
*\x1eFx\xc9-\xbd\xd3.\xde\xff\xe3\x86\xb9\x0f|\
a\xfdLgOG!\x18\x0c\xba@Y\x08\xb1\xe48\
\xceQ\xc7q>\x13\x08\x04\xd6_\xa7\xad7\xf4\x88\x9f\
'\x95j\x8b\x99\x80\x94|Bk\xbe&Q\x8d\xed\xf7\
%\x966|\xb3l\x05\xdesY\x15w\xb7\xe8\xf2\xbf\
\xb7\x97\xe6s%ffg\xd4\xc5\xe9\x8b*\x9f\xcf\x8b\
\xa5\xa5%\x80I!\xc4O\x84\x10?\x0a\x06\x83\xfb\xe7\
\xe7\xe7\xb3\xd7i\xfbu\x0f\xfdy\x80\xe4J\xe7\xb6\x02\
_\x05~5\xd8d\xb1\xf1\x89p\xb9\xb9;.\xcc\xac\
%h(\xe2\x9e\x88\x19\xfdr=\xb2lK\xa9\x04 \
\xcc\xe2\xe2\xa2\x99\x9e\x9efjjJ\xcd\xce\xceR*\
\x95\x00N\x02\xffeY\xd6\x0f\xcb\xe5\xf2\x8b5\xcf1\
\xd4\xac\x19\xbc\xdd\x02\xd4Z&\x0e|\x0a\xf8$\x88\xe6\
DK\xbc\xdc\xfbY\x8b\xa6\x8f\xcdX\xa53uf\xe9\
\x07\x9d\xae\x1e\x89\xb8\xa2$\xa5)J%*PJ!\
\xa5DJ\x89\xeb\xbafaaA\xcf\xce\xce\x8a\x89\x89\
\x09999\x89\xd6\xfa\x92\x10\xe2\xdf\x8c1\xdf\xc1\x9b\
C\xbc\xae\x03o\x17j\xad~\x0f\xf0m`\xbb\xb2\x14\
\x1dm\xedn\xa6\xbb\x85\xc0=\x05!\xde;\x053\x01\
]\xde\x9f,\x9b\xf1\x10H,*INJ/\xbc\xb5\
\xf6\x9a\x91R\x12\x0c\x06\xa9\xaf\xaf7\xc1`\xd0LL\
L\x98c\xc7\x8e\xa9\xb1\xb11\x80q\xe0k\xc0?V\
\x9e+\x00\xf3v\x09\xe0\x93\x8fH)?\xae\xb5\xfe\x82\
\x10\x22\xd5\xd4\xd4\xe4\x16\x0a\x05\xe98\x8eH&\x93\xc4\
\x13qS\x97\xb0\xb40B\xb3`\x19\xb4PB\x08\x09\
Pq\x80*y\x1fJ)\x22\x91\x08\xa9T\x8a\xc6\xc6\
F\x0a\x85\x829|\xf8\xb0~\xf9\xe5\x97\xd5\xe2\xe2\x22\
\xc0\xd7\xf1\x84(\x03\xe6v\x17\x06~F\xd6xE\xcc\
_k\xad\x1f\x0a\x04\x02tvv\x96S\xa9\x94\xca\xe7\
\xf3\xe2\xfc\xf9\xf3\xbc\xfa\xea\xab\x8c\x8d\x8d\x89LkF\
%\x93I\x19\x08\x08\x83\xa8z\xac\x00^G\x1e\xc0\x18\
\x831\x06\xad5\xe5r\x99P($\xee\xb9\xe7\x1ee\
YV\xe9\xd0\xa1Cv\xa9T\xfa ^y\x5c\x02\xc4\
\xed\x14\xc0\x9f\xb1!\xa5\xfc-\xad\xf57\x81\xb6T*\
U\xea\xe8\xe8\x90\x91HDi\xadECC\x03\xb1X\
\x8cB\xa1\xc0\x85\x0b\xe3\x8c\x9e\x1b%\x9b\xbb \xda\xda\
\xdaE2\x99\xc4w\xfb\x95@\x08\x81m\xdbLNN\
r\xe6\xcc\x19Y*\x95\x8c\x10\x22o\x8c\x99\xf7\xaf\xb9\
\x1d\x02\xf8\x89\xce\x05RB\x88/j\xad?i\xdb\xb6\
\xd5\xd9\xd9Y\xccd2\x96\x94Rh\xad\xab\xe1(\x84\
 \x1a\x8d\x12\x89\xf4\xd2\xdc\x9c\xe2\xfc\xf9\xf3\x9c>}\
\x9a\xd9\xd9Y2\x99\x0c\x91H\x04!\x04\xc6\xbc~\x01\
X\x08Q\xfdX\x96\xc5\xc8\xc8\x08}}}\x5c\xbat\
\x09\xa5\x94\xd0Z\x17\xb8\xb2^p\xcbC\xc0\x8fu\x03\
<\x08<m\x8cyo,\x16s\xbb\xbb\xbbK\xf1x\
\xdc\xd2Z\x0b\xd7u\x85\x10W\xd2Q\xed\xf7\xc6\xc6F\
\xa2\xd1(\xd9l\x96s\xe7\xce1==Mss3\
---D\xa3Q\x00\x5c\xd7\xbd\xea\x1e\xdb\xb6\xb1,\
\x8b\x9f\xfd\xecg\xf4\xf7\xf7S,\x16\xe9\xe9\xe9\xd1\xb9\
\x5cN\x15\x0a\x85\xb9\xda\x0e\xdeJ\x01|\x97\x0f\x00\x9f\
\x07>'\xa5\x8cf2\x99\xc5\xf6\xf6v+\x10\x08X\
\x95\x18\xbe\x8a|-\xfc\xe3J)2\x99\x0c\x8d\x8d\x8d\
d\xb3Y&&&\xc8\xe5r$\x12\x09\xda\xda\xda\x88\
F\xa3\xb8\xae\x8b\x94\xb2*\xd8\x8b/\xbe\xc8\x91#G\
\xa8\xab\xab\xe3\xe1\x87\x1f&\x1a\x8d\xea\xbe\xbe>\xb8f\
\xe4\xbb\x15\x02\xd4\xba|\x07\xf0\x0d\xe0#\xa1PHw\
ww/&\x93I\x1b\x90>\xf9\x155X\x11\x22\x14\
\x0a\xd1\xde\xdeN2\x99\xe4\xd2\xa5Kd\xb3Y&'\
'\xe9\xe8\xe8`\xc3\x86\x0d\xb4\xb5\xb5\x11\x08\x04\xe8\xef\
\xefg``\x80t:\xcd\xce\x9d;iiiat\
t\xd4\x0f\x99\xab\xe2\xe6\xad\x16\xc0\xaf\xb44\xf0+\xc0\
_\x00w655\x15\xd7\xaf_O8\x1cvjb\
}\xd5C\xb0\x1f\xd7uuu\xd8\xb6MCC\x03\x93\
\x93\x93\x8c\x8e\x8e\x92\xcf\xe7\xb1m\x9bW^y\x85\x13\
'N\xd0\xd5\xd5\xc5c\x8f=F<\x1egnn\x0e\
)\xa5/\xe4-\xf3\x80\xda\xc2\xe6S\xc07\x94R\x91\
\x8e\x8e\x8e\xc5\xd6\xd6V\xcb\xb6m\xb5\x1a\xab/\x07?\
\xb3\xfb\x842\x99\x0c\xc9d\x92\xe1\xe1a\xf6\xec\xd9\x03\
\xc0\x9dw\xde\xc9#\x8f<B}}=\x95\xb1\x1fc\
LYk\xedpe\x8a\x0d\xbc\x09\x01\x8c1~\xec\x1a\
\xae\xc4{\x12\xaf\xc8\xf8\xfd@ @oo\xefR\x22\
\x91\xb0\x8d1\xb2\xe2~oY\xe1\xa5\x94\xa2\xb1\xb1\x91\
t:\xcd\xe9\xd3\xa7)\x97\xcb\x08!\xb8\xef\xbe\xfb\xd8\
\xbe};uuu\x14\x8bE\x00\xe6\xe6\xe6\xcc\xe0\xe0\
\xa0X\x5c\x5c\x14B\x88\xf1\x9a\xbe\xdc\xf4(P\x9b\xb8\
$\x1e\xf9M\xc0\xf7\x80\x0f444\xb8===:\
\x16\x8b\xd9\xc6\x98\x9bv\xf9\xe5 \xa5$\x1e\x8f\xd3\xdd\
\xdd\xcd\xf1\xe3\xc7y\xe1\x85\x17p]\x97\x1d;v\xb0\
u\xebV\x1c\xc7Ak\x8d\x94\x92|>\xcf\xfe\xfd\xfb\
\xddS\xa7N\x85\x80\x13\xc0\x0fj\xdb\xbaY\x01\x0cW\
\x0fq\xbf\x8cW\xcb\xdf\xd1\xda\xdaZ\xea\xea\xea\x12\x8e\
\xe3(\xad\xb5\xb8^\xdc\xd5\xb4\xb1*Q\x8c18\x8e\
C*\x95\x22\x93\xc9000\xc0\xb3\xcf>\x0b\xc0\x8e\
\x1d;\xb8\xf7\xde{\xab\xb5\x81eY\xcc\xce\xce\xb2o\
\xdf>\xf7\xd4\xa9S\x96\x10\xe2\xb01\xe6\xa3\xc0ij\
\xa6\xc67k\x15\x9f\xbc\x03<\x09|YJ\x19mo\
o/uttH)\xa5\xac)R\x96#\xbf\xaa\xe7\
\xfb\xc5Q&\x93!\x1a\x8dr\xf0\xe0A\x0e\x1c8@\
4\x1a\xe5\xfe\xfb\xef\xe7\xae\xbb\xeeB\x08\x81\x94\x12\xc7\
q\xc8\xe7\xf3\xec\xd9\xb3\xc7\x1d\x1a\x1aRR\xca~\xad\
\xf5\xef\x00\xe7\xb8:W\xdd\x94\x00~\x03\x9dxY\xfe\
#\xe1p\x98\xae\xae\xaeR\x22\x91\xa8]\x8aZ\xae\xed\
U\x93\x97R\x92H$\xe8\xea\xea\x02\xa0\xaf\xaf\x8f\xa3\
G\x8f\xd2\xd1\xd1\xc1\xce\x9d;imm\xad\x16C\x8e\
\xe3p\xe9\xd2%\xb3{\xf7n3<<,\xa5\x94\xbb\
\xb4\xd6\x9f\x00&\xb8\x86\xfc\xaa:\xc1\xd5s\xf7\x87\x81\
\xef\x00w$\x93I\xb7\xbb\xbb\xdb\x84\xc3a\xb9\x82!\
\xaev\x0c^\xd1\xb3-\xcb\x22\x9dN\xd3\xd5\xd5\xc5\xec\
\xec,\xcf<\xf3\x0c###l\xda\xb4\x89\x0f}\xe8\
C\xd4\xd7\xd7S*\x95\x10B\x10\x08\x04\xb8p\xe1\x82\
\xd9\xbd{\xb7y\xed\xb5\xd7\xa4R\xea\xfb\xae\xeb>\x89\
\xf7:\xedu\xe4a\xe59@T:o*\x13\x99\xef\
H)\x9b\xda\xdb\xdbK\xed\xed\xedR)\xb5\x92!n\
\xd5\xe4\x01\x92\xc9$\xdd\xdd\xdd\x8c\x8d\x8d\xb1k\xd7.\
\xa6\xa6\xa6\xd8\xb2e\x0b;w\xee$\x12\x89P.\x97\
QJa\xdb6g\xce\x9c\xd1{\xf6\xec\x11\x17/^\
\x94J\xa9\xef\xba\xae\xfbGxo\x83\xaeK~\xa5\x1d\
\xf1\xc9K)\xe5SZ\xeb\xaf\x04\x02\x81\xe0\xfa\xf5\xeb\
\x8b\xc9d\xb2v\x19zU\xe4\xfdQ\xe4z\x13\x1a\xff\
|cc#===\x9c={\x96g\x9f}\x96\xa5\
\xa5%\xb6m\xdb\xc6\xfb\xdf\xff~\x82\xc1 \xc6\x18\xa4\
\x94\xd8\xb6\xcd\xe0\xe0\xa0\xde\xb5k\x97\x9c\x9b\x9b\xd3\x96\
e\xfdi\xb9\x5c\xfes\xbc\xd1iY\xf2+\x11\xc0'\
\x1f\x16B\xfc\x951\xe6\x89p8l6n\xdcX\xaa\
\xaf\xaf\xb7n\x90\xe5\xafG\xbe\xc2\xed\x8d\xc9[\x96E\
*\x95\xa2\xa9\xa9\x89\x81\x81\x01\xfa\xfb\xfb\x09\x06\x83<\
\xf8\xe0\x83\xdc}\xf7\xddX\x96\xe7\xb8\xfer\xd8\xd1\xa3\
G\xdd\xbd{\xf7\xaa\xf9\xf9\xf9\x82eY\x9f-\x97\xcb\
\x7f\x7fM\xff\xdf\x90\xe0\x8d\xc8\xc7\x84\x10\xdf3\xc6<\
\x1e\x8b\xc5\xca\x9b6m2\xe1p\xf8FC\xdcr\x02\
\xdc\x90|CC\x03\xeb\xd6\xad\xc3u]\x0e\x1c8\xc0\
\xc0\xc0\x00\x89D\x82\x07\x1ex\x80\x9e\x9e\x1e,\xcb\xaa\
&\xbbb\xb1\xc8\xf3\xcf?\xef\xfe\xf4\xa7?U\xe5r\
9\xab\x94\xfa\x94\xeb\xba?\xe2:\x8b\x9f\xcb\xe1F9\
@\x01\x7ff\x8cy\xbc\xa9\xa9i\xa1\xb7\xb7W\x05\x83\
\xc1\x95Z\xbeJ\xba\x86\xfd\xb2\xe4\xb5\xd6\xc4b1\xd6\
\xaf_\xcf\xc4\xc4\x04{\xf7\xee%\x97\xcb\xd1\xdb\xdb\xcb\
\xb6m\xdb\x88\xc7\xe3\xd5y\xbe\xe38\xcc\xcc\xcc\x98\xbe\
\xbe>388\xa8\x80#\x96e}\xba\x5c.\x1f\xe4\
\x06.\x7f-\x96\x13\xc0o\xa4\x03\xf8\x0d)\xa5I$\
\x12&\x10\x08X\xae\xebV3\xfdr\xd3\xd87\xc2\xf5\
\xc8\x1bc\xb0,\x8bx<\xce\xf1\xe3\xc7\xd9\xb7o\x1f\
\xae\xeb\xb2}\xfbv\xde\xf7\xbe\xf7\xa1\x94\xa2\x5c.W\
\xaf\x1d\x1e\x1e\xd6}}}2\x9b\xcd\x0a!\xc4\x0f\x8d\
1\x7fX.\x97\xcf\xb3J\xf2\xb0\xbc\x05\xfd\x86\xde\x05\
\xf4\x01i)\xa5iii\xa1\xb5\xb5U8\x8eS-\
:|\xab,\xc7\xf7\x06\xcf\xf1NV\xac\x9a\xcb\xe58\
v\xec\x18\xf1x\x9c\x87\x1ez\x88\xcd\x9b7#\x84`\
ii\xa9\xba\xc6788\xe8\x1e8p@\xcd\xcd\xcd\
\xb9B\x88o\x1bc\xbe\x8a\xb7[l\xd5\xe4\xe1\xc6!\
`\x80r,\x163\xae\xeb266&\xf2\xf9<m\
mm\xc4b\xb1\xea\xf4\xb4f\xaaY{\x9f_\xea\xbe\
!y)%\x85B\x81\x13'N\x90\xcb\xe5\xe8\xec\xec\
\xe4\xd1G\x1f%\x95JUI\x03,,,\x98C\x87\
\x0e\xb9\x87\x0f\x1f\xb6\x5c\xd7\x9d\x96R\xfe\x89\xd6\xdaO\
v7E~%\x02\x00PWWG*\x95\x12cc\
cLOO3<<\xcc\xbau\xeb\x88\xc7\xe3\x18c\
PJ\xa1\x94B\x08\xe1\x137\xd4\x84\xc8r\xb1/\xa5\
dzz\x9a\xa1\xa1!\x16\x16\x16x\xf7\xbb\xdf\xed\xaf\
\xdeP.\x97\xd1Z#\x84 \x9f\xcf\x9b\xfe\xfe~w\
pp\xd0\x02NT\x92\xdd~\xae\x88{S\xe4o(\
\x80m\xdb\x94J%\xa3\xb5\xd6\x96e)\x7f\xc5%\x9b\
\xcd222B>\x9f'\x95J\x11\x89D\xaaB\x08\
!\x8c\xff\xd6\xc6o\xc7\x0f\x13\xaduu\x96\x060>\
>\xce\xf0\xf00\xae\xeb\xb2u\xebVv\xec\xd8A$\
\x12\xa1T*U\xf3B6\x9b\xd5{\xf7\xee5\xa3\xa3\
\xa3\x16\xde\x8e\xb0'\x5c\xd7=\xc9*2\xfdM\x0bP\
\x81\x16Bh!\x84\x02H\xa5R\x84B!r\xb9\x1c\
SSS\xe4\xf3yZ[[ijj\xc2\xb6m!\
\x84\x105aq\x95\x08RJ\x94R,..2:\
:\xca\xf9\xf3\xe7\xb1m\x9b-[\xb6\xd0\xdb\xdb\xcb\xc2\
\xc2B5\xac\x1c\xc7\xe1\xcc\x993z\xdf\xbe}rb\
b\x82\xca\xeb\xad'\x81\x0b\xd4,\xb1\xbfY\xbc\xa1\x00\
\xa5R\xc9\x05\xea\x0a\x85\x82577\xa7C\xa1\x90\xd4\
Z\x13\x8dF\x09\x87\xc3LMM\x91\xcdf\x19\x1d\x1d\
\xa5P(\x90N\xa7\xa9\xab\xab\x93ZkcY\x16J\
)SY\xf2\x06\xc0q\x1cfgg9u\xea\x143\
33444\xb0q\xe3F2\x99\x0c\xb6mW]\
^)\xc5\x91#G\xdc\xe7\x9e{N-...I\
)\xbf\xa1\xb5\xfe\x16\xde\x9e\x00\x7f\xfd\xe1-\xc1r\x09\
\xca/\x82B\xc0w\x81\x8f\xda\xb6M*\x95\xd2\xf1x\
\x5c*\xa50\xc6 \x84`~~\x9e\xf1\xf1q._\
\xbeL(\x14b\xdd\xbauD\xa3Q\xbfD5\x96e\
\x09)%\x96e133cN\x9e<)\xe6\xe7\xe7\
Y\xb7n\x1d\xbd\xbd\xbd\xc4b1B\xa1\x10\xb1X\x8c\
X,F\xb1X\xd4/\xbc\xf0\x82~\xe9\xa5\x97,\xd7\
u_\xad\x94\xdf\xffZ\xe9\xd7M'\xbb\xd5\x0ap\xad\
\x08\xbf\x07|\x09H\xd7\xd7\xd7\x9b\x96\x96\x16B\xa1\x90\
\xf0-\xe6\xba.\xb9\x5c\x8e\x5c.\x87R\x8at:M\
2\x99\xc4q\x1cl\xdb6\x8e\xe3011\xc1\xd0\xd0\
\x90(\x95Jl\xd8\xb0\x81\xee\xeen\x1c\xc7!\x10\x08\
T^\x82D\xcc\x85\x0b\x17\xca\x07\x0f\x1e\xb4\xc6\xc7\xc7\
\x05\xf0\x13\xdb\xb6?S*\x95\x8e\xf1\x16\xc5\xfbj\x05\
\xa8\x15\x01\xbcwy_\x01>\xec8\x0e---:\
\x1e\x8fW\x17>\x84\x10\xcc\xcc\xcc0>>N\xb1X\
$\x16\x8b\xd1\xda\xdaZ]\xb9\x1d\x19\x19\xc1\xb2,z\
{{\xc9d2\xd5\xe9kCC\x03RJs\xe2\xc4\
\x89\xe2\xb1c\xc7\x02\xc5bqQ\x08\xf1\xb7\xc6\x98\xa7\
\x81in\x81\xd5\xaf%\xb8\x92k\xaa;7\x80\xcf\x00\
_\x14B4477\xbb\xa9TJ*\xa5\x84\x1f\x12\
\x8b\x8b\x8b\xe4r9.^\xbc\x88eY\x84\xc3af\
gg\xa9\xab\xab\xe3\x8e;\xee\xa0\xa9\xa9\x09\xd7uQ\
JQ__\x8f1F\x1f9r\xc4\x9c={VI\
)_\xb5,\xeb\xc9b\xb1\xf8\x9f\x95g\xdfR\xf2>\
\xb9\x95\xa2\xb63\x0f\x02\x7f\x09\xbc'\x12\x89\xd0\xd2\xd2\
\xa2#\x91\x88\xf4E0\xc6033C6\x9bei\
i\x89X,\xc6\xe6\xcd\x9b\x89F\xa3\x94J%\x94R\
\xfe\xb2\x95>y\xf2\xa4\xac\x88\xb5KJ\xf9\xf9b\xb1\
8\xc4-t\xf9k\xb1\xdab\xbe\xd6\x1b2x!\xf1\
1\xcb\xb2Tkk\xabnjj\x92@u\x9e^,\
\x16YZZ\xa2\xb9\xb9\xb9:\xbe+\xa5\xd0Zs\xee\
\xdc9=22\x22]\xd7-H)\xbf\xa5\xb5~\x1a\
oC\xf3[6\xc4\xad\x94\xd0\xcd\xa0\xd6\x1b~\x1b\xf8\
\xba\x10\xa2=\x1e\x8f\xebT*%\x82\xc1`5A\x06\
\x83A\xc2\xe10\x8e\xe3 \xa5\xe4\xf2\xe5\xcb\xe6\xf4\xe9\
\xd3d\xb3Y\x01\x1cVJ}\xc9u\xdd\xe7\xae\xd3\xee\
m\xc1\x9bY\xab\xafu\xd3w\xe1\x85\xc4#\x81@\x80\
t:\xed644H\xa5\x94\xb0m\x9bD\x22A \
\x10\xe0\xec\xd9\xb3\xee\xd0\xd0\x90\x9a\x9b\x9b\x03\xef\x87\x0b\
O\xe1\x156\xb7\xcd\xe5\xaf\xc5\x9b}YQ\x1b\x12Q\
\xbcWb\x9f\x13B4F\xa3QZZZtss\
3\xa5R\xc9\xbc\xf6\xdakz||\xdcVJMk\
\xad\xbf\xac\xb5\xfe>\xde.\x8d\xdbn\xf5[\x81\xdam\
\x1b\xdb\x80\xff\x00J\xb6m\x9bt:\xbdd\xdb\xb6\x01\
L4\x1a=\x96N\xa7\xefY\xe6\xbe5\x8f\xda\xed\xad\
\x12\xf8M\xe0(^\xf9\x9a\x0b\x06\x83\x7f\xd3\xdb\xdb\xeb\
\xffzcMoe\xbd\x11j\xad\x9aRJ\xed\x04\xee\
\x5c\xe6\xfc;\x16\xb5\xde\xe0C\xf2\x0e\xb6\xfar\x10\xac\
l\x0b\xfb\xdb\x86\xff\x07\xbaL;\xeb\x7f\x807\xce\x00\
\x00\x00\x00IEND\xaeB`\x82\x89PNG\x0d\
\x0a\x1a\x0a\x00\x00\x00\x0dIHDR\x00\x00\x00\x80\x00\
\x00\x00\x80\x08\x06\x00\x00\x00\xc3>a\xcb\x00\x00(\xda\
IDATx\x9c\xed\x9dy\x94\x9d\xe7]\xdf?\xcf\
\xfb\xbew\xdfg\x1f-\x96l\xcb\x8e%\xdb\xb1\x1d;\
!!)\xed\x81\x04JYB\xa1@\x13HB\x81B\
\x0f\xe5\x9f.\xfc\x9dCO\xff\xea9\xe5\x94\xa5\x87\x16\
B\x81\x12h\x8aK\xa1\xd0\x85\x94\xa5\xa7\xa4!N,\
\xdb\xb2di,\x8dF\x1aI\xb3h4\xeb\x9d\xbb\xdf\
\xfb\xbe\xcf\xaf\x7f<\xef\xf3\xce;\xa3\x19\xad3#\xd9\
\xbe\xdfs\xaeFs\xe7\xdew\xfb-\xcfo\x7f\xa0\x8f\
>\xfa\xe8\xa3\x8f>\xfa\xe8\xa3\x8f>\xfa\xe8\xa3\x8f\x07\
\x03\xf5\x9e9i\x1f\x11\x14\xe0\x01n\xf8\x7f\x1d\xbe|\
@\xf6\xeb\x02\xfa\xd8\x7f( \x01d\x81\x5c\xf8r\x81\
6P\x03\x1a@\x07\xc3\x0c{~!}\xec/<\x0c\
\xe1\x07\x81\x83\xc0\xe1\xf0\xff\x0aX\x02.\x01W\x80U\
\xa0\xcb\x1ek\x02o/\x0f\xde\xc7&X\xa9/\x03\x8f\
\x00O\x87\xafG\x81\x0a\x86\xd0\xd7\x80\xbf\xc6h\x80\x06\
\xd0\xa3\xcf\x00\xef\x0a( \x89\x91\xf4\xa7\x80\x0f\x01/\
\x01\xc7\xc2\xf7R\x18b\xe7\x809\xe0\xed\xf0\xe7\x9ek\
\xe8>\x03\xec\x0f\x5c\xa0\x84!\xfe\xb7\x02\x1f\x05\x1e\x0f\
\xdf\xf30R\xde\x00\x1c6\x0c\xc1\xdd\x90|\xcb@;\
\x1e\xab\xcf\x00{\x0f\x05\xa41\xeb\xfdK\x18\xe2?\x05\
\x141\xcf?\xc0\x18\x7f\xcb\x98\xf5\x7f\x1aX\xc1\xac\xff\
\xdb\x19\x81\xb7#\xaa\x8a\xbd\xdc\xf0\xbd\x80\x1d\x98\xaa\xcf\
\x00{\x0f\x07\xc8c\xd6\xfa\xe7\xc2\x9fq\xe27\x80Y\
\xe0\x0c\xf0\x0a\xf0\x16\xb0\x88\xf1\x02,\xc1,1\x9d\xf0\
\xa7f\x83\xa8q&Q\xe1gR\x18\xa6\xcb\x84\xc7h\
\x85\xaf\x9b\x98\xaa\xcf\x00{\x0f\x07(`4\xc0\xc1\xf0\
\xff\x0e\x86\x80\xeb\x18\x89\x7f\x95\x0d\xe2\xcf\x02\xf5\xf0\xef\
\xb0\xa1A\x8a\xc0\x00\xc6Nhc\xbc\x845\x0cau\
\xec\xb3\xd6\xd68\x08\x0c\x85\xef/\x84\xc7]a3c\
\xf5\x19`\x1f\xe0b$\xb2\x80q\xff\xec:\xdfb\xc3\
\xea\xff?lH\xbe%\xa8`\x08\x9a\xc1\x10\xf39\xe0\
Y\x0cQk\xc0\x04\xf0\x06p\x19\xc30\xc2\x06\xb3\x1d\
\x05>\x88125p\x018\x89\xd1\x00~\xf8\x02\xfa\
\x0c\xb0\x1f\xb0k\xb6\xcf\x06\x01\xc0H\xef$\x860o\
a\xac\xfe\xad~\xbf\x8b\x91\xfa\x0f\x01\xdf\x07\xbc\x80\xd1\
\x04m\xe0<\xc6}\xfc2\xc6v\xe8\x84\x9f/\x00\x8f\
\x01/\x02'\xc2\xe3U0L\xb3\x88a\x96>\x03\xec\
#\x02\x8cT\xaf`\x080\x86Q\xd3\xd71\x0cp\x99\
\x0d\xa3o\xab\x91\xe6a\xa4\xffc\xc07\x03\xa3\x18)\
\x17\x0c#t\x80\xab\x18\x15\xdf\xc50@\x06\x18\x01\x0e\
\x00\xc3\xe1{\x1d\x8cV8\x0b\xccc\x98R\xec\x09\xfa\
\xd8[h\x8c\xd4]\xc1H\xba5\xd2.a\xd4\xf8\x0d\
\x8cDo\x87\x04\x86a\x8ea4\x81\x13\xbe\xaf0\x86\
\xe5\x93\xc0\x13\x18-R\x0d\xff\xe6\x86\xdfKc\x18\xcd\
\x06\x9f\x861L\x93\x88\x9f\xa0\xcf\x00{\x0f\xcb\x00\x97\
1\xcf{\x1eC\x98yL\xc0g\x95\x9d\x93?N\xf8\
\xd9,\x1b\x84S\xb1\xbfe0DM\x87\xef\x07\x98\x80\
\x92\xf5\x10\xacW\x90\xc6,\x0d\xb9\xf0\x1a\xfa\x1a`\x1f\
\xa11\x12\xbe\x80Q\xc5\xd70Di`\xec\x80\x06;\
'}\xec\xb2`\x8dG\xd80\x0em\xf0\xa8\xca\x16\xcb\
\x9e\x9b\xfd~\x0f\xc3,i62\x8f\xd1\x1f\xfa\xd8{\
X\x7f\xbf\x8bY\xef\x1d6\xac\xf1\xed\xa4\xdf\x12\xb8\x00\
\xbc\x1f8\xc4\xe6\xb0\xb0\x84\xc7y\x0bc\x0c\xd6\xd9\xf0\
\x18Jl\xa8z\xab\x01\xecKm9N\x9f\x01\xf6\x11\
\x1a#\xa9\xbd\xf0w\xd9\xf23\x0e\xc1\xac\xd9\x7f\x1f\xf8\
!6\x92E\x1a\xa35f0\x81\xa3\xbf\xc4\xd8\x11-\
\x0c\xf1\x0f`\x12L\xef\xc3\xc4\x02\x92l0S/|\
\xf5\x03A\x0f\x18w\x92\xe3\x1f\x05~\x14\xf8iL\xe4\
Pa\xa4\xfc\x15\xe0\xaf0\x96\xff\x0c\xc6\x90\x5c\xc4\x10\
x\x00\xe3\xf6}\x13\x86\x09\x061Z\xc02^-<\
\xc6\xa6\x0cc\x9f\x01\x1e>\x1c\xc2\x10\xff'1\xae\x9b\
`\xd6\xf9?\x01~\x0d\xe3:Zi\xb6E#9\x8c\
\xeb\xf7\x14\x86\x09F\xd90\x0c\xbb\x98:\x83k\xe1\xcf\
M\xeef\x9f\x01\x1e\x1e(\xe0\x08\xf0\xe3\xc0g1\xfe\
\xbf`\x92D\xff\x05\xf8U\x8c\xba\xdf\xbat\xb8l\x14\
\x99T0v\x83\x8b\xb1;\xba\x98x\xc3\xb9\xf0u\x83\
>\x03<\xb48\x0a\xfc\x14\xf0\x19\x8c\x04\x83q\x15\x7f\
\x0f\xf8\x020\xc5\xce\xf6\x82\xcd(\xae`\x88\x9c\xc2\x18\
}K\x18\xc2\x7f5\xfci]\xce\x08}\x06x8p\
\x04\xa3\xf2?\x83\x09\xfch\xcc:\xff\x1f\x81\xdf\xc2\xa8\
\xef\x9d\xd2\xbf\x82\x91\xeaE\x8cW\xe0a\x96\x91\x00\x93\
\x00\xb2\xd2?\xc7\xe6\xc4\x11\xd0\xaf\x09\xdcKl}\xb6\
\xdb\x11\xd0\xaa\xfd\x9f\x04>\x87!\xbe`2\x84\xbf\x0e\
\xfc\x0eF\x85\xdf\x0e\x1e\xc6\x0e\x18\x0a\x8fQ\xc4H\xfa\
2F#\xacb\xec\x05\x7f\xa7\x03\xf4\xb1{\xb8\x95P\
\xa9-\xff\x7f\x14\xf8W\x18\xe9\xeca$\xf9<\xf0O\
1F\xdd\xdd\x9c3n\x07\x0cc\xbc\x82<\x1b\x91\xbf\
>\xf6\x11\x19L\xc9\xd7\x071)\xdc\x11n^n\x0f\
\x02\xff\x12\xb3\xce\xfb\x18\x06\x98\x02~\x8e\x0d\xe2\xdf-\
\xe1l\xe0\xc7eK\xc4o'\xf4m\x80\xdd\x85\xc2\x94\
y\x7f\x02\xf88\x86\xc8-\x8cT\x7f\x05S\xf81\x83\
\x91\xd2Oc\xdc\xbda\x8c\xda\x9f\x05~\x03\xf8\x22F\
m\xc3\xdd\xd7\x05\xca\xdd~\xa7\xaf\x1a\xee\x1f6\xd2\x96\
\xc0\x14m|\x06\xf8n\xe0 \x0a\x0f\x89\x8c\xb4k\x84\
\x81\x1c\xc7q\x0ei\xad\x7f\x04\x93\xb7W\x98u\xfe\x0b\
\x18?\x7fn\xffo\xa1\x8f{\x85\x15\xa0\x02\xf0\xbd\xc0\
\x7fc\xc3\xd5jcJ\xbe\x1a\xe1\xef\x1a\xe88\x8e\xb3\
\xe88\xce\x1a\xc6J\x0f0\x04\xff\x17\xc0x\xec\x98\xfb\
&\x98\xfd%\xe0\xfe \x18\xab\xfb\x93\x98\x00\xce\xfb\x81\
$\x0a\xc9\x94\x13\xbax \xdb\x0d\xeaJ\xd5o\xb4U\
\xb7\xd3Ih-\x09\x11\x19\x121ZZ)\xa5\x13\x89\
D\x90\xc9d\x92A\x10T\xea\xf5\xfa\x12\x1b\xb9\x02\xb8\
\x83\xb2\xee\xfbE\x7f\x09\xb8wx\x98\x82\x8c\x1f\xc1$\
l\x8e\x02\xae\xe3))>\xe1\xe9C\xdf\x91\xe9\x0d<\
\x9e\xf7\x83+\xe9\xde\xda\xab\xb0<\xd5HVWj\xc9\
N\xbb\xedj\xadm\xb9\xb6\xb8\xae\x1b$\x12\x89n\x22\
\x91\xb8\x08\xfcq\xab\xd5\xfa\x13\xdf\xf7/`b\xf7A\
\xec|{\xc2\x0c}\x06\xb8;\xd8\xf5>\x0d|\x18\xe3\
\xbf\x7f\x07\xc6\xe5\xc2K;\x0c\xbd\x94\xd2\x87>\xa7\xa8\
|\x18\xe5\xfa\x09\xf4\x85\x82\xdf;Y\xf6[g\x92R\
\xbd\xd6R+K+\xde\xfa\xfa\xba\xd7\xe9t\x94\xd6\xda\
\x96w\xe1\xba\xae\xf2<O\x94R\x17\x82 \xf8\xf3^\
\xaf\xf7UL\xc6o\x06\xb3\x94l-\xff\xde\x15F\xe8\
3\xc0\x9d!\xfe\xc0+\x18\x0b\xff\x1f\x02\xdf\x8c\x22\x8b\
@*\x93\xd4#\xcf\xe7\xf4\xa1\xcf*U\xfax\xdbq\
\xca\xbe\xa2\xe1\xe2O\xe6%\xf8\xfa\xa0\x0e\xde*\x05z\
1!\x9dz\x8fF\xa3\xa1j\xb5\x9aS\xaf\xd7\x9df\
\xb3\xa9\xba\xdd.ZkD\x04\xc7\x00\x11\xb9!\x22\x13\
\x22\xf2\xaa\x88\xbc\x02\xbc\x89\xb1\x17\x9a[\xae\x0b\xee\x83\
\x19\xfa6\xc0\x9d\xc1Z\xf9\xef\xc3T\xe7\xfe\x00p\x5c\
)\x92\x00\xd9JF\x8f\x1f\xaf\xe8\xb1\x0feI\x97[\
\x8aZ\xa0$!\xa8\xae\x0b\xbe\xab\x08PJ\xc4u\x1c\
E&\x93\x22\x9dN\xabR\xa9$\xddnW\x9a\xcd&\
\xf5z\x9dZ\xad\xa6Bf\xd0\xbe\xef+\xa5\xd4\x88R\
j\xc4q\x9c\xbf\x01\xcc\x89\xc8kZ\xebW\x80\xd70\
\xa5d\xb6\x10\xd4\xe2\x9e\xb4B_\x03\xec\x8c\xf8\x03\x1d\
\x00\xfe&f\xbd\xff\x180\x8c\xc2q=GJ\x8f\xa7\
\xe5\xc0G\xf32\xf0h^<I(\x95\xd3\xca\x19o\
\xe1\x0ct\x15\xbeCp-+z\xa2 \xfajV\xa4\
\x9aP\x04J)\xa5\x22\xc9UJ\xa1\xb5V\x9dNG\
\xea\xf5\xba\xaaV\xabT\xabUZ\xad\x16A\x10\xa0\xb5\
V\x8e\xe3\xa0\x94BDj\x222%\x22\xdf\x00\xbe\x06\
\x9c\xc6\xd4\x04T\xb9G-\xd0g\x80[#\x05\x1c\xc7\
H\xfd'1\xf9\xf6\x94\x02\x129O\x86>\x98\xe4\xd0\
\x0f%(\xbd_)\xa7\x95 \x98\xce\x89\x9e\xcd@\xcf\
A\xa5\x03\x08\x1c\x91\xe5\x04r#%z-\xa9\xe8\xb8\
J\x99Gn\xfeQ\x0a\xc7q\x88\x11X\xf9\xbeo5\
\x82\xd4j5\xd6\xd7\xd7#f\x88}\xaf#\x22\xd7E\
\xe4\x02&\xb6\xf0\x17\x98%\xe2\xae\x19\xa1\xcf\x00\xdb\xc3\
\xc5D\xf1>\x0e|?\xa6\xca\xa6\x02(\xc7qT\xbe\
\x92\xd1#\x1f\xce0\xfe\xa9@\xe5>\xdcVNN+\
j\x9e\x04\xe7\x0b\xf4\xde(\x8b\x5c\xc9j\x9a\x9e\x10(\
\x91\x8e\xabh;J\xba\x8eBo\x92~\x1c\xc7\x89\xa4\
\x1b\xa3\x0d\xa2\xbfi\xad\x09\x82\x80F\xa3!\xeb\xeb\xeb\
\xd4j5\xea\xf5\xba\xb4Z-\xe5\xfb~\xf49\x11Y\
\x17\x913\xc0\x9fbJ\xc4\xce\xb2Q\x22~[\xf4m\
\x80\x9bQ\x00>\x02\xfc \x86\x01\x0e\x11v\xd9&S\
I)\x0f\x94\x82\xb1\xe3e*\xdf$*=^U\x8e\
R\x0aQ\xe0\x80x\x22\x8e\xa0\xfd\xa6\xa7e-\x19\xd0\
U\x0e\xe2\xa0D\x14\x1a\xb6\x12\xdf\xfe*\x22\x88\xc8&\
at\x1c\x87d2I&\x93Q\xc3\xc3\xc3\x04A \
\xedv[\xad\xad\xad\xb1\xb2\xb2\xa2WWWi4\x1a\
\x0a(:\x8e\xf3Q\x11yZD>\x01\xfcwL\xf5\
\xd0E\xee \xfb\xd7\xd7\x00\x9b\xd7\xfaq\x8c\xba\xff\x0c\
&\xac\x9b\xb5j:\x9b\xcd\xca\xe0\xd0\xa0\x1e\x1c\xaeH\
v\xdcS\xdecm\xe5>]W\xee\xd1:*\x1f\xa0\
\x9b.\xfaRN\xeb\xb7\x8aZO\xe7}j\x1e\x04(\
p\x5c@\x89\x88\xb3\x13\x03\x80a\x82\x9b.L)\x5c\
\xd7%\x99L\x92J\xa5H\xa5R\xe2\xba.\x9dN\x87\
\xc5\xc5E\xae^\xbd\xca\xc2\xc2\x824\x9bMGD\xec\
2\xb2$\x22\x7f\x81\xc9)\xfc\x15\xc6\x85\xbc\xe5\xcd\xf7\
a4\xe1qLr\xe6\x0719z\x15\x12_e\xb3\
YFFF\xa4\x5c.\x93Hz\xb8)%nE\xe3\
\x1cl+\xe7@G\xab|\xa0h;\x22\x0b\xe9@\xe6\
\xd2ZV\x93\xd0q\x10\xa3\xf2\xddP\xba#\xf5\xaf\xc2\
\x95 $\x18\x10i\x81\xe8\x82\xec\xdf\x1d\xc7\xc1\xf3<\
R\xa9\x14\x99L\x86l6K&\x93\x01\xa0V\xab\xc9\
\x95+W\xb8|\xf927n\xdc\xa0\xd3\xe9Xz\x06\
\x22\xf2&\xa6\xa0\xe4\x0f1\xb1\x84m\x8bQ\xfbK\x80\
\xa9\x9e\xfd\x16\xe0G\x95R\xdf\x06\x94D\x84D\x22!\
\x9e\xe7\xd1n\xb7i6\x9b\xac\xae\xae*\xa5\x14\xb9\x5c\
\x8e\x94N)\xd1J\x9cfF\xd4\xf5\xa4\xb8i\x11\xa5\
\x1d\x91\x8e+4<\xa4\xeb8\x88B)\xe5\x88\x88R\
J9\xb1\xf3\xc5\xd7\xefM\x0c\x10\x87\xfd]k}\xd3\
KDH\xa5R\x0c\x0f\x0f\xabb\xb1\xc8\xd8\xd8\x98\x5c\
\xbcxQMMM\xc9\xfa\xfa:a\xa4\xf1\x03\x98L\
\xe3ALU\xd1y6G\x16\x81\xf76\x03d1\xb1\
\xfb\xefQJ}/F\x03\xb8\x80\x84\x0fW\xb2\xd9\xac\
\xbaq\xe3\x06\xd5j\x95\x95\x95\x15\xea\xf5:\xd9l\x96\
b\xb1H\xa1X$\x9b\xcd(\xaf\xe19\xda\x05\xc7u\
\xc5\x11%\x88\xe3(P\x22(1v\xdd\xd6\x22\x90\x08\
;\x11?\xfe\xf7-v\xc2MZ\x22\x95J1::\
\xaa\xd2\xe9\xb4\xe4\xf3y&''Y\x5c\x5c\x94^\xaf\
'J\xa9\xc3\x22\xf2\x19LX\xf9\xdfa\xca\xc66\xe1\
\xbd\xca\x00#\xc0\xf7\x00\x9fVJ}\x10(\x84Q8\
\x9d\xcf\xe7\x19\x19\x19app\x90D\x22A>\x9f\x97\
\xc5\xc5E\xb5\xb2\xb2B\xab\xd5bmm\x8d\xf5\xf5u\
\xd2\xe9\xb4\xaaT*\x0c\x0c\x0c\x90\xc9\xa4q]\xa5\x8c\
U/\xe28N\xa4\xea\xb7;\xf9V\xd5\x7f+\x88\xc8\
M\xd2o\xbf\x13F\x0c\xad\x8d\xa2\x1ey\xe4\x11\x92\xc9\
\xa4\x5c\xbe|Y\xe6\xe6\xe6t\xbb\xddFD\x8a\x98<\
E\x9e\xf70\x03XC\xcf\xc1T\xea|\x1a\x13\xd49\
\x16\xaah\x9dL&U\xa5Rall\x8cB\xa1\xa0\
\x5c\xd7ED\xc8f\xb3\xea\xe0\xc1\x83T*\x15l\x90\
\xa6\xd1h\xd0l6i\xb7\xdb\xd4\xea55P\x19\xa0\
T*\x91J\xa5\x94\xe7y\x02D\x92k\x97\xfd\xe8B\
nc\xf8\xed\x84\x9d>k\x0dE\xc7qp]\x97B\
\xa1@>\x9f\xc7u]\xa5\x94R\x8e\xe34\xb5\xd6W\
1Z\xe0&\xbc\x17\x18\xc0\x12?\x8b\xf1\xe7?\x0b|\
'\xa6\xf4Z\x5c\xd7\xd5\x85B\x81\xc1\xc1A=88\
\xa82\x99L\x5cp\x95\xeb\xba(\xa5(\x14\x0ad\xb3\
Y*\x95\x0a\xf5z\x9d\xb5\xb55\xaa\xd5*\xeb\xd5u\
\x9a\x8d&kkkT*\x15J\xa5\x92J\xa7\xd3\x11\
Q\x1c\xc7,\xff[\x09\x7f7\xc4\x8f\x7fo\xc7\x9bT\
\x8aN\xa7\xc3\xd5\xabW\xd5\xf4\xf4\xb4\xaa\xd7\xeb\x122\
w\x96\x8d\x06\xd5\xf8\xf3\x00\xde\xdd\x0c`oT0\x86\
\xdew\x00?\xa5\x94\xfa\xb0\x88\xa4\x00\x9dJ\xa5\x18\x1c\
\x1c\xd4###\x14\x0a\x05\xc7u\xddM\xeb\xb5%\x9a\
\x0d\xd6(\xa5\xc8f\xb3\xa4\xd3i\x8a\xc5\x22\xab\xab\xab\
,//G\x0cQ\xaf\xd7\xa9V\xab\x0c\x0f\x0fS,\
\x16\xf1</b\x84\xf0\x80\x9b\xd6\xf5\xbb\xba\x99\xf0\xfc\
\xf1W\xfc\x98\xb5Z\x8d\x0b\x17.p\xe1\xc2\x05j\xb5\
M\xc2\x9e\xc0\xf4\x08n\xcb=\xefV\x06\x88\x97i\x1d\
\x03~P)\xf5i\xe0I\x11Q\x8e\xe3\x04\xa1k\xc7\
\xf0\xf0\xb0J\xa7\xd3\xb74\xd6\xec\x9f,1\xb5\xd68\
\x8e#\xa3\xa3\xa3\xca2\xc2\xca\xca\x0a\x8dF\x03k+\
\x8c\x8e\x8e200@2\x99\xbcI\x1b\xdc\xf3M\xc5\
\x08\x0f\x1b\x9aduu\x953g\xce\xf0\xf6\xdbo\xd3\
j\xb5\xb62\x98\x1dAg\x83B\x9b\x18\xe1\xdd\xca\x00\
\xb6Y\xf2[\x80O)\xa5>\x01TDD\xbb\xae\xab\
\xcb\xe5\xb2\x1e\x1b\x1b\xa3\x5c.\xabD\x22\xe1n\xf9\xee\
\x8e\x86\x9bE\x9c\x11r\xb9\x1c\xe9t\x9aR\xa9\xc4\xf2\
\xf22KKK\xb4Z-fggi4\x1a\x0c\x0c\
\x0cP(\x14H&\x93\x9b\x8es\xa7Z \x1e\x0f\x88\
k\x22\x00\xdf\xf7YXX\xe0\xf4\xe9\xd3LMM\xd1\
n\x1b-\xefy\x1eJ)\xe9\xf5z\xcaq\x9cv\x10\
\x04\xabl\xe3\x02\xc2\xbb\x8b\x01\xe2\x86\xde\xa3\x98\x80\xce\
\xa7\x95R\xc7\x01ODt2\x99\x94\xc1\xc1A\x09\x0d\
=\x93x\xdf\xfc\xfd\xdb\x9fd\x1bFp\x1c\x87|>\
O*\x95\x22\x9b\xcd\xb2\xb0\xb0@\xbd^gqq\x91\
\xf5\xf5u\xca\xe52\x95J\x85B\xa1@*\x95\xc2\x1a\
\x98w\xcb\x04q\xe2\xb7\xdbmfff8}\xfa4\
\xb3\xb3\xb3\xf8\xbe\x11\xf0L&\xc3\xe0\xe0\xa0^__\
\x0fz\xbd\x9e\x1dG\xb7\xe3\xf8\xf9w\x13\x03\x08\xc6\xd5\
\xf9\x10\xf0)\xe0\xbb\x80q\x11\x11\xc7q\x82B\xa1\xa0\
\x87\x87\x87\x09\x0d=w'\x17\xedN\xb1%\xac\x1b\x11\
gpp\x90t:\xcd\xd2\xd2\x12kkkt:\x1d\
\x16\x16\x16X[[\xa3P(P\xa9T(\x97\xcbX\
C\xf1V\x8c`%\xdfu\xddM\xf6D\xb3\xd9dz\
z\x9a\xb3g\xcf\xb2\xb4\xb4\x14\x1d#\x97\xcb\xf1\xe8\xa3\
\x8fJ6\x9b\xd5\xf5z\xddF\xfe\xe2\xc3&o\xc2\xbb\
\x85\x01l=\xfe'\x81\x1f\x06\x9eWJ\xe5B\xa9\xd7\
\x03\x03\x03ztt\x94|>\xefx\x9e\xe7\xdcj\xbd\
\xbf\xeb\x13\xc7T\xba%X\xb1X$\x93\xc9P\xa9T\
X[[cmm\x8dv\xbb\xcd\xd2\xd2\x12\xab\xab\xab\
\x14\x0a\x05\x86\x87\x87)\x97\xcbQXw;&p\x1c\
\x87D\x22a\xf3\x00$\x93I\x1a\x8d\x06SSS\x9c\
?\x7f\x9e\xf5\xf5\xf5\xe8sCCC\x1c;vLF\
GGeuuuk\xd8w\xc7{|'3\x80U\
\xf9.\xa6'\xfe\xc71\xa9\xdb\x83\x84\xc3\x18\xf3\xf9|\
0<<,###*\x95J\xdd\x93\xca\xbf\xa3\x0b\
\xd9\xb2,\xc4%7\x93\xc9P*\x95X__g}\
}\x9dv\xbb\xcd\xda\xda\x1a\xb5Z\x8d|>O\xa8\x95\
H\xa7\xd3\x9b\x8ea\x93@\x99L\x86\x5c.G2\x99\
\xa4Z\xadr\xf6\xecY\xa6\xa7\xa7i6MeX\x22\
\x91\xe0\xc8\x91#\x1c?~\x9c\xa1\xa1!\x15\x04\x81\xac\
\xaf\xaf\xc7\xafIb\xaf\x9b\xf0Nf\x00\xeb\xdb\xc7\x8b\
3K\x18\xdf]\x97\xcb\xe5`ll\x8cR\xa9\xe4$\
\x12\x89]\x95\xfa\x9d\x10w\x1b\xc1X\xe9\xc9d\x12\xc7\
q\x22\x8d\xd0h4\xa8V\xab\x91\xcbX\xab\xd5X^\
^\xe6\xc0\x81\x03\x91\xd7\x90H$H\xa7\xd3d\xb3\xd9\
\xc8\xb6XZZ\xe2\xf4\xe9\xd3\x5c\xbe|\x99n\xd7T\
\x82\xe5\xf3y\x9ex\xe2\x09\x9ey\xe6\x19*\x95\x0a\xbe\
\xef\xd3n\xb7\xed\x92tG]B\xefd\x06\x18\x03\xfe\
\x0e&u\xfb\x12\xa6\x1fO\xa5\xd3i\x19\x1a\x1a\x0aF\
GG\xc9f\xb3\x8e\xeb\xbav8\x92\xc5\x9eg@-\
#x\x9e\xb7\xc9>\xb09\xfeB\xa1@\xbd^gy\
y\x99F\xa3\xc1\xea\xea*\xadV\x8bf\xb3\xc9\xa1C\
\x87l@\x89l6K\x22\x91`aa\x81\xd7^{\
\x8d\xe9\xe9i\xba\xdd.\x8e\xe3P\xa9Tx\xf6\xd9g\
y\xfa\xe9\xa7\xc9\xe7\xf3\x04A\x80\x88l\x8a;l\xbd\
\xac\xed\xde|'1\x80U\xf9)\xe0\x19\x8c\x95\xffI\
L{\x95\xe78\x0e\xb9\x5cN\x8f\x8d\x8d\x05\xc3\xc3\xc3\
*\x91Hx\xdb\x18z\xfb\x9a\xfe\x8e\xa7s\x95R\x04\
A\x80\xef\xfb$\x12\x09J\xa5\x12\xb9\x5c\x8e\xb5\xb55\
\x96\x97\x97i\xb5Z\x5c\xb9r\x85Z\xad\x86\xef\xfb\x14\
\x8bE\x5c\xd7eff\x86\xd7_\x7f\x9d+W\xae\xe0\
\xfb~\xb4\xde\xbf\xf8\xe2\x8b\x1c?~\x9cl6\x1b\xaf\
(\xb6\xaf\xb8\xf4\xdf\xf2\x9e\xdfI\x0c`U\xfe'0\
%\xd9\x1f!\x9c\xbc\xedy\x9e\x94J%=>>\xae\
\xcb\xe5\xb2\xbb\x8d\xd4\xb3\xcd\xef\xfb\x02\xcb\x04q_\xde\
\xf7\xfd\xe8\xf7\xa1\xa1!2\x99\x0c\xab\xab\xabT\xab\xd5\
\xc8{X\x5c\x5cdhh\x88\x99\x99\x19\xe6\xe7\xe7\xd1\
Z\xe3\xba.\xa3\xa3\xa3|\xe0\x03\x1f\xe0}\xef{\x1f\
\xe9tz\xa74\xb2\xc4\xde\xb7\xadf\x0f\xad\x0dp\xa7\
\xb5\xed%L\xd3\xe5\xcfbr\xdd\xaeRJB\x95\xaf\
GFFT6\x9b\xf5\xc2L\xdcV\xe1\x7f\xa0\x85/\
[\xfdx\xc7q\x22m\x00Dy\x86\x5c.\x17E\x14\
/^\xbc\xc8\xa5K\x97\x00CT\xcf\xf38|\xf80\
/\xbe\xf8\x22G\x8f\x1e%\x95JE\xc7\x8eg\x0a\xc3\
\xffk\xcb\x08`\xaa\x8f\xb4\xde~8\xd9\x03e\x800\
Y\x01\xb7&\xbe\xc2X\xf6?\x08\xfc\x18\xa62\xd7U\
JI\xb1X\x94\xb1\xb11\x19\x18\x18P\xc9d\xd2\x85\
mS\xb0\x0fM\xd5S\x5c\x0bX/\xc1\xc6\xf2\xb5\xd6\
\x91\xbb7??O\xbd^Gk\x8dR\x8at:\xcd\
\xd1\xa3Gy\xfe\xf9\xe79|\xf8p\x14U\x84\x8dp\
\xb0-\x22\xd5Zk\xdf\xf7\x03\xadu\x5c\xeaw|\xbe\
\x0f\x8a\x01\xe2j\xe9V\xc4O`\x06,\xfc\x08\xf0\xf7\
0\x8c\x80\xe38\xaaR\xa9\xe8C\x87\x0eI\xb1XT\
\x8e\xe3l\x0d\xe7\xc6\xcf\xf3P\xc1\xf2g2\x99\x8c\xdc\
\xbcD\x22A\xb7\xdb\xe5\xfa\xf5\xeb\xd4j5:\x9dN\
\xf4\xf9\x5c.\xc7\xf1\xe3\xc7y\xe6\x99g\x18\x1e\x1e&\
\x91H\xdct\xcc \x08\x08\x82\x80^\xaf'\xd5jU\
\xe6\xe7\xe7U\xbb\xdd\xb6\x03\x22ZJ)\xbb\x9f\xc0M\
\xd8w\x06\xf8\xfc\xe7?\xef\x9c;wN\xbd\xfc\xf2\xcb\
:tUvB\x09\xf8[\x18\xa9\xff\x96\xf0w\xe5y\
\x1e\x03\x03\x03r\xf0\xe0A\x0a\x85B\xe4\xde=\xcc\x92\
\x1f\x875\x0a3\x99\x0c\xe5r\x99R\xa9\x04\xc0\x95+\
W\x98\x9b\x9bcii\x89^\xaf\x87R\x8aR\xa9\xc4\
\x89\x13'\x227\xcfj\x0c{\xabZk|\xdf'\x08\
\x02\xba\xdd.+++211\xc1\xe5\xcb\x97S\x9d\
N\xc7QJ\x89\xd6\xfa\xbc\x88\x5cbcx\xf4\x03M\
\x069\x00/\xbf\xfc\xf2\xedv\xc5\x1a\xc1H\xfcO`\
\x82<\x09\x8c\x8b\xc7\xd0\xd0\x90\x1e\x1b\x1b#\x9b\xcdZ\
\xe2o\x17\xd5}h\x89o\x8b;\xcb\xe52\xe5r\x19\
\xd7u9w\xee\x1c'O\x9edqq\xd1f\x1a\x19\
\x1a\x1a\xe2\xd9g\x9f\xe5\xd8\xb1c\xe4\xf3\xf9\x9br\x01\
q\xb5\xdf\xedvY\x5c\x5c\xe4\xad\xb7\xdebzz\xda\
\x0d\x93B\x8e\x88\xcc`\xfa\x05\xae\x84\x97p\xd33\xdf\
\xb7\x07\xf5\xf9\xcf\x7f\xde\xf9\xf9\x9f\xff\xf9;\x09N\x1c\
\xc0\xf8\xf6?\x81I\xea8a\xa5\x8b\x8c\x8c\x8cH\x18\
,Q\xef$\xc9\xb7U;6Yd%\xdfq\x1c\xce\
\x9e=\xcbW\xbe\xf2\x95(\xac\xab\x94b|||\x93\
\xb1g\xed\x05\xab\x01`C\xfa\xdb\xed6\xb3\xb3\xb3\x9c\
:u\x8a+W\xaeH\xa8=\x94\x88\xccc\x8aA\x7f\
\x0d\xc3\x00\xdb>\xf7\xfdzX;\xba!1\xb8\x98~\
\xfb\xcfa\x86$\x1f\xc2D\xf5\xd4\xe0\xe0\xa0\x1e\x1f\x1f\
\x97B\xa1@\xe8\xe2\x99\x83\xde{t\xef\x8e|\xe4\xdd\
\x80R\x0a\xcf\xf3H\xa7\xd3\xe4\xf3yJ\xa5\x12\xf9|\
\x1e\x80\xc9\xc9I\xbe\xfa\xd5\xaf\xb2\xb4\xb4\x14\xa5\x97K\
\xa5\x12\x1f\xfb\xd8\xc78v\xecX\x14H\xb2\x89\xa0\xf8\
\xed\xc6\x89o\xe3\x04a!\xa8\x02\xae\x89\xc8\x17\x80\xdf\
fC\xfa\xb7\xc5~-\x01\xb7#~\x1e\xf8\x1b\x18\xe2\
\x7f\x1b&\x97\xaf\xc2\xea\x5c=::J.\x97\xbb\x95\
\xd4\xdf\xcb\xb5\xec9\xf1m2\xc7\x86t\x8b\xc5\x22\xb9\
\x5c\x8en\xb7\xcb\xdbo\xbf\xcd\xeb\xaf\xbf\xce\xf2\xf22\
`$:\x9f\xcf\xf3\xc2\x0b/\xf0\xd8c\x8f\x91H$\
6\xd5\xfbm\xb7\xf6\xcf\xcd\xcdm\x22~\xe8\x02Oj\
\xad\xff-\xf0\x9f\xb9\x83\x19\x83\x0f:\x0e\xa00\xb5y\
\xdf\x8d1\xf6^\xc4D\xfaH&\x93\x8c\x8d\x8d\xc9\xd8\
\xd8\x98\xa4\xd3\xe9M\x8d\x15\xdb\x1c\xe3N\xb1o\xc4\xb7\
R\x9f\xcb\xe5\xc8\xe7\xf3\xe4r92\x99\x0c\xb5Z\x8d\
\xb3g\xcfr\xfa\xf4i\xd6\xd6\xd6\xa2\xcf\x0e\x0f\x0f\xf3\
\xdcs\xcf\xf1\xe4\x93O\x92N\xa7w$>@\xaf\xd7\
\xe3\xea\xd5\xab\x9c<y\x92\xabW\xaf\xe2\xfb\xbe%\xfe\
Y\xad\xf5/\x00\xff\x153V\xfe\xf6\xd7\xb9\xebw~\
{\xd8\xe5\xc0\xc3\xf4\xdb\x7f\x0ac\xf0=J\x18\xd2\xcd\
d2222\xc2\xe8\xe8(\xa9T\xca\x81]Y\xeb\
\xf7\x85\xf8J)\x92\xc9$\xd9l\x96B\xa1\x10\x05y\
\x5c\xd7eii\x897\xdex\x83\x0b\x17.\xd0h4\
\xa2\xba\xfe\xc7\x1e{\x8c\xe7\x9e{\x8e\xf1\xf1\xf1ME\
&6n\x10G\xaf\xd7\xe3\xf2\xe5\xcb|\xfd\xeb_g\
vvV\x82 \xb0k\xfe)\x11\xf9\x05\xcc\xa0\xaa[\
\xb6\x83\xc5\xf1 \x18\xc0\x86t?\x82Q\xf9\xdf\x0e\x0c\
)\xa5\x94\xe7y\xaaT*\xc9\xc8\xc8\x88T*\x15<\
\xcf\xdb\x0d\xa9\xb7\xe7\xdcs\xc4\x93=\xe5r\x99B\xa1\
\x10\x85k\x17\x16\x168y\xf2$\x93\x93\x93t:\x1d\
\x1c\xc7\xa1T*\xf1\xd4SO\xf1\xf4\xd3O300\
\x10\x1d\xc3\x12=N|\xa5\x14\xddn\x97\xc9\xc9I\xbe\
\xf1\x8do0;;+vv\x80\x88\xfc\xb5\x88\xfck\
\xe0\x7fc\xf6\x04\xb8c\xec\xb7\xc5\xac0Y\xbc\xef\xc2\
\xf4\xe1}\x00\xc8\x85\xd1.5<<,\xc3\xc3\xc3\x92\
\xcb\xe5Tx\xf3{A\xfc=\xb9gk\xe5\x97J\xa5\
\x88\xf8\xa9T\x0a\xdf\xf7\xb9r\xe5\x0a\xaf\xbf\xfe:\xd3\
\xd3\xd3t:\x1d\x5c\xd7e||\x9c\xe7\x9e{\x8ec\
\xc7\x8e\x91\xcb\xe5\xa2\xaa\x9ex\x05\xb1\x8d\x12\x02t\xbb\
]\xce\x9f?\xcf\xab\xaf\xbe\xca\xfc\xfc\xbch\xad\x95\xeb\
\xba~\x10\x04\x7f.\x22\xbf\x08\xfc_\xccP\xca\xbb\xc2\
~2\x80\x87\x09\xe3~\x16S\xb8qD)\xe5\x86\xf5\
t2::*\x03\x03\x03\xa4R\xa9\xed\x0c\xbd\xdd0\
\xfav\xe3X7\xc1\xae\xd5\xb6\xf0\xa3R\xa9\x90\xcb\xe5\
\xa2\xe8\xde\x85\x0b\x17x\xed\xb5\xd7\x98\x9f\x9f'\x08\x02\
\x5c\xd7\xe5\xc0\x81\x03\xbc\xf4\xd2K<\xfe\xf8\xe3\x9b\xc2\
\xba\xdb\xf5\x10\x004\x9bM&&&8y\xf2$7\
n\xdc\x10@9\x8e\xd3\x09\x82\xe0\x8fD\xe4\x971\x13\
H\xbb\xdc\x03\xf6k\x09Hb\x9a2~\x1a\x93\xc3\xaf\
\x00x\x9e'\x95JEFGG\xa5T*E\xdd,\
[\xbe{\xaf\x04\xdb7\xc9\xb7\x81\x9d\x81\x81\x01\xb2\xd9\
,\x9e\xe7Q\xaf\xd79w\xee\x1co\xbc\xf1\x06\xcb\xcb\
\xcbh\xad\xf1<\x8f#G\x8e\xf0\xe2\x8b/r\xe4\xc8\
\x91M\x95\xc2\xf1\xd2\xb28\xaa\xd5*g\xce\x9c\xe1\xd4\
\xa9S\xac\xae\xaeZ\xe27\x82 xYD~\x093\
&f\xdb\x8a\xdf;\xc1~0@\x163_\xe7g\x80\
o\x0d\x7f\x97m\x5c\xbcwDP'\x0e\x1b\xd9+\x16\
\x8b\x91\xe4\xbb\xae\xcb\xda\xda\x1a\xa7N\x9d\xe2\xcc\x993\
T\xabU\xc0x5\x96\xf86\xa1\xb3\x95\xf0\xf1\xdb\xd7\
Z\xb3\xb4\xb4\xc4k\xaf\xbd\xc6\xb9s\xe7\xa8\xd5j\xd6\
\xd2\xaf\xfb\xbe\xff%\xe0\x970\xfb\x00\xdc3\xf1a\xef\
\x19\xa0\x88)\xd5\xfa\xc7J\xa9\x8f\x00I\xa5\x94d\xb3\
Y\x19\x1d\x1d\x95\xa1\xa1!I\xa7\xd3;Y\xf9\xf7\x83\
;\x92\xfe\xf8\x1a{\xb7\xb0\xd6~.\x97\x8b\x8a;\x94\
R\x5c\xbf~\x9dS\xa7N111\x11Y\xfa\xd9l\
v\x93\xa5o}\xfc\xd8x\x98M\x08\x82\x80\xeb\xd7\xaf\
\xf3\xea\xab\xafr\xfe\xfcyZ\xad\x96\x84\x03%\xaaA\
\x10|\x09\xf8\x15\x0c\xf1\xefd\x03\xaa[b\xaf\x18@\
\x11N\xdbPJ\xfd\xb8R\xea\x05\xad\xb5\xe3\xba\xae-\
\xdc\x90r\xb9\xac<\xcf\xdb-\x17\xcf\xe2\x8e\xa8\x19\x8f\
\xa7\xdf\x0b\xe2\x01\x1e\xeb\xe6\x89Hd\xec]\xbe|\x99\
N\xa7\x13%t\xac\xa5?44\x14U\x07\xdd\x8a\xf8\
\xb3\xb3\xb3\xbc\xf2\xca+\x5c\xbcx\x91n\xb7+a\xcb\
\xda\xf5 \x08~\x13\xf8M\xccX\xf9\xfb&>\xec\x8d\
\x8au0eZ\x9fSJ}V)\xf5\x88\x88\x88\xeb\
\xba200 \xe3\xe3\xe3R*\x95n\x17\xd5\xbb\x97\
\xeb\xda\x89\x9a\x9b+C\xee\x83\xf8\x96p\x96\xf8\xc5b\
\x91\xd0v\xe1\xea\xd5\xab\xbc\xf6\xdak\xcc\xcc\xcc\xe0\xfb\
>\x9e\xe7144\xc4\x89\x13'x\xe2\x89'(\x95\
J7\xd5\x08n\xbdu\xdf\xf7\x99\x9d\x9d\xe5k_\xfb\
\x1aSSS\x12\x96\x80)\xa5\xd4e\xdf\xf7\x7f\x05\xb3\
\x7f\xd0\x9d\xec r\xe7\xf7\xb4\x9b\x07c\xa3D\xfbg\
\x1c\xc7\xf9a\x11\xa9\x00\x92H$\x18\x1e\x1e\xd6cc\
cr\x9b\x90\xee^H~t\xcc\xfb%\xbeu\xf5r\
\xb9\x1c\x85B\x81\x5c.\x87\xef\xfb\x5c\xbat\x893g\
\xce\xb0\xb0\xb0@\x10\x04$\x12\x09\xc6\xc7\xc7y\xf6\xd9\
g9z\xf4hd\x1b\xc4\xd3\xb9[o=\xec\xec\xe5\
\xe4\xc9\x93\x5c\xbatI|\xdf\xb7>\xfe\x19\xad\xf5\xbf\
\xc1\x8czY\xbd\xeb\x0b\xbf\x0dvs\x09H\x00\x1fP\
J\xfd\x13\xa5\xd4'E$-\x22:\x9dN3::\
\xaaGGG\x897a\xee'\xf1\xef\xc7\xbc\xb0\xc4\x8a\
\x97j\xdb\xc6\x0fk\xe9OLLD\xc6^:\x9d\xe6\
\x91G\x1e\xe1\xc4\x89\x13\x1c:t\x88t:}\x93\xd4\
oe\xc4V\xab\xc5\xe4\xe4d\xdc]TJ\xa9@k\
\xfdJ\xe8\xe3\xff/6\xb6\x87\xdd\xd5\xa0\xd6n1@\
\x12\xf8\xa8R\xea\x9f9\x8e\xf3\xb7\x83 p\x01\x9d\xcd\
f\x19\x1b\x1b\xd3###\xd6\xbf\xdf\xcf\x14\xee\xb6\xc7\
\xbc\x1b\xe9\x8fg\xf2r\xb9\x5c\x14\xcf\xf7</\xca\xbf\
OMMEM\x1a\xd6\xd8;q\xe2\x04\xc3\xc3\xc3Q\
\x1f\xe0\xd6\xce\xe0\xf8t\x90\xf5\xf5u&&&8u\
\xea\x14\x8b\x8b\x8b6 \xd4\xd6Z\x7f\x05\xf8e\xe0\xcf\
\xd9\x08\xf0\xeczDs7\x18\xc0\xc34g\xfc\x1c\xf0\
\xedA\x10\xb8J)\x9d\xcdf\xe5\xc0\x81\x03\x12\x961\
\xedF\x0a\xf7v\x88\x1fk\xa3$6v\xba\xbbU\xfd\
\x89D\x22\xb2\xf2mX\xb7\xd3\xe9055\xc5\x993\
g\x98\x9f\x9f\xa7\xd7\xeb\xe1\xba.\xa5R\x89\xc7\x1e{\
\x8cc\xc7\x8eE\x0d\x1e[\xd7\xfc8\xb4\xd6\xdc\xb8q\
\x837\xdf|\x93\x89\x89\x09j\xb5\x9a\xbd\xbe5\xad\xf5\
\x9fbv\x0d\xfbk6\x06;\xec\x09\xee\x97\x01\x14\xa6\
F\xffg\x95R\xdf&\x22\xaeRJ\xe7\xf3y}\xe0\
\xc0\x01=88\xe8XK\x1f\xf6\x8c\xf8;\x1a\x91\xf7\
\xb3\xe6\xc7\x03<\x95J%j\xcd:w\xee\x1co\xbd\
\xf5\x16\xab\xab\xabQ\xb5\xee\xe8\xe8(\xc7\x8f\x1f\xe7\xe0\
\xc1\x83\xe4r\xb9M\x8d\x9cqk\xdf\xfe\xec\xf5zQ\
\xbd\x7f\xbc\xad[D\xe6\x80?\xc2l\x1fs\x86}\xd8\
\xe6\xed~\x19\xa0\x82\x09\xeb~\x02\xe3\xe3\x07\x85B\xc1\
?|\xf8\xb0\xaeT*nh\xc1F\x04\x8a\xed\x94q\
\x9f\xa7\xbd=\xee\xf7\x1cq\xe9\xf7<\x8fk\xd7\xaeE\
\xadY\x8dF\x03\x80T*\xc5\xe1\xc3\x87y\xfa\xe9\xa7\
\x19\x1f\x1f\x8f$~kw\x8e\x8d\xf3k\xadi\xb5Z\
\x5c\xbcx\x917\xdex\x83\xf9\xf9y\xdb#\x10h\xad\
\xdf\x06~\x17\xf8}\xcc\x00\xe8}I`\xdd+\x03X\
c\xe4Q\xcc\xf4\xec\xa2\x88\xe8T*\xe5\x0f\x0d\x0d\xf5\
\xca\xe5\xb2\x1b\xab\xd4\x15\xb6Hi\xac\x1c|7q\xd3\
y\xc2s\xdd\xf5\x81lV\xcfv\xdd\x5c\xb8p\x81\xd7\
_\x7f\x9d\xb9\xb99\xc2\xf4\xeb\xa6\xbe\xbc\xe1\xe1\xe1\xe8\
\x5c\xf1\x84\x8e\x88\xd8!\xcfh\xad#\x0dr\xe6\xcc\x19\
VVV\xec\xb5uD\xe4\xeb\x18\xa9\xff\x9f\x98i\x1e\
\xfb\x86\xfb\xd5\x00\xc3\x98\xec\x9e\x03\xe8 \x08\xdc\xf5\xf5\
u\x15\xce\xc3W\x9e\xe7\xa9\xadRo)\xbf\xcb\xda`\
\x13\x95\xef\xd7\xdd\xb3\x939{\xbd\x1eg\xcf\x9e\xe5\xad\
\xb7\xdebii)\xea\xce\xb1\xfe\xfdSO=E\xb9\
\x5c\x8e\x1a=ls\x86=\xbf\xed\xd7\xd3Z\xb3\xbc\xbc\
,g\xce\x9c\xe1\xfc\xf9\xf3v\xc6/\x22R\xc5L\xfa\
\xfeu\xccX\xd7\xe6\x8e\x17\xb6G\xb8W\x06\xb0\xd2\x96\
\xc0\x10_\x00\xe5\xfb\xbe\xb7\xbc\xbcL\xa7\xd3\x91f\xb3\
I\xa5R\xb1\xd5-6\xd6\xbf\xad+t\x1fL\x10\xa7\
\xf0}\xaf\xfb\xf6\xfb\x89D\x82^\xaf\xc7\xc4\xc4\x04\x17\
.\x5c\x88\x0a63\x99\x0c\x87\x0f\x1f\xe6\xc4\x89\x13\x91\
\x7fo\xcfgg\xf6\xc1\xe6\xe9\x9e\xddnW\xe6\xe7\xe7\
9{\xf6\xacLOO\xabn\xb7\xab\xc2\xbe\xad\x1bl\
\xac\xf7o\xb2y\xb3\xa8}\xc3nx\x01\x01\x10\x84\x0f\
\xc0\x13\x11\xea\xf5\xba\xeat:\xd4\xebu\x86\x86\x86\x08\
\x8b97\xb5F\xc5\x19\xe1\x1e\x98\xe0\x96\xb1\xfe{%\
\xbeE\xbd^\xe7\xc6\x8d\x1b\x5c\xbbv-r\xf1\xca\xe5\
2O<\xf1\x04O=\xf5\x14\xa1[\x1b\xa9z+\xf9\
\xf6\xff\xb6Q\xa3\xd9l\xca\xf4\xf4\xb4\x9c={\x96\x85\
\x85\x05\x15.\x07>fc\xe8\xdf\xc5\xec\x0d\xbcka\
\xdd{\xc1n0\x80\x00\x81\xe7y$\x93I\xa7\xddn\
;\xbe\xef\xdbF\x05:\x9d\x0e\x83\x83\x83\x94\xcb\xe5M\
\x85\x8eqF\x88K\xcfm\x18a;\xca\xee\x1a\xf1}\
\xdf\xa7V\xab\xb1\xb4\xb4\xc4\xf2\xf22\xddn\x17\xa5\x14\
CCC\xbc\xff\xfd\xef\xe7\x89'\x9e\x88\xc6\xbf\xc5\xd7\
\xf9\xf8\xb9\xc3\x0e\x1dj\xb5\x9aLMM\xc9\xc4\xc4\x04\
+++*l\xd5\xeabv\xf8\xfeM\xe0\x0f0\xdb\
\xc6>P\xecV H\x5c\xd7\x95\xc1\xc1Az\xbd\x9e\
\xac\xae\xae\xaav\xbb\x8d\xd6\x9az\xbdN\xb7\xdb\xa5\xd3\
\xe9000\x10\x95HYF\xd8\xae\x02f\x0b\x13D\
O\xd8\xb6\xbc\xee\xb6\x05)\x22\xb4\xdbm\x16\x17\x17Y\
\x5c\x5c\xa4\xd9lF\xbd\xf6\xa3\xa3\xa3\xbc\xf0\xc2\x0b\x1c\
;v\x8cl6{S\x9d^\xbcA\xc3\xf7}z\xbd\
\x1e\xab\xab\xab211!\x93\x93\x93\xd4j5k\x07\
\xd5\x80\xafb\xb6\x87\xfd3\xeebS\x87\xbd\xc4\xfd0\
\xc0\xa6\xc0\x8b\x98\x09\xdbN\xb1X$\x99LF\xc3\x95\
\xb5\xd6\xd1|\xfb^\xaf\xc7\xe0\xe0 \x99L\x06\xd7u\
\xed\x177\xf5\xb6\xc7S\xb4*l\x1d\x0b\x09\x1fg\x84\
\x1dy\xe0nm\x00\x11\xa1\xd1h0??\x1f]#\
l\xe4\xef\x9f\x7f\xfey\x8e\x1c9B*\x95\xba)\xa0\
\xb3\xb51\xb3\xd3\xe9p\xe3\xc6\x0d\x99\x98\x98\x90\xa9\xa9\
)\xd5l6\xed=,b,\xfc\xff\x80\xa9\xde\xe9l\
s)\x0f\x04\xf7\xc3\x00\xb2\xf5\xffVjJ\xa5\x12\xc9\
d\x92\xe5\xe5e\xaa\xd5*\xbe\xef\xe3\xfb>\xab\xab\xab\
\xf8\xbe\xcf\xc0\xc0@T6e\xfdf\xfb};\xde$\
\xc6\x08[\xbb\x89nK\xfc;\x85\xd6\x9a\xf5\xf5u\xe6\
\xe7\xe7YYY\xd94j\xed\xc9'\x9f\xe4\xf9\xe7\x9f\
\x8f\xf2\xf7\x9bn<6\xb9\xdb\x1a{\xedv[ff\
f8s\xe6\x8c\x5c\xbbvM\x85\x8c$\x22r\x0d\xf8\
\x12\xa6K\xe7\x02\x0fp\xbd\xdf\x0ew\xc2\x00\xb7K@\
\xdc<\x91@)2\x99\x0c###x\x9e\xc7\xea\xea\
*\xbd^\x8f \x08X__\xa7\xd7\xeb\x99\x91\xeb\x85\
B4%\xcb\x12?\xae\x0d6]\xc4\x06q\xb7\x8d&\
n5*\xed1w\x82e\xc8\xb9\xb99\xc2\x19\xfb\x80\
\xe9\xc6\xb5\xc4\x1f\x1b\x1b\x8b\x983\xba\xd9-3\xfe\xc3\
\xe0\x8eLOO\xf3\xe6\x9bo\xca\xfc\xfc\xbc\x0a\x19\xc9\
\xc7\x18x\xbf\x0d\xfc'n\xd3\xa1\xf3\xa0p\xbf6@\
<\xf8\xb2)l\xa9\xc2\x9a\xf7\xa1\xa1!\x12\x89D4\
\x07GkM\xb3\xd9\xa4\xd3\xe9\xd0h4(\x16\x8b\x94\
\xcb\xe5h\xa4j\x5c\xba\x1c\xc7\x91-\xee\xe2\x1d-\xff\
[?\xb3\xd5P\xeb\xf5z,//3??\x1f\xcd\
\xd5UJQ,\x169z\xf4(\x8f?\xfe8\xf9|\
>j\xd4\xdcz\xac\xf8\xab^\xaf\xcb\xe4\xe4\xa4\x9c>\
}\x9a\xc5\xc5Eb\x96\xfei\x8c\x7f\xff\x87ll\x07\
\xff\xd0a7r\x01\xc0f\x0d\x10G\x22\x91\xa0R\xa9\
\x90J\xa5\xa2\x81\xca\xbd^/\xb2\xb8;\x9d\x0e\x9dN\
\x87J\xa5\x12\xf5\xca\x87%\xcf\x12\xae\xf5\xb2]2e\
;N\x88\x7f\xcej\x82\xf8ei\xadi4\x1a,.\
.r\xe3\xc6\x0d\xc2y\xfa\xb8\xaeK\xb9\x5c\xe6\x91G\
\x1e\xe1\xc0\x81\x03QE\xaf\xe7y\xf1ei\xd3y\xb4\
\xd6\xac\xac\xacH\x98\x0eV\xab\xab\xabh\xad\x05\x93\xb9\
;\x09\xfc*&\x8d\xfbP\x18{;a74\xc0m\
\xe1\xba.\xf9|>\xaa\xa1\xb33\xf7}\xdf\xa7\xd3\xe9\
D\x03\x96+\x95\x0a\xc5b\x91T*\x85\x98\xa1\xce7\
\xcd\xc8\xdd\xda,\xb1\xe9bB\x0fb;o\xc2\xf7}\
\xaa\xd5*\xf3\xf3\xf3\x91-b\xafmpp\x90#G\
\x8e088\x18U\xeaZ\xbb%\xee\xad\xd8c\xfb\xbe\
\xcf\xcc\xcc\x8c\x9c>}\x9aK\x97.Y\xafAc\x88\
\xfd\x97\x98\x8e\xdc\xff\xc7=\xd4\xe9\xef7v\xc3\x0dT\
\x80\xab\xb5\xf6:\x9dN\xd4\x06u\xd3\x87\xc2%!\x91\
H\x90\xc9d\xa8V\xab\xd1(\xd5p\x7f<\xba\xdd.\
\xedv\x9bJ\xa5B6\x9b\xb5\xc4\xdf\xc4\x08V\x22\x09\
\x97\x9f\xadV\xffv\xf1\x84n\xb7\xcb\xd2\xd2\x12ss\
s\xf1\xb4\xab\xddw\x07\xbb!\x84\xbd>[\xb7g\xd7\
\xf8x\xcc\x22\xac\x00\x92\x93'OF\xe5_\x18\xc3\xee\
*&\xb2\xf7;\x18_\xff\x81D\xf6\xee\x16w\xc2\x00\
;\x05_\xac\xba\xeb\x02\x89 \x08\x9c\xe5\xe5e\x82 \
\xb0\xbbglk\x95\xdb\xa1\x89\xb6\xd0\xc2\x0eE\x8aM\
\xb9\xa0\xdb\xedF\xc3\x95C5\xac,1\x5c\xd7\xb5\x83\
\x8f\xec\xb5mb\x82\xad\x92\xdfn\xb7\x99\x9f\x9f\xe7\xfa\
\xf5\xebQT\xcfq\x1c\x0a\x85\x02ccc\x8c\x8c\x8c\
D\xda\xc9\x8eeM$\x12\x91Mb\xe7\xf4\x863z\
ejj\x8aS\xa7N177G\x18\xdc\xe9\x01\x13\
\x98\x1d\xba~\x1f\xb3C\xd7\xbed\xf2v\x03\xf7\xab\x01\
\xaebv\xaa|\x9f\x88\xa4[\xad\x96\xf4z=e\xa5\
\xd8\xd6\xc2m\x87D\x22\x81\x8d\x19\xd8}x\xac6\xa8\
\xd5jt\xbb]z\xbd^\x14A\xb4\x84\x15\x11\xbb\x9d\
\x8b\xc4\xbd\x85\xadL\x00\xd0h4dnnN]\xbf\
~=\xaa\xd2u]\x97\x81\x81\x81\x9b\xa4\xde\x12\xdd\xbe\
\xe2\x03\x9a\x01YYY\xe1\xec\xd9\xb3\x12[\xef\x11\x91\
:\xf0\x0dL<\xff\xcb\xc0\xca}>\xcf}\xc7\xfdF\
\xd4R\x98\xf9=\xff(\xfcY!l\xe3\xced2\xaa\
T*Q,\x16\xa3v\xe7\x9d`\x0d\xc2\xd5\xd5\xd5M\
\xd3\xb1\x92\xc9d\xd4kg\xa7k[\x22\x86\xeb\xb2\xc4\
\x97\x88\xe8\xa6\x94\x92z\xbd\xce\xec\xec\xac\xda\x1a\xdc\x19\
\x19\x19\xe1\xe0\xc1\x83QH7\x0ca\xc77g\x8c3\
\x80\xf8\xbe\xcf\xfc\xfc\xbcLLL`\x83;\xe1z\x7f\
\x03C\xf4\xdf\xc6\xec\xdf\xbb\xa7\x95;{\x85\xdd\x08\xa9\
\xa6\xd8\xd8V\xfd\xfb1\xfd\x7fILx\xd8\xc9\xe7\xf3\
\x0c\x0c\x0c\xd8\x8d\x8cv<\x88u\x0fWWW\xa3X\
\x81%v.\x97\xa3R\xa9\x90\xcf\xe77\x15]X&\
\x08\x19C9\x8e#Zkj\xb5\x1a333je\
e%\xf2\xef\xd3\xe94ccc\x1c<x0j\xdf\
\xb2\xd37,\xf1\xed2\x10\x06~t\xbd^\x97\xcb\x97\
/s\xe1\xc2\x05\x96\x96\x96T\xaf\xd7S\x98M\x19/\
c\x060\xfc\x1e&\xb8s_\xdd9\x0f\x12\xbb\x19S\
\xaf`Z\xbf>\x0b|\x143\xd5\xcbQJ9vP\
r\xa9T\x8a\x12B\xdbAD\xe8v\xbb\xd1\x88\xf5N\
\xa7\x13i\x83T*\x15\xcd\xd6I\xa7\xd3[\x19A<\
\xcf#\x08\x02\xd6\xd6\xd6\x98\x9b\x9bS\xd5juS\xf1\
\xc6\x81\x03\x07\x18\x1b\x1b\x8b\x0a5\xad\x8a\xf7</R\
\xff\x89D\x02\xd7uEk-\xcb\xcb\xcb\xfa\xfc\xf9\xf3\
\x5c\xb9rE5\x9bM%\x22\x0e\xd0\x14\xb3#\xe7\x17\
1\xfe\xfdu\xdeA\xeb\xfdv\xd8\xed\xb2\x9c$f\x03\
\xc6\xef\xc6\xec\xcb\xf7\x0c\xa6\x17\x90D\x22\xa1l\x0f\x9d\
\xb5\xf0w\x82\x8d\x18Z\x03\xd1J\xb1\xe7y\xe4\xf3\xf9\
\xa8\xfd:\xbeV\x8b\x08\xcb\xcb\xcb2??\xaf\x1a\x8d\
Fd3\x14\x0a\x05\x0e\x1d:\xb4i\xc6\x9e\xeb\xba\x9b\
\x88n-\x7f\xc7q\xa4\xddn\xeb\xd9\xd9Y=99\
\xc9\x8d\x1b7\x1c\xdf\xf7\x1d\xa5\xcc\xd0%\x11\xf92F\
\xf2\xbf\xc6C\xee\xdf\xdf)v\xbb*\xd7JC\x113\
\x00\xe2\x1f`\xea\x05\xcb\x98\xaeV\x95\xcdf\x19\x1c\x1c\
\x8c\x86!\xef\x84\xf8\x92P\xab\xd5\xe8\xf5z\x11Q\xed\
\xae]\xd6\xd0\x04XYYaaa\x81V\xcb\xb8\xde\
\xae\xebR\xa9T8x\xf0`4\x8e\xcd\xfa\xf1q\x06\
\xb0F\xa0RJ\xaa\xd5\xaa\x9e\x9a\x9a\x92p\xdb5\x15\
\xc6\x22Dk}ZD\xbe\x88\xd9\x95\xfb\x12\xfbP\xac\
\xb9_\xd8\xcd\xc6\x90\xb8*\x5c\xc7\xd4\xb3\xcf\x01\xd3\x18\
\xdb\xe0Q\xad\xb5S\xaf\xd7U\x10\x04\xca\xf7\xfd[.\
\x09\xe1\xdc\x80(n\xb0\xb6\xb6F\xb3\xd9\x8c\x0a+{\
\xbd\x1e\xadV\x8bB\xa1@\x10\x04\xac\xae\xaeF\x136\
\x13\x89\x04CCC\x1c:t(\x9a\xb1\xb7S\xbd\x81\
Rf\x8a\xf7\xe2\xe2\x22\x93\x93\x93jvvV\x85\x1e\
\x83\xe3\xbanOk\xfde\x11\xf9\xf7\x98\xc0\xce\xda.\
>\xaf\x87\x02{U\x9e\x1b\xd7\x06#\x98\x8d\x1a?\x07\
|\x103\xd7_\x12\x89\x84[,\x16\x95\xd9z5s\
\xcb%\xe1V\xda\xc0\x06\x87\xec2\x91L&\x19\x1d\x1d\
\xe5\xc0\x81\x03\x91v\x88.Jm\xec\xe4a}~\x80\
\xeb\xd7\xaf\xcb\xe4\xe4$KKK\x12\x04\x81r]W\
9\x8e\xb3\xa6\xb5~9\x08\x82_\xe3\x01\x96l\xed5\
\xf6\xbe>\xdb \x8d!\xfe\x8fa\x98a\x18\xc0q\x1c\
7\x97\xcb)\x1b\xf4\xd9n\x0e\xae\x855\x10k\xb5\x1a\
\xd5j\x95f\xb3\x19U\xdcZ\xa4R)\x0e\x1c8\xc0\
\xf8\xf8\xf8\xa6-X\xe2!bk\xf9{\x9eg\xe7\xf3\
\xca\xf4\xf4\xb4\x8d\x10\xaa\xd0\xab8\xa7\xb5\xfe\x82\xef\xfb\
\x7f\x00\xcc\xf2\x90\xa5pw\x13\xfb\xc1\x00V\x1b\xd8\xae\
\xe1Oa6v:\x06$\x94R*\x99LF\x06b\
&\x93\xb9e\xcc\xc0.\x01v\xdf\x1d\xbb}J6\x9b\
e||<\xb2\xf4\xb7&\x82\x80M\xb5\x07\xeb\xeb\xeb\
\xcc\xce\xce\xb2\xb8\xb8H\xa7\xd3\xb1LR\x05\xfeLk\
\xfd\x1b\xc0W\x80\xc6n?\x8c\x87\x0d\xfb\xa5\x01\xe2\x18\
\x06>\x8e\x19\x12\xf5\x11Bw\xd1&\x8c\xee$f\x00\
&x\xd4h4\xa2=r\xca\xe52\x83\x83\x83\x9b\x88\
\x1fg\x00+\xfdv\xae\xae\xcd\x0b\x84\x19<-\x22W\
\x81\x971\xb1\xfc\xf3\xbcKU\xfeV<\x08\x06\x00\x13\
<z\x0e\xf8!\xcc\xb6/\x8fc\x22\x88\x92\xc9d\x94\
\xf5\x12n\xb5$\xc4\xb5\x84\x9d\xbem7h\xdaN\xfa\
\x81\xa8\xf4kaa\x81v\xbb-a\x0a\xbb\x8d\xc9\xdd\
\x7f\x113cof\x17\xef\xf3\xa1\xc7\x83`\x00\xbb$\
(\xcc\x14\x91\xef\x04>\xab\x94\xfa\x10\xc6V\x90d2\
\xa9\xe2!\xe0\xed\x0c\xc4\xf8\x9an\x0d:\xcb\x00\xb09\
1d\x03D333,//\xd3\xeb\xf54f]\
_\xc4x+\xbf\x8b\xf1\xed\xefx\xc0\xe2\xbb\x05\x0fJ\
\x03\xc4a\xb7u\xff\x8cR\xea;\x811[\xa4a'\
ko\xa7\x0d\xe2\x0c\x10\x8f\xe3{\xde\x86g\x1b\xd6\xea\
\xb1\xb8\xb8\xc8\xec\xec,at\xd0J\xfdyL\xf6\xee\
\x0f0\xa5[\x01{\xd0\x7f\xff\xb0\xe3a\x98\x15\xdc\xc4\
\x0c9\x9c\x15\x91)\xcc\xee O\x06A\xe0\xd6j5\
\xe9t:\xaa\xd5jQ.\x977E\x10\xe3~\xbde\
\x84xcf\xaf\xd7\xb3aa\x16\x17\x17i\xb5Z\x12\
\xba\x8auL\xdb\xf5\x170\xc5\x1b+\xb1kyO\x11\
\x1f\x1e\x0e\x0d\x10\xc70fI\xf8\x0cF+\x14\xc0X\
\xef\xdb%\x84\xacK\x97J\xa5H\xa7\xd3\xb6\xa4L\x9a\
\xcd&333\xcc\xce\xce\xaa\xf5\xf5u\x82 \x10\xa5\
\x94\xd2Z\xcfc2x\xbf\x85\xc9\xe0ux\x8f\x12\xde\
\xe2ab\x00K\x88,\xf0<\xf0\x03J\xa9\xef\x03\x1e\
\xb5\xb5\x81\x89DB\xd9\xf9<v`C,\xa4+\x8e\
\xe3H\xa3\xd1`nn\x8e\xb9\xb99e\xdd\xbbD\x22\
\xa1\x82 xCk\xfd%\xe0\x8f\x81\x8b\x98p\xee{\
\x9a\xf8\xf0p1@\x1c\x0a3F\xdej\x83\x970{\
\x0a(B#\xb1\x5c.344$\xc5bQ\x92\xc9\
\xa4\xb4Z-\x16\x16\x16\xd4\xca\xca\x8aj\xb5ZQ&\
0\x9b\xcd*\x11\xf9\xe3f\xb3\xf9\xab\xc0\xd7\xd9\x83A\
K}\xec\x1d2\x98\x8d$~\x113\x18\xb1I\xd8(\
\xe2\xba\xae\x94\xcbe\xff\xd8\xb1c\x9d\x13'N\xb4\x06\
\x07\x07{\x18\xcb^0\xcd\xaaR.\x97\x9b###\
\xbf\x94J\xa5\x1ec\xc3\xde\xd9\x91\xe9E\xe4a\x15\x88\
\xf7$,1\x1c\xccvq\xdf\x8f\xa9\xb3\xbf\x84\xa9C\
\xd4J)?\x95Ju3\x99L\xdbq\x1c\x9f\x90\x01\
\x5c\xd7\x95J\xa52{\xe8\xd0\xa1\x7fNhG\xdc\x0e\
}\xe2?\xfcp\x81G0\xdb\xc4\xff)f\x92\x86\x1f\
{Y\xcd\xd0\xc8\xe7\xf3\x7f1>>\xfe\xc9\xf0;\xf0\
\xf0.u\x0f\x1c\xef\x94\x07\x137\xd6\xd2\x98(\xe2\xdf\
\xc5\xec/t\x183\xa8\xa2\x05Lz\x9e\xf7?<\xcf\
{\xb9\xddn_\xd9\xe6\xbb}l\xc1;\x85\x01,\xe2\
Q\xc4\x11\xcc\xae\xa2O\x019`\x09\x93\xb6=\x8ba\
\x86>\xe1\xef\x00\xef4\x06\xd8\x0a\x85)Cs1\xc9\
\x9b^\xec\xfd>\xf1\xdf\xe5x\xa73o\x1f\xbb\x88>\
3\xf4\xd1G\x1f}\xdc5\xfe?\xc6N\x1a\xabe\xff\
:A\x00\x00\x00\x00IEND\xaeB`\x82\
\x00\x00\x00T\
<\
\xb8d\x18\xca\xef\x9c\x95\xcd!\x1c\xbf`\xa1\xbd\xdd\xa7\
\x00\x00\x00\x05en_USB\x00\x00\x00\x08\x0c0\
\xfds\x00\x00\x00\x00i\x00\x00\x00!\x03\xff\xff\xff\xff\
\x08\x00\x00\x00\x00\x06\x00\x00\x00\x0cRefres\
h Mods\x07\x00\x00\x00\x00\x01\x88\x00\x00\x00\
\x02\x01\x01\
\x00\x00I\x8e\
<\
\xb8d\x18\xca\xef\x9c\x95\xcd!\x1c\xbf`\xa1\xbd\xddB\
\x00\x00\x05\x10\x00\x00\x07\xaf\x00\x00\x07f\x00\x02\xf5\x05\
\x00\x00.\xbe\x00\x04\xa8\x8b\x00\x00 \xf5\x00\x04\xef\xa5\
\x00\x00\x15\x12\x00\x05@\x93\x00\x00\x1f\xa6\x00\x05@\x93\
\x00\x00&\x01\x00\x05H5\x00\x00\x18\x01\x00\x05H5\
\x00\x004%\x00\x05\xa7\xe3\x00\x004T\x00\x05\xc0e\
\x00\x00\x183\x00 n\x0a\x00\x00,S\x00-\x9b#\
\x00\x007\x8e\x00/\x99#\x00\x008\x97\x00G\x96\xc4\
\x00\x00\x12\xf8\x00Hw9\x00\x00\x1e\xd0\x00Kdq\
\x00\x001\x0e\x00L\x99b\x00\x00\x0d\xed\x00L\x99b\
\x00\x00Bi\x00R\xfd\xf4\x00\x00\x22\xb4\x00SY|\
\x00\x00\x17*\x00U\x0d\xff\x00\x00\x09Z\x00[f3\
\x00\x00\x13\xdb\x00]\x05y\x00\x00?\xf9\x00`\xb7u\
\x00\x00\x15\xdb\x00\x95\x84\xda\x00\x00-\xa9\x00\x97\x92\xb4\
\x00\x00\x10\x02\x00\x97\x96\x04\x00\x00\x16\xb1\x00\xaao\x12\
\x00\x007\xef\x00\xad\xc0\x0a\x00\x00*\xc2\x00\xcd0>\
\x00\x00\x012\x016\xad\xc1\x00\x00#]\x017\xfe\xb2\
\x00\x005B\x01L\x05#\x00\x00 \x03\x01X\x11u\
\x00\x00\x14\x17\x01\xb6\x0b,\x00\x00\x0f\x98\x01\xcd\x8c\xae\
\x00\x00 c\x02;\x9c,\x00\x00\x0bA\x02}\xb5\x95\
\x00\x00,\xe1\x02\xcc\xfcc\x00\x00\x17[\x02\xe3/b\
\x00\x00\x18\xe7\x02\xfb\xd1T\x00\x00=\x83\x033\xb5u\
\x00\x00/j\x03]\x7f\x80\x00\x00#\xa3\x03k\x81\x09\
\x00\x006\x12\x03\x84}\x92\x00\x00\x13.\x03\x8e\xc7\x8a\
\x00\x00*_\x03\xd6\x9f+\x00\x001\x9d\x03\xe5\x0e\xdd\
\x00\x00\x19\x99\x04\x10\x89U\x00\x00 \xad\x04%<\x15\
\x00\x001B\x04XMJ\x00\x00A^\x04l\x1bN\
\x00\x00\x15D\x04y,\x87\x00\x00\x1e\x8e\x04\x98I\xbc\
\x00\x00\x1e\xff\x04\xac,\xa5\x00\x00\x14q\x04\xbd\xf1\xaa\
\x00\x00$l\x04\xc4>D\x00\x00\x0c\xc2\x04\xc4y%\
\x00\x00\x14\xde\x04\xded\x91\x00\x00B\x9b\x04\xeb/\x0a\
\x00\x00\x22z\x04\xf8\xaa\x9f\x00\x006\x8c\x05\x01q\x8a\
\x00\x00\x07\x89\x05-\xd3j\x00\x00\x1d\xea\x058\xd6j\
\x00\x00!(\x05\x8cF\xc5\x00\x00\x12\xbd\x05\xa3\xe59\
\x00\x008G\x05\xfbc\xc9\x00\x00\x15\x92\x06\x03e>\
\x00\x00\x00\x00\x06\x1aF\xca\x00\x00>\x0d\x06J@\x04\
\x00\x00-`\x06z/\xe5\x00\x00\x1a\x89\x06zD\x17\
\x00\x00;\x82\x06{\x06\x03\x00\x00\x13n\x06\x83AJ\
\x00\x00\x22\xe6\x06\x9a\xf5C\x00\x00\x1f\xd2\x06\x9a\xf5C\
\x00\x00+l\x06\xc2\xe0\x14\x00\x000\x05\x06\xeb\xfdv\
\x00\x00;\xc6\x07\x02\x87\xdf\x00\x00\x07)\x07\x87\x8cJ\
\x00\x00\x10\x9d\x07\x95\xd0u\x00\x00.\x08\x07\x9e\xea\xd3\
\x00\x00\x06\x82\x07\xbd\xb2\xe2\x00\x00@\x95\x07\xd2ju\
\x00\x00.y\x07\xe0\x11*\x00\x003t\x07\xe2\x93\x13\
\x00\x00\x1c\xb5\x08\x05\x0e\x1e\x00\x00A\xaf\x08.\xba\xd5\
\x00\x00\x03s\x08<\xaa\xa4\x00\x004\xe0\x08\x8a\x0a\xbe\
\x00\x003\xe8\x09&\xdd:\x00\x00\x1c\xf6\x097\xf54\
\x00\x00=;\x09<%\xb5\x00\x00Ct\x09<\xa0\x8e\
\x00\x00\x0a`\x09]\x07\xb3\x00\x00\x13\xa4\x09n\x19\x19\
\x00\x00\x00\xce\x09n\xf6\xdf\x00\x00B\x0c\x09yeG\
\x00\x00\x1d\xa3\x09\x82\x0b\xde\x00\x00'e\x09\x96B>\
\x00\x00\x0a&\x0a+\x85\x80\x00\x00\x05\x9d\x0a=\xc0J\
\x00\x00+\x1a\x0a]\x9b\x02\x00\x00%\x18\x0aeA\xc3\
\x00\x00.;\x0ae\xb2,\x00\x009W\x0ah\x00\x07\
\x00\x00\x05\xd3\x0aj\xd2\xc9\x00\x00\x11c\x0a\x88+\xe7\
\x00\x00\x08=\x0a\xb1\x05\x98\x00\x00\x12[\x0a\xe0\xee\x84\
\x00\x00\x0db\x0a\xe1\xf9\x19\x00\x00\x1a#\x0b\x09\x07z\
\x00\x00C\x02\x0b\x09ye\x00\x00\x14\xa3\x0b\x22t]\
\x00\x00\x09\xb1\x0bAj\xa5\x00\x00\x18\x98\x0b\x5c@\x5c\
\x00\x00\x0e\xe2\x0b\x96\xdc\xaa\x00\x00:e\x0b\xd3\x0e\xf5\
\x00\x000G\x0b\xd4:9\x00\x00\x03\x0a\x0b\xee\xc7\x82\
\x00\x00<\xd6\x0c \xaf\x9f\x00\x00!\x8a\x0c,\xac\xe7\
\x00\x00\x09$\x0c0\xfds\x00\x00\x1a\xe8\x0c>7d\
\x00\x00+\xa6\x0cG\x92\xf4\x00\x00\x16\xf1\x0cQ\x0b\xd2\
\x00\x00\x1ch\x0cV\xb4n\x00\x00\x03\xe1\x0ceP\xa3\
\x00\x00'\xc9\x0cj\x8a\x93\x00\x00$$\x0cm_\x93\
\x00\x00$\xb9\x0c\x94\x16Z\x00\x00?9\x0c\xc9\xa0\x0e\
\x00\x00\x18a\x0c\xe5\x11\xba\x00\x00\x08\x85\x0c\xebyc\
\x00\x00\x0e\x1d\x0c\xebyc\x00\x009\xa3\x0c\xf6)\xee\
\x00\x00/\xb0\x0dL\xf4\xd8\x00\x00)@\x0dc\xf3y\
\x00\x009\x00\x0dl\xcd\xf6\x00\x00<Q\x0d\xac\x9c\x19\
\x00\x009\xe4\x0d\xc4\xc8<\x00\x00\x1f1\x0d\xc4\xc8<\
\x00\x00\x22B\x0d\xd6\xd1\xb4\x00\x004\x89\x0e/\xbeC\
\x00\x00\x04\xcf\x0e?\xc7\x03\x00\x00>\xed\x0ee~j\
\x00\x00)\xf4\x0ei\x85\xfe\x00\x00\x06\x05\x0e\x7f\x98Z\
\x00\x002\x07\x0e\x8c\xfau\x00\x000\x93\x0e\xb0\x1b\x1e\
\x00\x00&\xf3\x0e\xc8a\xa2\x00\x00(l\x0e\xdb#r\
\x00\x00\x16!\x0e\xe6W\xe5\x00\x00/\x07\x0e\xfa\x87\xb4\
\x00\x00:\xec\x0f\x0a\x9f\xc9\x00\x00\x11\xd9\x0f\x15\x9f\xdc\
\x00\x00\x0e_\x0f=\xcc?\x00\x00\x0c\x05\x0fC\xc9\xf4\
\x00\x00&-\x0f\x9bs3\x00\x00\x1fb\x0f\xaa\xa7-\
\x00\x00C\xd0\x0f\xfcx\xc3\x00\x00\x1b1\x0f\xfcx\xc3\
\x00\x002Ri\x00\x00D]\x03\x00\x00\x00r\x00S\
\x00e\x00 \x00a\x00g\x00r\x00a\x00d\x00e\
\x00c\x00e\x00n\x00 \x00l\x00a\x00s\x00 \
\x00s\x00u\x00g\x00e\x00r\x00e\x00n\x00c\
\x00i\x00a\x00s\x00 \x00e\x00n\x00 \x00m\
\x00o\x00d\x00w\x00o\x00r\x00k\x00s\x00h\
\x00o\x00p\x00.\x00n\x00e\x00t\x00 \x00y\
\x00 \x00g\x00i\x00t\x00h\x00u\x00b\x00.\
\x08\x00\x00\x00\x00\x06\x00\x00\x00BSugges\
tions are greatl\
y appreciated on\
 modworkshop.net\
 and github.\x07\x00\x00\x00\
\x05About\x01\x03\x00\x00\x000\x00A\x00p\
\x00o\x00y\x00a\x00 \x00W\x00o\x00l\x00f\
\x00m\x00y\x00t\x00h\x00s\x00 \x00e\x00n\
\x00 \x00K\x00o\x00-\x00F\x00i\x08\x00\x00\x00\
\x00\x06\x00\x00\x00\x1aSupport Wo\
lfmyths on Ko-Fi\
\x07\x00\x00\x00\x05About\x01\x03\x00\x00\x01:\
\x00E\x00l\x00 \x00o\x00b\x00j\x00e\x00t\
\x00i\x00v\x00o\x00 \x00d\x00e\x00 \x00e\
\x00s\x00t\x00e\x00 \x00p\x00r\x00o\x00g\
\x00r\x00a\x00m\x00a\x00 \x00e\x00s\x00 \
\x00a\x00g\x00i\x00l\x00i\x00z\x00a\x00r\
\x00 \x00e\x00l\x00 \x00p\x00r\x00o\x00c\
\x00e\x00s\x00o\x00 \x00d\x00e\x00 \x00g\
\x00e\x00s\x00t\x00i\x00\xf3\x00n\x00 \x00d\
\x00e\x00 \x00m\x00o\x00d\x00s\x00 \x00d\
\x00e\x00 \x00P\x00A\x00Y\x00D\x00A\x00Y\
\x00 \x002\x00 \x00s\x00i\x00n\x00 \x00l\
\x00a\x00 \x00m\x00o\x00l\x00e\x00s\x00t\
\x00i\x00a\x00 \x00d\x00e\x00 \x00h\x00a\
\x00c\x00e\x00r\x00 \x00m\x00a\x00l\x00a\
\x00b\x00a\x00r\x00e\x00s\x00 \x00c\x00o\
\x00n\x00 \x00m\x00\xfa\x00l\x00t\x00i\x00p\
\x00l\x00e\x00s\x00 \x00e\x00x\x00p\x00l\
\x00o\x00r\x00a\x00d\x00o\x00r\x00e\x00s\
\x00 \x00d\x00e\x00 \x00a\x00r\x00c\x00h\
\x00i\x00v\x00o\x00s\x00.\x08\x00\x00\x00\x00\x06\
\x00\x00\x00\x84The goal of \
this program is \
to streamline th\
e proccess of PA\
YDAY 2 mod manag\
ment without has\
sle of juggling \
multiple file ex\
plorers.\x07\x00\x00\x00\x05Abo\
ut\x01\x03\x00\x00\x008\x00V\x00i\x00s\x00i\
\x00t\x00e\x00 \x00e\x00l\x00 \x00r\x00e\
\x00p\x00o\x00s\x00i\x00t\x00o\x00r\x00i\
\x00o\x00 \x00G\x00i\x00t\x00h\x00u\x00b\
\x08\x00\x00\x00\x00\x06\x00\x00\x00\x17Visit \
Github Repositor\
y\x07\x00\x00\x00\x05About\x01\x03\x00\x00\x00\
>\x00V\x00i\x00s\x00i\x00t\x00a\x00 \x00\
l\x00a\x00 \x00p\x00\xe1\x00g\x00i\x00n\x00\
a\x00 \x00d\x00e\x00 \x00M\x00o\x00d\x00\
w\x00o\x00r\x00k\x00s\x00h\x00o\x00p\x08\
\x00\x00\x00\x00\x06\x00\x00\x00\x16Visit M\
odworkshop Page\x07\
\x00\x00\x00\x05About\x01\x03\x00\x00\x00\x94\x00\
e\x00s\x00 \x00u\x00n\x00 \x00g\x00e\x00\
s\x00t\x00o\x00r\x00 \x00d\x00e\x00 \x00\
m\x00o\x00d\x00s\x00 \x00d\x00e\x00 \x00\
c\x00\xf3\x00d\x00i\x00g\x00o\x00 \x00a\x00\
b\x00i\x00e\x00r\x00t\x00o\x00 \x00p\x00\
a\x00r\x00a\x00 \x00P\x00A\x00Y\x00D\x00\
A\x00Y\x00 \x002\x00 \x00c\x00r\x00e\x00\
a\x00d\x00o\x00 \x00p\x00o\x00r\x00 \x00\
W\x00o\x00l\x00f\x00m\x00y\x00t\x00h\x00\
s\x00.\x08\x00\x00\x00\x00\x06\x00\x00\x00@is \
an open-source m\
od manager for P\
AYDAY 2 created \
by Wolfmyths.\x07\x00\x00\
\x00\x05About\x01\x03\x00\x00\x00\x86\x00S\x00\
e\x00 \x00h\x00a\x00 \x00p\x00r\x00o\x00\
d\x00u\x00c\x00i\x00d\x00o\x00 \x00u\x00\
n\x00 \x00e\x00r\x00r\x00o\x00r\x00 \x00\
a\x00l\x00 \x00r\x00e\x00a\x00l\x00i\x00\
z\x00a\x00r\x00 \x00u\x00n\x00a\x00 \x00\
c\x00o\x00p\x00i\x00a\x00 \x00d\x00e\x00\
 \x00s\x00e\x00g\x00u\x00r\x00i\x00d\x00\
a\x00d\x00 \x00d\x00e\x00 \x00m\x00o\x00\
d\x00s\x08\x00\x00\x00\x00\x06\x00\x00\x00)An \
error was raised\
 while backing u\
p mods\x07\x00\x00\x00\x0aBacku\
pMods\x01\x03\x00\x00\x00\x10\x00L\x00i\x00\
m\x00p\x00i\x00e\x00z\x00a\x08\x00\x00\x00\x00\
\x06\x00\x00\x00\x07Cleanup\x07\x00\x00\x00\
\x0aBackupMods\x01\x03\x00\x00\x00\
\x0c\x00C\x00o\x00p\x00i\x00a\x00r\x08\x00\x00\
\x00\x00\x06\x00\x00\x00\x07Copying\x07\x00\
\x00\x00\x0aBackupMods\x01\x03\x00\
\x00\x00B\x00E\x00s\x00t\x00o\x00 \x00p\x00\
u\x00e\x00d\x00e\x00 \x00l\x00l\x00e\x00\
v\x00a\x00r\x00 \x00a\x00l\x00g\x00\xfa\x00\
n\x00 \x00t\x00i\x00e\x00m\x00p\x00o\x00\
.\x00.\x00.\x08\x00\x00\x00\x00\x06\x00\x00\x00\x1cT\
his might take s\
ome time...\x07\x00\x00\x00\x0a\
BackupMods\x01\x03\x00\x00\x00j\
\x00V\x00a\x00l\x00i\x00d\x00a\x00c\x00i\
\x00\xf3\x00n\x00 \x00d\x00e\x00 \x00r\x00u\
\x00t\x00a\x00s\x00 \x00d\x00e\x00 \x00c\
\x00a\x00r\x00p\x00e\x00t\x00a\x00s\x00 \
\x00d\x00e\x00 \x00c\x00o\x00p\x00i\x00a\
\x00 \x00d\x00e\x00 \x00s\x00e\x00g\x00u\
\x00r\x00i\x00d\x00a\x00d\x08\x00\x00\x00\x00\x06\
\x00\x00\x00\x1eValidating b\
ackup folder pat\
hs\x07\x00\x00\x00\x0aBackupMod\
s\x01\x03\x00\x00\x00\x14\x00Z\x00i\x00p\x00p\x00\
i\x00n\x00g\x00 \x00t\x00o\x08\x00\x00\x00\x00\
\x06\x00\x00\x00\x0aZipping to\x07\
\x00\x00\x00\x0aBackupMods\x01\x03\
\x00\x00\x00\x02\x00a\x08\x00\x00\x00\x00\x06\x00\x00\x00\x02\
to\x07\x00\x00\x00\x0aBackupMod\
s\x01\x03\x00\x00\x00f\x00S\x00e\x00 \x00h\x00\
a\x00 \x00p\x00r\x00o\x00d\x00u\x00c\x00\
i\x00d\x00o\x00 \x00u\x00n\x00 \x00e\x00\
r\x00r\x00o\x00r\x00 \x00a\x00l\x00 \x00\
c\x00a\x00m\x00b\x00i\x00a\x00r\x00 \x00\
e\x00l\x00 \x00t\x00i\x00p\x00o\x00 \x00\
d\x00e\x00 \x00m\x00o\x00d\x00:\x08\x00\x00\
\x00\x00\x06\x00\x00\x00,An error \
was raised while\
 changing mod ty\
pe:\x07\x00\x00\x00\x0dChangeMo\
dType\x01\x03\x00\x00\x00\x1c\x00I\x00n\x00\
s\x00t\x00a\x00l\x00a\x00c\x00i\x00\xf3\x00\
n\x00 \x00d\x00e\x08\x00\x00\x00\x00\x06\x00\x00\x00\
\x0aInstalling\x07\x00\x00\x00\x0d\
ChangeModType\x01\x03\x00\
\x00\x00X\x00S\x00e\x00 \x00h\x00a\x00 \x00\
p\x00r\x00o\x00d\x00u\x00c\x00i\x00d\x00\
o\x00 \x00u\x00n\x00 \x00e\x00r\x00r\x00\
o\x00r\x00 \x00a\x00l\x00 \x00e\x00l\x00\
i\x00m\x00i\x00n\x00a\x00r\x00 \x00u\x00\
n\x00 \x00m\x00o\x00d\x00:\x08\x00\x00\x00\x00\
\x06\x00\x00\x00)An error wa\
s raised while d\
eleting a mod:\x07\x00\
\x00\x00\x09DeleteMod\x01\x03\x00\x00\
\x00\x10\x00B\x00o\x00r\x00r\x00a\x00n\x00d\
\x00o\x08\x00\x00\x00\x00\x06\x00\x00\x00\x08Dele\
ting\x07\x00\x00\x00\x09DeleteM\
od\x01\x03\x00\x00\x00$\x00N\x00o\x00 \x00s\
\x00e\x00 \x00p\x00u\x00d\x00o\x00 \x00a\
\x00b\x00r\x00i\x00r\x00 \x00a\x08\x00\x00\x00\
\x00\x06\x00\x00\x00\x11Could not \
open to\x07\x00\x00\x00\x0dErro\
rChecking\x01\x03\x00\x00\x00<\x00\
N\x00o\x00 \x00s\x00e\x00 \x00p\x00u\x00\
d\x00o\x00 \x00i\x00n\x00i\x00c\x00i\x00\
a\x00r\x00 \x00e\x00l\x00 \x00p\x00r\x00\
o\x00g\x00r\x00a\x00m\x00a\x08\x00\x00\x00\x00\
\x06\x00\x00\x00\x17Could not s\
tart program\x07\x00\x00\x00\
\x0dErrorChecking\x01\x03\
\x00\x00\x00\x10\x00E\x00r\x00r\x00o\x00r\x00 \
\x00e\x00n\x08\x00\x00\x00\x00\x06\x00\x00\x00\x08Er\
ror in\x07\x00\x00\x00\x0dError\
Checking\x01\x03\x00\x00\x00\x88\x00P\
\x00o\x00r\x00 \x00f\x00a\x00v\x00o\x00r\
\x00,\x00 \x00u\x00t\x00i\x00l\x00i\x00c\
\x00e\x00 \x00u\x00n\x00a\x00 \x00r\x00u\
\x00t\x00a\x00 \x00c\x00o\x00m\x00p\x00l\
\x00e\x00t\x00a\x00 \x00a\x00l\x00 \x00p\
\x00r\x00o\x00g\x00r\x00a\x00m\x00a\x00 \
\x00q\x00u\x00e\x00 \x00e\x00s\x00t\x00\xe1\
\x00 \x00i\x00n\x00i\x00c\x00i\x00a\x00n\
\x00d\x00o\x00.\x08\x00\x00\x00\x00\x06\x00\x00\x007\
Please use a ful\
l path to the pr\
ogram you are st\
arting.\x07\x00\x00\x00\x0dErro\
rChecking\x01\x03\x00\x00\x00v\x00\
S\x00e\x00 \x00h\x00a\x00 \x00p\x00r\x00\
o\x00d\x00u\x00c\x00i\x00d\x00o\x00 \x00\
u\x00n\x00 \x00e\x00r\x00r\x00o\x00r\x00\
 \x00a\x00l\x00 \x00i\x00n\x00i\x00c\x00\
i\x00a\x00r\x00 \x00u\x00n\x00a\x00 \x00\
h\x00e\x00r\x00r\x00a\x00m\x00i\x00e\x00\
n\x00t\x00a\x00 \x00e\x00x\x00t\x00e\x00\
r\x00n\x00a\x08\x00\x00\x00\x00\x06\x00\x00\x00-A\
n error was rais\
ed starting an e\
xternal tool\x07\x00\x00\x00\
\x0cExternalTool\x01\x03\x00\
\x00\x00n\x00\xbf\x00E\x00s\x00t\x00\xe1\x00 \x00\
s\x00e\x00g\x00u\x00r\x00o\x00 \x00d\x00\
e\x00 \x00q\x00u\x00e\x00 \x00d\x00e\x00\
s\x00e\x00a\x00 \x00e\x00l\x00i\x00m\x00\
i\x00n\x00a\x00r\x00 \x00e\x00s\x00t\x00\
e\x00 \x00a\x00c\x00c\x00e\x00s\x00o\x00\
 \x00d\x00i\x00r\x00e\x00c\x00t\x00o\x00\
?\x08\x00\x00\x00\x00\x06\x00\x00\x00.Are y\
ou sure you want\
 to delete this \
shortcut?\x07\x00\x00\x00\x0cEx\
ternalTool\x01\x03\x00\x00\x00b\
\x00B\x00o\x00r\x00r\x00a\x00r\x00 \x00e\
\x00l\x00 \x00a\x00c\x00c\x00e\x00s\x00o\
\x00 \x00d\x00i\x00r\x00e\x00c\x00t\x00o\
\x00 \x00a\x00 \x00l\x00a\x00 \x00h\x00e\
\x00r\x00r\x00a\x00m\x00i\x00e\x00n\x00t\
\x00a\x00 \x00e\x00x\x00t\x00e\x00r\x00n\
\x00a\x08\x00\x00\x00\x00\x06\x00\x00\x00\x1dDele\
te external tool\
 shortcut\x07\x00\x00\x00\x0cEx\
ternalTool\x01\x03\x00\x00\x00V\
\x00E\x00l\x00i\x00m\x00i\x00n\x00a\x00r\
\x00 \x00e\x00l\x00 \x00a\x00c\x00c\x00e\
\x00s\x00o\x00 \x00d\x00i\x00r\x00e\x00c\
\x00t\x00o\x00 \x00a\x00 \x00l\x00a\x00 \
\x00h\x00e\x00r\x00r\x00a\x00m\x00i\x00e\
\x00n\x00t\x00a\x08\x00\x00\x00\x00\x06\x00\x00\x00\x14\
Delete tool shor\
tcut\x07\x00\x00\x00\x0cExterna\
lTool\x01\x03\x00\x00\x00\x0a\x00E\x00r\x00\
r\x00o\x00r\x08\x00\x00\x00\x00\x06\x00\x00\x00\x05E\
rror\x07\x00\x00\x00\x0cExterna\
lTool\x01\x03\x00\x00\x00\x16\x00E\x00j\x00\
e\x00c\x00u\x00t\x00a\x00b\x00l\x00e\x00\
s\x08\x00\x00\x00\x00\x06\x00\x00\x00\x0bExecu\
tables\x07\x00\x00\x00\x0cExter\
nalTool\x01\x03\x00\x00\x00J\x00S\x00\
e\x00l\x00e\x00c\x00c\x00i\x00o\x00n\x00\
a\x00r\x00 \x00n\x00u\x00e\x00v\x00a\x00\
 \x00h\x00e\x00r\x00r\x00a\x00m\x00i\x00\
e\x00n\x00t\x00a\x00 \x00e\x00x\x00t\x00\
e\x00r\x00n\x00a\x08\x00\x00\x00\x00\x06\x00\x00\x00\
\x18Select new exte\
rnal tool\x07\x00\x00\x00\x0cEx\
ternalTool\x01\x03\x00\x00\x00p\
\x00E\x00s\x00t\x00a\x00b\x00l\x00e\x00c\
\x00e\x00r\x00 \x00l\x00a\x00 \x00r\x00a\
\x00n\x00u\x00r\x00a\x00 \x00a\x00 \x00u\
\x00n\x00a\x00 \x00h\x00e\x00r\x00r\x00a\
\x00m\x00i\x00e\x00n\x00t\x00a\x00 \x00e\
\x00x\x00t\x00e\x00r\x00n\x00a\x00 \x00d\
\x00i\x00f\x00e\x00r\x00e\x00n\x00t\x00e\
\x08\x00\x00\x00\x00\x06\x00\x00\x00%Set sl\
ot to a differen\
t external tool\x07\
\x00\x00\x00\x0cExternalTool\
\x01\x03\x00\x00\x006\x00I\x00n\x00i\x00c\x00i\
\x00a\x00r\x00 \x00h\x00e\x00r\x00r\x00a\
\x00m\x00i\x00e\x00n\x00t\x00a\x00 \x00e\
\x00x\x00t\x00e\x00r\x00n\x00a\x08\x00\x00\x00\
\x00\x06\x00\x00\x00\x13Start exte\
rnal tool\x07\x00\x00\x00\x0cEx\
ternalTool\x01\x03\x00\x00\x00Z\
\x00S\x00e\x00 \x00h\x00a\x00n\x00 \x00e\
\x00n\x00c\x00o\x00n\x00t\x00r\x00a\x00d\
\x00o\x00 \x00a\x00c\x00c\x00e\x00s\x00o\
\x00s\x00 \x00d\x00i\x00r\x00e\x00c\x00t\
\x00o\x00s\x00 \x00d\x00u\x00p\x00l\x00i\
\x00c\x00a\x00d\x00o\x00s\x08\x00\x00\x00\x00\x06\
\x00\x00\x00\x19Duplicate sh\
ortcuts found\x07\x00\x00\
\x00\x13ExternalToolDi\
splay\x01\x03\x00\x00\x00j\x00N\x00o\x00\
 \x00s\x00e\x00 \x00h\x00a\x00n\x00 \x00\
a\x00\xf1\x00a\x00d\x00i\x00d\x00o\x00 \x00\
a\x00c\x00c\x00e\x00s\x00o\x00s\x00 \x00\
d\x00i\x00r\x00e\x00c\x00t\x00o\x00s\x00\
 \x00p\x00o\x00r\x00q\x00u\x00e\x00 \x00\
y\x00a\x00 \x00e\x00x\x00i\x00s\x00t\x00\
e\x00n\x00:\x08\x00\x00\x00\x00\x06\x00\x00\x004S\
hortcuts were no\
t added because \
they already exi\
st:\x07\x00\x00\x00\x13External\
ToolDisplay\x01\x03\x00\x00\x00\
:\x00D\x00i\x00r\x00e\x00c\x00t\x00o\x00\
r\x00i\x00o\x00 \x00d\x00e\x00l\x00 \x00\
j\x00u\x00e\x00g\x00o\x00 \x00P\x00A\x00\
Y\x00D\x00A\x00Y\x00 \x002\x08\x00\x00\x00\x00\
\x06\x00\x00\x00\x17PAYDAY 2 Ga\
me Directory\x07\x00\x00\x00\
\x10GamePathNotFoun\
d\x01\x03\x00\x00\x00D\x00S\x00e\x00l\x00e\x00\
c\x00c\x00i\x00o\x00n\x00a\x00r\x00 \x00\
d\x00i\x00r\x00e\x00c\x00t\x00o\x00r\x00\
i\x00o\x00 \x00d\x00e\x00 \x00P\x00A\x00\
Y\x00D\x00A\x00Y\x00 \x002\x08\x00\x00\x00\x00\
\x06\x00\x00\x00\x19Select PAYD\
AY 2 Directory\x07\x00\
\x00\x00\x10GamePathNotFo\
und\x01\x03\x00\x00\x000\x00E\x00s\x00t\x00\
a\x00b\x00l\x00e\x00c\x00e\x00r\x00 \x00\
r\x00u\x00t\x00a\x00 \x00d\x00e\x00 \x00\
j\x00u\x00e\x00g\x00o\x08\x00\x00\x00\x00\x06\x00\
\x00\x00\x0dSet game path\
\x07\x00\x00\x00\x10GamePathNot\
Found\x01\x03\x00\x00\x00\x10\x00E\x00l\x00\
i\x00m\x00i\x00n\x00a\x00r\x08\x00\x00\x00\x00\
\x06\x00\x00\x00\x06Remove\x07\x00\x00\x00\x10\
IgnoredModsQMenu\
\x01\x03\x00\x00\x00\x12\x00A\x00c\x00e\x00r\x00c\
\x00a\x00 \x00d\x00e\x08\x00\x00\x00\x00\x06\x00\x00\
\x00\x05About\x07\x00\x00\x00\x0aMain\
Window\x01\x03\x00\x00\x00\x1a\x00A\x00d\
\x00m\x00i\x00n\x00i\x00s\x00t\x00r\x00a\
\x00d\x00o\x00r\x08\x00\x00\x00\x00\x06\x00\x00\x00\x07\
Manager\x07\x00\x00\x00\x0aMain\
Window\x01\x03\x00\x00\x00\x10\x00O\x00p\
\x00c\x00i\x00o\x00n\x00e\x00s\x08\x00\x00\x00\
\x00\x06\x00\x00\x00\x07Options\x07\x00\x00\
\x00\x0aMainWindow\x01\x03\x00\x00\
\x00\x10\x00P\x00e\x00r\x00f\x00i\x00l\x00e\
\x00s\x08\x00\x00\x00\x00\x06\x00\x00\x00\x08Prof\
iles\x07\x00\x00\x00\x0aMainWin\
dow\x01\x03\x00\x00\x00\x18\x00H\x00e\x00r\x00\
r\x00a\x00m\x00i\x00e\x00n\x00t\x00a\x00\
s\x08\x00\x00\x00\x00\x06\x00\x00\x00\x05Tools\
\x07\x00\x00\x00\x0aMainWindow\x01\
\x03\x00\x00\x00.\x00C\x00o\x00m\x00p\x00r\x00\
o\x00b\x00a\x00r\x00 \x00a\x00c\x00t\x00\
u\x00a\x00l\x00i\x00z\x00a\x00c\x00i\x00\
\xf3\x00n\x08\x00\x00\x00\x00\x06\x00\x00\x00\x0cChe\
ck Update\x07\x00\x00\x00\x0bMa\
nagerMenu\x01\x03\x00\x00\x00\x0c\x00\
B\x00o\x00r\x00r\x00a\x00r\x08\x00\x00\x00\x00\
\x06\x00\x00\x00\x06Delete\x07\x00\x00\x00\x0b\
ManagerMenu\x01\x03\x00\x00\x00\
\x14\x00D\x00e\x00s\x00a\x00c\x00t\x00i\x00\
v\x00a\x00r\x08\x00\x00\x00\x00\x06\x00\x00\x00\x07D\
isable\x07\x00\x00\x00\x0bManag\
erMenu\x01\x03\x00\x00\x00\x0e\x00A\x00c\
\x00t\x00i\x00v\x00a\x00r\x08\x00\x00\x00\x00\x06\
\x00\x00\x00\x06Enable\x07\x00\x00\x00\x0bM\
anagerMenu\x01\x03\x00\x00\x00\x0e\
\x00O\x00c\x00u\x00l\x00t\x00a\x00r\x08\x00\
\x00\x00\x00\x06\x00\x00\x00\x04Hide\x07\x00\x00\x00\
\x0bManagerMenu\x01\x03\x00\x00\
\x00 \x00A\x00b\x00r\x00i\x00r\x00 \x00c\
\x00a\x00r\x00p\x00e\x00t\x00a\x00.\x00.\
\x00.\x08\x00\x00\x00\x00\x06\x00\x00\x00\x0eOpen\
 Folder...\x07\x00\x00\x00\x0bM\
anagerMenu\x01\x03\x00\x00\x00\x1e\
\x00V\x00e\x00r\x00 \x00e\x00t\x00i\x00q\
\x00u\x00e\x00t\x00a\x00(\x00s\x00)\x08\x00\
\x00\x00\x00\x06\x00\x00\x00\x0bView Tag\
(s)\x07\x00\x00\x00\x0bManagerM\
enu\x01\x03\x00\x00\x00\x1c\x00V\x00i\x00s\x00\
i\x00t\x00a\x00r\x00 \x00P\x00\xe1\x00g\x00\
i\x00n\x00a\x08\x00\x00\x00\x00\x06\x00\x00\x00\x0aV\
isit Page\x07\x00\x00\x00\x0bMa\
nagerMenu\x01\x03\x00\x00\x00N\x00\
S\x00e\x00 \x00h\x00a\x00 \x00e\x00n\x00\
c\x00o\x00n\x00t\x00r\x00a\x00d\x00o\x00\
 \x00u\x00n\x00a\x00 \x00n\x00u\x00e\x00\
v\x00a\x00 \x00v\x00e\x00r\x00s\x00i\x00\
\xf3\x00n\x00 \x00p\x00a\x00r\x00a\x08\x00\x00\
\x00\x00\x06\x00\x00\x00 A new ver\
sion has been fo\
und for\x07\x00\x00\x00\x0dModL\
istWidget\x01\x03\x00\x00\x00\x16\x00\
D\x00e\x00s\x00a\x00c\x00t\x00i\x00v\x00\
a\x00d\x00o\x08\x00\x00\x00\x00\x06\x00\x00\x00\x08D\
isabled\x07\x00\x00\x00\x0dModL\
istWidget\x01\x03\x00\x00\x00\x10\x00\
A\x00c\x00t\x00i\x00v\x00a\x00d\x00o\x08\
\x00\x00\x00\x00\x06\x00\x00\x00\x07Enabled\
\x07\x00\x00\x00\x0dModListWidg\
et\x01\x03\x00\x00\x00\x0a\x00L\x00o\x00c\x00a\
\x00l\x08\x00\x00\x00\x00\x06\x00\x00\x00\x05Loca\
l\x07\x00\x00\x00\x0dModListWid\
get\x01\x03\x00\x00\x00l\x00R\x00e\x00s\x00\
u\x00l\x00t\x00a\x00d\x00o\x00s\x00 \x00\
d\x00e\x00 \x00l\x00a\x00 \x00c\x00o\x00\
m\x00p\x00r\x00o\x00b\x00a\x00c\x00i\x00\
\xf3\x00n\x00 \x00d\x00e\x00 \x00a\x00c\x00\
t\x00u\x00a\x00l\x00i\x00z\x00a\x00c\x00\
i\x00\xf3\x00n\x00 \x00d\x00e\x00 \x00m\x00\
o\x00d\x00s\x08\x00\x00\x00\x00\x06\x00\x00\x00\x18M\
od Update Check \
Results\x07\x00\x00\x00\x0dModL\
istWidget\x01\x03\x00\x00\x00\x0c\x00\
N\x00o\x00m\x00b\x00r\x00e\x08\x00\x00\x00\x00\
\x06\x00\x00\x00\x04Name\x07\x00\x00\x00\x0dMo\
dListWidget\x01\x03\x00\x00\x00\
\x08\x00T\x00i\x00p\x00o\x08\x00\x00\x00\x00\x06\x00\
\x00\x00\x04Type\x07\x00\x00\x00\x0dModL\
istWidget\x01\x03\x00\x00\x00\x0e\x00\
V\x00e\x00r\x00s\x00i\x00\xf3\x00n\x08\x00\x00\
\x00\x00\x06\x00\x00\x00\x07Version\x07\x00\
\x00\x00\x0dModListWidget\
\x01\x03\x00\x00\x00 \x00e\x00s\x00t\x00\xe1\x00 \
\x00a\x00c\x00t\x00u\x00a\x00l\x00i\x00z\
\x00a\x00d\x00a\x08\x00\x00\x00\x00\x06\x00\x00\x00\x0d\
is up to date\x07\x00\x00\
\x00\x0dModListWidget\x01\
\x03\x00\x00\x00j\x00S\x00e\x00 \x00h\x00a\x00\
 \x00p\x00r\x00o\x00d\x00u\x00c\x00i\x00\
d\x00o\x00 \x00u\x00n\x00 \x00e\x00r\x00\
r\x00o\x00r\x00 \x00a\x00l\x00 \x00i\x00\
n\x00t\x00e\x00n\x00t\x00a\x00r\x00 \x00\
i\x00n\x00i\x00c\x00i\x00a\x00r\x00 \x00\
P\x00A\x00Y\x00D\x00A\x00Y\x00 \x002\x08\
\x00\x00\x00\x00\x06\x00\x00\x00)An erro\
r occured trying\
 to start PAYDAY\
 2\x07\x00\x00\x00\x0aModManage\
r\x01\x03\x00\x00\x00J\x00N\x00o\x00 \x00s\x00\
e\x00 \x00p\x00u\x00d\x00o\x00 \x00i\x00\
n\x00i\x00c\x00i\x00a\x00r\x00 \x00P\x00\
A\x00Y\x00D\x00A\x00Y\x00 \x002\x00 \x00\
d\x00e\x00s\x00d\x00e\x00 \x00M\x00M\x00\
M\x08\x00\x00\x00\x00\x06\x00\x00\x00!Could\
 not start PAYDA\
Y 2 from MMM\x07\x00\x00\x00\
\x0aModManager\x01\x03\x00\x00\x00\
4\x00A\x00b\x00r\x00i\x00r\x00 \x00d\x00\
i\x00r\x00e\x00c\x00t\x00o\x00r\x00i\x00\
o\x00 \x00d\x00e\x00 \x00j\x00u\x00e\x00\
g\x00o\x00s\x08\x00\x00\x00\x00\x06\x00\x00\x00\x13O\
pen Game Directo\
ry\x07\x00\x00\x00\x0aModManage\
r\x01\x03\x00\x00\x00,\x00L\x00a\x00 \x00r\x00\
u\x00t\x00a\x00 \x00n\x00o\x00 \x00e\x00\
s\x00 \x00a\x00b\x00s\x00o\x00l\x00u\x00\
t\x00a\x08\x00\x00\x00\x00\x06\x00\x00\x00\x14Pat\
h is not absolut\
e\x07\x00\x00\x00\x0aModManager\
\x01\x03\x00\x00\x00\x1e\x00A\x00c\x00t\x00u\x00a\
\x00l\x00i\x00z\x00a\x00r\x00 \x00M\x00o\
\x00d\x00s\x08\x00\x00\x00\x00\x06\x00\x00\x00\x0cRe\
fresh Mods\x07\x00\x00\x00\x0aM\
odManager\x01\x03\x00\x00\x00\xc0\x00\
B\x00u\x00s\x00c\x00a\x00r\x00.\x00.\x00\
.\x00 \x00u\x00s\x00a\x00 \x00\xab\x00t\x00\
a\x00g\x00:\x00\xbb\x00 \x00s\x00i\x00n\x00\
 \x00e\x00s\x00p\x00a\x00c\x00i\x00o\x00\
s\x00 \x00p\x00a\x00r\x00a\x00 \x00b\x00\
u\x00s\x00c\x00a\x00r\x00 \x00e\x00t\x00\
i\x00q\x00u\x00e\x00t\x00a\x00s\x00,\x00\
 \x00u\x00s\x00a\x00 \x00u\x00n\x00a\x00\
 \x00c\x00o\x00m\x00a\x00 \x00\xab\x00,\x00\
\xbb\x00 \x00p\x00a\x00r\x00a\x00 \x00s\x00\
e\x00p\x00a\x00r\x00a\x00r\x00 \x00e\x00\
t\x00i\x00q\x00u\x00e\x00t\x00a\x00s\x08\
\x00\x00\x00\x00\x06\x00\x00\x00XSearch.\
.. use \x22tag:\x22 wi\
th no spaces to \
search for tags,\
 use a comma \x22,\x22\
 to seperate tag\
s\x07\x00\x00\x00\x0aModManager\
\x01\x03\x00\x00\x00 \x00E\x00m\x00p\x00e\x00z\
\x00a\x00r\x00 \x00P\x00A\x00Y\x00D\x00A\
\x00Y\x00 \x002\x08\x00\x00\x00\x00\x06\x00\x00\x00\x0e\
Start PAYDAY 2\x07\x00\
\x00\x00\x0aModManager\x01\x03\x00\
\x00\x00\x18\x00M\x00o\x00d\x00s\x00 \x00t\x00\
o\x00t\x00a\x00l\x00e\x00s\x08\x00\x00\x00\x00\
\x06\x00\x00\x00\x0aTotal Mods\x07\
\x00\x00\x00\x0aModManager\x01\x03\
\x00\x00\x00`\x00S\x00e\x00 \x00h\x00a\x00 \
\x00p\x00r\x00o\x00d\x00u\x00c\x00i\x00d\
\x00o\x00 \x00u\x00n\x00 \x00e\x00r\x00r\
\x00o\x00r\x00 \x00a\x00l\x00 \x00d\x00e\
\x00s\x00h\x00a\x00b\x00i\x00l\x00i\x00t\
\x00a\x00r\x00 \x00u\x00n\x00 \x00m\x00o\
\x00d\x00:\x08\x00\x00\x00\x00\x06\x00\x00\x00'An\
 error occured w\
hile disabling a\
 mod:\x07\x00\x00\x00\x11MoveTo\
DisabledDir\x01\x03\x00\x00\x00\
\x18\x00D\x00e\x00s\x00a\x00c\x00t\x00i\x00\
v\x00a\x00n\x00d\x00o\x08\x00\x00\x00\x00\x06\x00\
\x00\x00\x09Disabling\x07\x00\x00\x00\
\x11MoveToDisabledD\
ir\x01\x03\x00\x00\x00V\x00S\x00e\x00 \x00h\
\x00a\x00 \x00p\x00r\x00o\x00d\x00u\x00c\
\x00i\x00d\x00o\x00 \x00u\x00n\x00 \x00e\
\x00r\x00r\x00o\x00r\x00 \x00a\x00l\x00 \
\x00a\x00c\x00t\x00i\x00v\x00a\x00r\x00 \
\x00u\x00n\x00 \x00m\x00o\x00d\x00:\x08\x00\
\x00\x00\x00\x06\x00\x00\x00&An error\
 occured while e\
nabling a mod:\x07\x00\
\x00\x00\x13MoveToEnabled\
ModDir\x01\x03\x00\x00\x00\x12\x00A\x00c\
\x00t\x00i\x00v\x00a\x00n\x00d\x00o\x08\x00\
\x00\x00\x00\x06\x00\x00\x00\x08Enabling\
\x07\x00\x00\x00\x13MoveToEnabl\
edModDir\x01\x03\x00\x00\x00\x0e\x00A\
\x00p\x00l\x00i\x00c\x00a\x00r\x08\x00\x00\x00\
\x00\x06\x00\x00\x00\x05Apply\x07\x00\x00\x00\x07\
Options\x01\x03\x00\x00\x00\x10\x00C\x00\
a\x00n\x00c\x00e\x00l\x00a\x00r\x08\x00\x00\
\x00\x00\x06\x00\x00\x00\x06Cancel\x07\x00\x00\
\x00\x07Options\x01\x03\x00\x00\x00\x0e\x00\
G\x00e\x00n\x00e\x00r\x00a\x00l\x08\x00\x00\
\x00\x00\x06\x00\x00\x00\x07General\x07\x00\
\x00\x00\x07Options\x01\x03\x00\x00\x00\x1c\
\x00M\x00o\x00d\x00s\x00 \x00i\x00g\x00n\
\x00o\x00r\x00a\x00d\x00o\x00s\x08\x00\x00\x00\
\x00\x06\x00\x00\x00\x0cIgnored Mo\
ds\x07\x00\x00\x00\x07Options\x01\x03\
\x00\x00\x00\x0c\x00V\x00a\x00r\x00i\x00o\x00s\
\x08\x00\x00\x00\x00\x06\x00\x00\x00\x04Misc\x07\x00\
\x00\x00\x07Options\x01\x03\x00\x00\x00\x0c\
\x00A\x00t\x00a\x00j\x00o\x00s\x08\x00\x00\x00\
\x00\x06\x00\x00\x00\x09Shortcuts\x07\
\x00\x00\x00\x07Options\x01\x03\x00\x00\x00\
,\x00B\x00u\x00s\x00c\x00a\x00r\x00 \x00\
a\x00c\x00t\x00u\x00a\x00l\x00i\x00z\x00\
a\x00c\x00i\x00o\x00n\x00e\x00s\x08\x00\x00\
\x00\x00\x06\x00\x00\x00\x11Check for\
 updates\x07\x00\x00\x00\x0eOpt\
ionsGeneral\x01\x03\x00\x00\x00\
\x1c\x00C\x00o\x00m\x00p\x00r\x00o\x00b\x00\
a\x00n\x00d\x00o\x00.\x00.\x00.\x08\x00\x00\
\x00\x00\x06\x00\x00\x00\x0bChecking.\
..\x07\x00\x00\x00\x0eOptionsGe\
neral\x01\x03\x00\x00\x00\x1a\x00T\x00e\x00\
m\x00a\x00 \x00d\x00e\x00 \x00c\x00o\x00\
l\x00o\x00r\x08\x00\x00\x00\x00\x06\x00\x00\x00\x0bC\
olor Theme\x07\x00\x00\x00\x0eO\
ptionsGeneral\x01\x03\x00\
\x00\x00\x0c\x00O\x00s\x00c\x00u\x00r\x00o\x08\
\x00\x00\x00\x00\x06\x00\x00\x00\x04Dark\x07\x00\x00\
\x00\x0eOptionsGeneral\
\x01\x03\x00\x00\x00,\x00D\x00e\x00s\x00a\x00c\
\x00t\x00i\x00v\x00a\x00d\x00o\x00 \x00R\
\x00u\x00t\x00a\x00 \x00M\x00o\x00d\x00s\
\x00:\x08\x00\x00\x00\x00\x06\x00\x00\x00\x13Disa\
bled Mods Path:\x07\
\x00\x00\x00\x0eOptionsGener\
al\x01\x03\x00\x00\x00v\x00E\x00r\x00r\x00o\
\x00r\x00:\x00 \x00C\x00o\x00m\x00p\x00r\
\x00u\x00e\x00b\x00e\x00 \x00l\x00o\x00s\
\x00 \x00r\x00e\x00g\x00i\x00s\x00t\x00r\
\x00o\x00s\x00 \x00p\x00a\x00r\x00a\x00 \
\x00o\x00b\x00t\x00e\x00n\x00e\x00r\x00 \
\x00m\x00\xe1\x00s\x00 \x00i\x00n\x00f\x00o\
\x00r\x00m\x00a\x00c\x00i\x00\xf3\x00n\x08\x00\
\x00\x00\x00\x06\x00\x00\x00\x1fError: C\
heck logs for mo\
re info\x07\x00\x00\x00\x0eOpti\
onsGeneral\x01\x03\x00\x00\x00\x0e\
\x00G\x00e\x00n\x00e\x00r\x00a\x00l\x08\x00\
\x00\x00\x00\x06\x00\x00\x00\x07General\x07\
\x00\x00\x00\x0eOptionsGener\
al\x01\x03\x00\x00\x00\x0e\x00I\x00d\x00i\x00o\
\x00m\x00a\x00:\x08\x00\x00\x00\x00\x06\x00\x00\x00\x09\
Language:\x07\x00\x00\x00\x0eOp\
tionsGeneral\x01\x03\x00\x00\
\x00\x0a\x00C\x00l\x00a\x00r\x00o\x08\x00\x00\x00\
\x00\x06\x00\x00\x00\x05Light\x07\x00\x00\x00\x0e\
OptionsGeneral\x01\x03\
\x00\x00\x00<\x00P\x00a\x00y\x00d\x00a\x00y\
\x00 \x002\x00 \x00D\x00i\x00r\x00e\x00c\
\x00t\x00o\x00r\x00i\x00o\x00 \x00d\x00e\
\x00 \x00j\x00u\x00e\x00g\x00o\x00s\x00:\
\x08\x00\x00\x00\x00\x06\x00\x00\x00\x18Payday\
 2 Game Director\
y:\x07\x00\x00\x00\x0eOptionsGe\
neral\x01\x03\x00\x00\x00\x18\x00A\x00c\x00\
t\x00u\x00a\x00l\x00i\x00z\x00a\x00d\x00\
o\x00!\x08\x00\x00\x00\x00\x06\x00\x00\x00\x0bUp \
to date!\x07\x00\x00\x00\x0eOpt\
ionsGeneral\x01\x03\x00\x00\x00\
F\x00A\x00l\x00e\x00r\x00t\x00a\x00s\x00\
 \x00d\x00e\x00 \x00a\x00c\x00t\x00u\x00\
a\x00l\x00i\x00z\x00a\x00c\x00i\x00\xf3\x00\
n\x00 \x00a\x00l\x00 \x00i\x00n\x00i\x00\
c\x00i\x00a\x00r\x08\x00\x00\x00\x00\x06\x00\x00\x00\
\x18Update alerts o\
n startup\x07\x00\x00\x00\x0eOp\
tionsGeneral\x01\x03\x00\x00\
\x00\x1e\x00A\x00c\x00t\x00u\x00a\x00l\x00i\
\x00z\x00a\x00c\x00i\x00o\x00n\x00e\x00s\
\x08\x00\x00\x00\x00\x06\x00\x00\x00\x07Update\
s\x07\x00\x00\x00\x0eOptionsGen\
eral\x01\x03\x00\x00\x00\x1a\x00M\x00o\x00d\
\x00s\x00 \x00o\x00c\x00u\x00l\x00t\x00o\
\x00s\x00:\x08\x00\x00\x00\x00\x06\x00\x00\x00\x0cHi\
dden Mods:\x07\x00\x00\x00\x12O\
ptionsIgnoredMod\
s\x01\x03\x00\x00\x004\x00C\x00o\x00p\x00i\x00\
a\x00 \x00d\x00e\x00 \x00s\x00e\x00g\x00\
u\x00r\x00i\x00d\x00a\x00d\x00 \x00d\x00\
e\x00 \x00m\x00o\x00d\x00s\x08\x00\x00\x00\x00\
\x06\x00\x00\x00\x0bBackup Mods\
\x07\x00\x00\x00\x0bOptionsMisc\
\x01\x03\x00\x00\x00\x86\x00C\x00o\x00p\x00i\x00a\
\x00 \x00y\x00 \x00c\x00o\x00m\x00p\x00r\
\x00i\x00m\x00e\x00 \x00t\x00o\x00d\x00o\
\x00s\x00 \x00t\x00u\x00s\x00 \x00m\x00o\
\x00d\x00s\x00 \x00e\x00n\x00 \x00l\x00a\
\x00 \x00c\x00a\x00r\x00p\x00e\x00t\x00a\
\x00 \x00d\x00e\x00 \x00i\x00n\x00s\x00t\
\x00a\x00l\x00a\x00c\x00i\x00\xf3\x00n\x00 \
\x00d\x00e\x00 \x00M\x00M\x00M\x08\x00\x00\x00\
\x00\x06\x00\x00\x00CCopies and\
 compresses all \
of your mods to \
MMM's installati\
on folder\x07\x00\x00\x00\x0bOp\
tionsMisc\x01\x03\x00\x00\x00\x08\x00\
M\x00i\x00s\x00c\x08\x00\x00\x00\x00\x06\x00\x00\x00\
\x04Misc\x07\x00\x00\x00\x0bOption\
sMisc\x01\x03\x00\x00\x00v\x00G\x00e\x00\
s\x00t\x00o\x00r\x00 \x00d\x00e\x00 \x00\
m\x00o\x00d\x00s\x00 \x00M\x00y\x00t\x00\
h\x00:\x00 \x00N\x00o\x00 \x00s\x00e\x00\
 \x00s\x00o\x00p\x00o\x00r\x00t\x00a\x00\
n\x00 \x00l\x00o\x00s\x00 \x00c\x00r\x00\
a\x00s\x00h\x00 \x00l\x00o\x00g\x00s\x00\
 \x00v\x00a\x00i\x00n\x00i\x00l\x00l\x00\
a\x08\x00\x00\x00\x00\x06\x00\x00\x000Myth \
Mod Manager: Van\
illa crash logs \
unsupported\x07\x00\x00\x00\x0b\
OptionsMisc\x01\x03\x00\x00\x00\
@\x00A\x00b\x00r\x00i\x00r\x00 \x00r\x00\
e\x00g\x00i\x00s\x00t\x00r\x00o\x00s\x00\
 \x00d\x00e\x00 \x00a\x00c\x00c\x00i\x00\
d\x00e\x00n\x00t\x00e\x00s\x00.\x00.\x00\
.\x08\x00\x00\x00\x00\x06\x00\x00\x00\x12Open \
Crash Logs...\x07\x00\x00\
\x00\x0bOptionsMisc\x01\x03\x00\
\x00\x00.\x00A\x00b\x00r\x00i\x00r\x00 \x00\
M\x00o\x00d\x00 \x00C\x00r\x00a\x00s\x00\
h\x00 \x00L\x00o\x00g\x00s\x00.\x00.\x00\
.\x08\x00\x00\x00\x00\x06\x00\x00\x00\x16Open \
Mod Crash Logs..\
.\x07\x00\x00\x00\x0bOptionsMis\
c\x01\x03\x00\x00\x00X\x00A\x00b\x00r\x00e\x00\
 \x00e\x00l\x00 \x00d\x00i\x00r\x00e\x00\
c\x00t\x00o\x00r\x00i\x00o\x00 \x00d\x00\
e\x00 \x00c\x00r\x00a\x00s\x00h\x00 \x00\
l\x00o\x00g\x00s\x00 \x00q\x00u\x00e\x00\
 \x00u\x00s\x00a\x00 \x00B\x00L\x00T\x08\
\x00\x00\x00\x00\x06\x00\x00\x00+Opens t\
he crash log dir\
ectory that BLT \
uses\x07\x00\x00\x00\x0bOptions\
Misc\x01\x03\x00\x00\x00~\x00A\x00b\x00r\
\x00e\x00 \x00e\x00l\x00 \x00d\x00i\x00r\
\x00e\x00c\x00t\x00o\x00r\x00i\x00o\x00 \
\x00d\x00e\x00 \x00c\x00r\x00a\x00s\x00h\
\x00 \x00l\x00o\x00g\x00s\x00 \x00u\x00s\
\x00a\x00d\x00o\x00 \x00p\x00o\x00r\x00 \
\x00e\x00l\x00 \x00P\x00a\x00y\x00d\x00a\
\x00y\x00 \x002\x00 \x00v\x00a\x00i\x00n\
\x00i\x00l\x00l\x00a\x08\x00\x00\x00\x00\x06\x00\x00\
\x006Opens the cras\
h log directory \
used by vanilla \
Payday 2\x07\x00\x00\x00\x0bOpt\
ionsMisc\x01\x03\x00\x00\x00\x5c\x00O\
\x00v\x00e\x00r\x00k\x00i\x00l\x00l\x00 \
\x00n\x00o\x00 \x00i\x00m\x00p\x00l\x00e\
\x00m\x00e\x00n\x00t\x00\xf3\x00 \x00u\x00n\
\x00 \x00c\x00r\x00a\x00s\x00h\x00 \x00l\
\x00o\x00g\x00 \x00p\x00a\x00r\x00a\x00 \
\x00l\x00i\x00n\x00u\x00x\x08\x00\x00\x00\x00\x06\
\x00\x00\x008Overkill did\
 not implement a\
 vanilla crash l\
og for linux\x07\x00\x00\x00\
\x0bOptionsMisc\x01\x03\x00\x00\
\x002\x00C\x00a\x00m\x00b\x00i\x00a\x00r\
\x00 \x00n\x00o\x00m\x00b\x00r\x00e\x00 \
\x00d\x00e\x00 \x00p\x00e\x00r\x00f\x00i\
\x00l\x00:\x08\x00\x00\x00\x00\x06\x00\x00\x00\x14Ch\
ange Profile Nam\
e:\x07\x00\x00\x00\x10OptionsSh\
ortcuts\x01\x03\x00\x00\x00(\x00B\x00\
o\x00r\x00r\x00a\x00r\x00 \x00m\x00o\x00\
d\x00 \x00o\x00 \x00p\x00e\x00r\x00f\x00\
i\x00l\x00:\x08\x00\x00\x00\x00\x06\x00\x00\x00\x16D\
elete Mod or Pro\
file:\x07\x00\x00\x00\x10Option\
sShortcuts\x01\x03\x00\x00\x00&\
\x00D\x00e\x00s\x00e\x00l\x00e\x00c\x00c\
\x00i\x00o\x00n\x00a\x00r\x00 \x00t\x00o\
\x00d\x00o\x00:\x08\x00\x00\x00\x00\x06\x00\x00\x00\x0d\
Deselect All:\x07\x00\x00\
\x00\x10OptionsShortcu\
ts\x01\x03\x00\x00\x00\x22\x00S\x00e\x00l\x00e\
\x00c\x00c\x00i\x00o\x00n\x00a\x00r\x00 \
\x00t\x00o\x00d\x00o\x00:\x08\x00\x00\x00\x00\x06\
\x00\x00\x00\x0bSelect All:\x07\
\x00\x00\x00\x10OptionsShort\
cuts\x01\x03\x00\x00\x00\x0c\x00A\x00t\x00a\
\x00j\x00o\x00s\x08\x00\x00\x00\x00\x06\x00\x00\x00\x09\
Shortcuts\x07\x00\x00\x00\x10Op\
tionsShortcuts\x01\x03\
\x00\x00\x00d\x00C\x00a\x00m\x00b\x00i\x00a\
\x00r\x00 \x00p\x00e\x00s\x00t\x00a\x00\xf1\
\x00a\x00s\x00:\x00 \x00F\x00l\x00e\x00c\
\x00h\x00a\x00 \x00i\x00z\x00q\x00u\x00i\
\x00e\x00r\x00d\x00a\x00,\x00 \x00F\x00l\
\x00e\x00c\x00h\x00a\x00 \x00d\x00e\x00r\
\x00e\x00c\x00h\x00a\x08\x00\x00\x00\x00\x06\x00\x00\
\x00$Switch tabs: A\
rrow left, Arrow\
 right\x07\x00\x00\x00\x10Optio\
nsShortcuts\x01\x03\x00\x00\x00\
F\x00Y\x00a\x00 \x00e\x00x\x00i\x00s\x00\
t\x00e\x00 \x00u\x00n\x00 \x00p\x00e\x00\
r\x00f\x00i\x00l\x00 \x00c\x00o\x00n\x00\
 \x00e\x00s\x00e\x00 \x00n\x00o\x00m\x00\
b\x00r\x00e\x00:\x08\x00\x00\x00\x00\x06\x00\x00\x00\
(A profile with \
that name alread\
y exists:\x07\x00\x00\x00\x0bPr\
ofileList\x01\x03\x00\x00\x00B\x00\
E\x00r\x00r\x00o\x00r\x00:\x00 \x00N\x00\
o\x00m\x00b\x00r\x00e\x00 \x00d\x00e\x00\
 \x00p\x00e\x00r\x00f\x00i\x00l\x00 \x00\
d\x00u\x00p\x00l\x00i\x00c\x00a\x00d\x00\
o\x08\x00\x00\x00\x00\x06\x00\x00\x00\x1dError\
: Duplicate prof\
ile name\x07\x00\x00\x00\x0bPro\
fileList\x01\x03\x00\x00\x00 \x00R\
\x00e\x00c\x00u\x00e\x00n\x00t\x00o\x00 \
\x00d\x00e\x00 \x00m\x00o\x00d\x00s\x08\x00\
\x00\x00\x00\x06\x00\x00\x00\x09Mod Coun\
t\x07\x00\x00\x00\x0bProfileLis\
t\x01\x03\x00\x00\x00.\x00N\x00u\x00e\x00v\x00\
o\x00 \x00n\x00o\x00m\x00b\x00r\x00e\x00\
 \x00d\x00e\x00 \x00p\x00e\x00r\x00f\x00\
i\x00l\x00:\x08\x00\x00\x00\x00\x06\x00\x00\x00\x11N\
ew profile name:\
\x07\x00\x00\x00\x0bProfileList\
\x01\x03\x00\x00\x00\x0c\x00P\x00e\x00r\x00f\x00i\
\x00l\x08\x00\x00\x00\x00\x06\x00\x00\x00\x07Prof\
ile\x07\x00\x00\x00\x0bProfileL\
ist\x01\x03\x00\x00\x00\x16\x00A\x00\xf1\x00a\x00\
d\x00i\x00r\x00 \x00m\x00o\x00d\x00s\x08\
\x00\x00\x00\x00\x06\x00\x00\x00\x08Add Mod\
s\x07\x00\x00\x00\x0bProfileMen\
u\x01\x03\x00\x00\x00\x1a\x00A\x00\xf1\x00a\x00d\x00\
i\x00r\x00 \x00p\x00e\x00r\x00f\x00i\x00\
l\x08\x00\x00\x00\x00\x06\x00\x00\x00\x0bAdd P\
rofile\x07\x00\x00\x00\x0bProfi\
leMenu\x01\x03\x00\x00\x00\x1c\x00A\x00p\
\x00l\x00i\x00c\x00a\x00r\x00 \x00p\x00e\
\x00r\x00f\x00i\x00l\x08\x00\x00\x00\x00\x06\x00\x00\
\x00\x0dApply Profile\x07\
\x00\x00\x00\x0bProfileMenu\x01\
\x03\x00\x00\x000\x00C\x00a\x00m\x00b\x00i\x00\
a\x00r\x00 \x00n\x00o\x00m\x00b\x00r\x00\
e\x00 \x00d\x00e\x00 \x00p\x00e\x00r\x00\
f\x00i\x00l\x08\x00\x00\x00\x00\x06\x00\x00\x00\x13C\
hange Profile Na\
me\x07\x00\x00\x00\x0bProfileMe\
nu\x01\x03\x00\x00\x00\x1a\x00C\x00o\x00p\x00i\
\x00a\x00r\x00 \x00p\x00e\x00r\x00f\x00i\
\x00l\x08\x00\x00\x00\x00\x06\x00\x00\x00\x0cCopy\
 Profile\x07\x00\x00\x00\x0bPro\
fileMenu\x01\x03\x00\x00\x00$\x00C\
\x00o\x00p\x00i\x00a\x00r\x00 \x00m\x00o\
\x00d\x00(\x00s\x00)\x00 \x00a\x00.\x00.\
\x00.\x08\x00\x00\x00\x00\x06\x00\x00\x00\x11Copy\
 mod(s) to...\x07\x00\x00\
\x00\x0bProfileMenu\x01\x03\x00\
\x00\x00\x18\x00E\x00l\x00i\x00m\x00i\x00n\x00\
a\x00r\x00 \x00m\x00o\x00d\x08\x00\x00\x00\x00\
\x06\x00\x00\x00\x0aRemove Mod\x07\
\x00\x00\x00\x0bProfileMenu\x01\
\x03\x00\x00\x00\x1e\x00E\x00l\x00i\x00m\x00i\x00\
n\x00a\x00r\x00 \x00p\x00e\x00r\x00f\x00\
i\x00l\x08\x00\x00\x00\x00\x06\x00\x00\x00\x0eRem\
ove Profile\x07\x00\x00\x00\x0b\
ProfileMenu\x01\x03\x00\x00\x00\
>\x00C\x00a\x00n\x00c\x00e\x00l\x00a\x00\
d\x00o\x00,\x00 \x00s\x00a\x00l\x00i\x00\
r\x00 \x00p\x00a\x00r\x00a\x00 \x00c\x00\
o\x00n\x00t\x00i\x00n\x00u\x00a\x00r\x08\
\x00\x00\x00\x00\x06\x00\x00\x00\x1aCancele\
d, exit to conti\
nue\x07\x00\x00\x00\x0eProgress\
Widget\x01\x03\x00\x00\x00\x0c\x00L\x00i\
\x00s\x00t\x00o\x00!\x08\x00\x00\x00\x00\x06\x00\x00\
\x00\x05Done!\x07\x00\x00\x00\x0eProg\
ressWidget\x01\x03\x00\x00\x00(\
\x00S\x00a\x00l\x00i\x00r\x00 \x00p\x00a\
\x00r\x00a\x00 \x00c\x00o\x00n\x00t\x00i\
\x00n\x00u\x00a\x00r\x08\x00\x00\x00\x00\x06\x00\x00\
\x00\x10Exit to contin\
ue\x07\x00\x00\x00\x0eProgressW\
idget\x01\x03\x00\x00\x002\x00T\x00a\x00\
r\x00e\x00a\x00 \x00d\x00e\x00 \x00M\x00\
y\x00t\x00h\x00 \x00M\x00o\x00d\x00 \x00\
M\x00a\x00n\x00a\x00g\x00e\x00r\x08\x00\x00\
\x00\x00\x06\x00\x00\x00\x15Myth Mod \
Manager Task\x07\x00\x00\x00\
\x0eProgressWidget\x01\
\x03\x00\x00\x00\x1c\x00M\x00o\x00d\x00s\x00 \x00\
a\x00 \x00a\x00\xf1\x00a\x00d\x00i\x00r\x00\
:\x08\x00\x00\x00\x00\x06\x00\x00\x00\x11Mods \
to be added:\x07\x00\x00\x00\
\x09SelectMod\x01\x03\x00\x00\x00\xac\
\x00B\x00u\x00s\x00c\x00a\x00r\x00.\x00.\
\x00.\x00 \x00u\x00s\x00a\x00 \x00\xab\x00t\
\x00a\x00g\x00:\x00\xbb\x00 \x00s\x00i\x00n\
\x00 \x00e\x00s\x00p\x00a\x00c\x00i\x00o\
\x00s\x00 \x00p\x00a\x00r\x00a\x00 \x00b\
\x00u\x00s\x00c\x00a\x00r\x00 \x00t\x00a\
\x00g\x00s\x00,\x00 \x00u\x00s\x00a\x00 \
\x00u\x00n\x00a\x00 \x00c\x00o\x00m\x00a\
\x00 \x00\xab\x00,\x00\xbb\x00 \x00p\x00a\x00r\
\x00a\x00 \x00s\x00e\x00p\x00a\x00r\x00a\
\x00r\x00 \x00t\x00a\x00g\x00s\x08\x00\x00\x00\
\x00\x06\x00\x00\x00XSearch... \
use \x22tag:\x22 with \
no spaces to sea\
rch for tags, us\
e a comma \x22,\x22 to\
 seperate tags\x07\x00\
\x00\x00\x09SelectMod\x01\x03\x00\x00\
\x008\x00P\x00e\x00r\x00f\x00i\x00l\x00 \
\x00a\x00l\x00 \x00q\x00u\x00e\x00 \x00c\
\x00o\x00p\x00i\x00a\x00r\x00 \x00m\x00o\
\x00d\x00(\x00s\x00)\x00:\x08\x00\x00\x00\x00\x06\
\x00\x00\x00\x1aProfile to c\
opy mod(s) to:\x07\x00\
\x00\x00\x0dSelectProfile\
\x01\x03\x00\x00\x00\x12\x00B\x00u\x00s\x00c\x00a\
\x00r\x00.\x00.\x00.\x08\x00\x00\x00\x00\x06\x00\x00\
\x00\x09Search...\x07\x00\x00\x00\x0d\
SelectProfile\x01\x03\x00\
\x00\x00\x0c\x00N\x00o\x00m\x00b\x00r\x00e\x08\
\x00\x00\x00\x00\x06\x00\x00\x00\x04Name\x07\x00\x00\
\x00\x0aTagDisplay\x01\x03\x00\x00\
\x00\x12\x00E\x00t\x00i\x00q\x00u\x00e\x00t\
\x00a\x00s\x08\x00\x00\x00\x00\x06\x00\x00\x00\x04Ta\
gs\x07\x00\x00\x00\x0aTagDispla\
y\x01\x03\x00\x00\x00*\x00A\x00\xf1\x00a\x00d\x00\
i\x00r\x00 \x00e\x00t\x00i\x00q\x00u\x00\
e\x00t\x00a\x00 \x00a\x00 \x00m\x00o\x00\
d\x08\x00\x00\x00\x00\x06\x00\x00\x00\x0eAdd t\
ag to mod\x07\x00\x00\x00\x0aTa\
gHandler\x01\x03\x00\x00\x000\x00E\
\x00l\x00i\x00m\x00i\x00n\x00a\x00r\x00 \
\x00e\x00t\x00i\x00q\x00u\x00e\x00t\x00a\
\x00 \x00d\x00e\x00 \x00m\x00o\x00d\x08\x00\
\x00\x00\x00\x06\x00\x00\x00\x13Remove t\
ag from mod\x07\x00\x00\x00\x0a\
TagHandler\x01\x03\x00\x00\x00z\
\x00P\x00a\x00r\x00a\x00 \x00e\x00s\x00p\
\x00e\x00c\x00i\x00f\x00i\x00c\x00a\x00r\
\x00 \x00v\x00a\x00r\x00i\x00a\x00s\x00 \
\x00e\x00t\x00i\x00q\x00u\x00e\x00t\x00a\
\x00s\x00,\x00 \x00s\x00e\x00p\x00\xe1\x00r\
\x00e\x00l\x00a\x00s\x00 \x00c\x00o\x00n\
\x00 \x00u\x00n\x00a\x00 \x00c\x00o\x00m\
\x00a\x00 \x00\xab\x00,\x00\xbb\x08\x00\x00\x00\x00\x06\
\x00\x00\x007To specify m\
ultiple tags sep\
erate them with \
a comma \x22,\x22\x07\x00\x00\x00\x0a\
TagHandler\x01\x03\x00\x00\x00<\
\x00(\x00E\x00s\x00t\x00a\x00 \x00a\x00c\
\x00c\x00i\x00\xf3\x00n\x00 \x00n\x00o\x00 \
\x00e\x00s\x00 \x00r\x00e\x00v\x00e\x00r\
\x00s\x00i\x00b\x00l\x00e\x00)\x08\x00\x00\x00\
\x00\x06\x00\x00\x00 (This acti\
on cannot be rev\
ersed)\x07\x00\x00\x00\x09TagVi\
ewer\x01\x03\x00\x00\x00\x9a\x00\xbf\x00E\x00s\
\x00t\x00\xe1\x00s\x00 \x00s\x00e\x00g\x00u\
\x00r\x00o\x00 \x00d\x00e\x00 \x00q\x00u\
\x00e\x00 \x00q\x00u\x00i\x00e\x00r\x00e\
\x00s\x00 \x00b\x00o\x00r\x00r\x00a\x00r\
\x00 \x00t\x00o\x00d\x00a\x00s\x00 \x00l\
\x00a\x00s\x00 \x00e\x00t\x00i\x00q\x00u\
\x00e\x00t\x00a\x00s\x00 \x00a\x00s\x00o\
\x00c\x00i\x00a\x00d\x00a\x00s\x00 \x00a\
\x00 \x00t\x00u\x00s\x00 \x00m\x00o\x00d\
\x00s\x00?\x08\x00\x00\x00\x00\x06\x00\x00\x00JAr\
e you sure you w\
ant to delete al\
l of the tags as\
sociated with yo\
ur mods?\x07\x00\x00\x00\x09Tag\
Viewer\x01\x03\x00\x00\x004\x00B\x00o\
\x00r\x00r\x00a\x00r\x00 \x00t\x00o\x00d\
\x00a\x00s\x00 \x00l\x00a\x00s\x00 \x00e\
\x00t\x00i\x00q\x00u\x00e\x00t\x00a\x00s\
\x08\x00\x00\x00\x00\x06\x00\x00\x00\x0fDelete\
 all tags\x07\x00\x00\x00\x09Ta\
gViewer\x01\x03\x00\x00\x00,\x00V\x00\
i\x00s\x00o\x00r\x00 \x00d\x00e\x00 \x00\
e\x00t\x00i\x00q\x00u\x00e\x00t\x00a\x00\
s\x00 \x00m\x00o\x00d\x08\x00\x00\x00\x00\x06\x00\
\x00\x00\x0eMod Tag Viewe\
r\x07\x00\x00\x00\x09TagViewer\x01\
\x03\x00\x00\x00$\x00A\x00\xf1\x00a\x00d\x00i\x00\
r\x00 \x00e\x00t\x00i\x00q\x00u\x00e\x00\
t\x00a\x00(\x00s\x00)\x08\x00\x00\x00\x00\x06\x00\
\x00\x00\x0aAdd Tag(s)\x07\x00\x00\
\x00\x0dTagViewerMenu\x01\
\x03\x00\x00\x008\x00E\x00l\x00i\x00m\x00i\x00\
n\x00a\x00r\x00 \x00t\x00o\x00d\x00a\x00\
s\x00 \x00l\x00a\x00s\x00 \x00e\x00t\x00\
i\x00q\x00u\x00e\x00t\x00a\x00s\x08\x00\x00\
\x00\x00\x06\x00\x00\x00\x0fDelete Al\
l Tags\x07\x00\x00\x00\x0dTagVi\
ewerMenu\x01\x03\x00\x00\x00(\x00E\
\x00l\x00i\x00m\x00i\x00n\x00a\x00r\x00 \
\x00e\x00t\x00i\x00q\x00u\x00e\x00t\x00a\
\x00(\x00s\x00)\x08\x00\x00\x00\x00\x06\x00\x00\x00\x0d\
Remove Tag(s)\x07\x00\x00\
\x00\x0dTagViewerMenu\x01\
\x03\x00\x00\x00$\x00A\x00\xf1\x00a\x00d\x00i\x00\
r\x00 \x00h\x00e\x00r\x00r\x00a\x00m\x00\
i\x00e\x00n\x00t\x00a\x08\x00\x00\x00\x00\x06\x00\
\x00\x00\x08Add Tool\x07\x00\x00\x00\x0b\
ToolManager\x01\x03\x00\x00\x00\
\x16\x00E\x00j\x00e\x00c\x00u\x00t\x00a\x00\
b\x00l\x00e\x00s\x08\x00\x00\x00\x00\x06\x00\x00\x00\
\x0bExecutables\x07\x00\x00\x00\
\x0bToolManager\x01\x03\x00\x00\
\x00J\x00S\x00e\x00l\x00e\x00c\x00c\x00i\
\x00o\x00n\x00a\x00r\x00 \x00h\x00e\x00r\
\x00r\x00a\x00m\x00i\x00e\x00n\x00t\x00a\
\x00(\x00s\x00)\x00 \x00e\x00x\x00t\x00e\
\x00r\x00n\x00a\x00(\x00s\x00)\x08\x00\x00\x00\
\x00\x06\x00\x00\x00\x17Select Ext\
ernal Tool(s)\x07\x00\x00\
\x00\x0bToolManager\x01\x03\x00\
\x00\x00J\x00S\x00e\x00 \x00h\x00a\x00 \x00\
p\x00r\x00o\x00d\x00u\x00c\x00i\x00d\x00\
o\x00 \x00u\x00n\x00 \x00e\x00r\x00r\x00\
o\x00r\x00 \x00e\x00n\x00 \x00u\x00n\x00\
Z\x00i\x00p\x00M\x00o\x00d\x00:\x08\x00\x00\
\x00\x00\x06\x00\x00\x00 An error \
was raised in un\
ZipMod:\x07\x00\x00\x00\x08UnZi\
pMod\x01\x03\x00\x00\x00T\x00I\x00n\x00t\
\x00e\x00n\x00t\x00a\x00 \x00e\x00x\x00t\
\x00r\x00a\x00e\x00r\x00 \x00e\x00l\x00 \
\x00m\x00o\x00d\x00 \x00m\x00a\x00n\x00u\
\x00a\x00l\x00m\x00e\x00n\x00t\x00e\x00 \
\x00p\x00r\x00i\x00m\x00e\x00r\x00o\x08\x00\
\x00\x00\x00\x06\x00\x00\x00%Try extr\
acting the mod m\
anually first\x07\x00\x00\
\x00\x08UnZipMod\x01\x03\x00\x00\x00\x1e\
\x00D\x00e\x00s\x00c\x00o\x00m\x00p\x00r\
\x00i\x00m\x00i\x00e\x00n\x00d\x00o\x08\x00\
\x00\x00\x00\x06\x00\x00\x00\x09Unpackin\
g\x07\x00\x00\x00\x08UnZipMod\x01\x03\
\x00\x00\x00T\x00C\x00o\x00m\x00p\x00r\x00o\
\x00b\x00a\x00c\x00i\x00\xf3\x00n\x00 \x00d\
\x00e\x00 \x00l\x00o\x00s\x00 \x00p\x00e\
\x00r\x00m\x00i\x00s\x00o\x00s\x00 \x00d\
\x00e\x00 \x00a\x00r\x00c\x00h\x00i\x00v\
\x00o\x00 \x00d\x00e\x08\x00\x00\x00\x00\x06\x00\x00\
\x00\x1cChecking file \
permissions of\x07\x00\
\x00\x00\x06Worker\x01\x03\x00\x00\x00L\x00\
C\x00o\x00m\x00p\x00r\x00o\x00b\x00a\x00\
n\x00d\x00o\x00 \x00l\x00o\x00s\x00 \x00\
p\x00e\x00r\x00m\x00i\x00s\x00o\x00s\x00\
 \x00d\x00e\x00 \x00c\x00a\x00r\x00p\x00\
e\x00t\x00a\x00 \x00d\x00e\x08\x00\x00\x00\x00\
\x06\x00\x00\x00\x1eChecking fo\
lder permissions\
 of\x07\x00\x00\x00\x06Worker\x01\x03\
\x00\x00\x008\x00A\x00r\x00r\x00e\x00g\x00l\
\x00a\x00n\x00d\x00o\x00 \x00l\x00a\x00 \
\x00i\x00n\x00s\x00t\x00a\x00l\x00a\x00c\
\x00i\x00\xf3\x00n\x00 \x00d\x00e\x08\x00\x00\x00\
\x00\x06\x00\x00\x00\x12Fixing ins\
tall for\x07\x00\x00\x00\x06Wor\
ker\x01\x03\x00\x00\x00\x1c\x00I\x00n\x00s\x00\
e\x00r\x00t\x00a\x00r\x00 \x00t\x00e\x00\
x\x00t\x00o\x08\x00\x00\x00\x00\x06\x00\x00\x00\x0bI\
nsert text\x07\x00\x00\x00\x0ci\
nsertString\x01\x03\x00\x00\x00\
H\x00P\x00e\x00r\x00f\x00i\x00l\x00:\x00\
 \x00A\x00l\x00g\x00u\x00n\x00o\x00s\x00\
 \x00m\x00o\x00d\x00s\x00 \x00n\x00o\x00\
 \x00s\x00e\x00 \x00a\x00p\x00l\x00i\x00\
c\x00a\x00r\x00o\x00n\x08\x00\x00\x00\x00\x06\x00\
\x00\x00#Profile: Some\
 mods were not a\
pplied\x07\x00\x00\x00\x0amodPr\
ofile\x01\x03\x00\x00\x00~\x00L\x00o\x00\
s\x00 \x00s\x00i\x00g\x00u\x00i\x00e\x00\
n\x00t\x00e\x00s\x00 \x00m\x00o\x00d\x00\
s\x00 \x00n\x00o\x00 \x00s\x00e\x00 \x00\
a\x00p\x00l\x00i\x00c\x00a\x00r\x00o\x00\
n\x00 \x00p\x00o\x00r\x00q\x00u\x00e\x00\
 \x00n\x00o\x00 \x00e\x00s\x00t\x00\xe1\x00\
n\x00 \x00i\x00n\x00s\x00t\x00a\x00l\x00\
a\x00d\x00o\x00s\x00:\x08\x00\x00\x00\x00\x06\x00\
\x00\x00CThe following\
 mods were not a\
pplied because t\
hey are not inst\
alled:\x07\x00\x00\x00\x0amodPr\
ofile\x01\x03\x00\x00\x00\x1a\x00I\x00n\x00\
s\x00t\x00a\x00l\x00a\x00r\x00 \x00m\x00\
o\x00d\x00s\x08\x00\x00\x00\x00\x06\x00\x00\x00\x0fI\
nstalling mods\x07\x00\
\x00\x00\x0enewModLocatio\
n\x01\x03\x00\x00\x00l\x00P\x00o\x00r\x00 \x00\
f\x00a\x00v\x00o\x00r\x00,\x00 \x00s\x00\
e\x00l\x00e\x00c\x00c\x00i\x00o\x00n\x00\
a\x00 \x00d\x00\xf3\x00n\x00d\x00e\x00 \x00\
d\x00e\x00b\x00e\x00n\x00 \x00i\x00n\x00\
s\x00t\x00a\x00l\x00a\x00r\x00s\x00e\x00\
 \x00l\x00o\x00s\x00 \x00m\x00o\x00d\x00\
s\x00:\x08\x00\x00\x00\x00\x06\x00\x00\x001Ple\
ase select where\
 the mods should\
 be installed:\x07\x00\
\x00\x00\x0enewModLocatio\
n\x01\x03\x00\x00\x00T\x00C\x00a\x00n\x00c\x00\
e\x00l\x00a\x00n\x00d\x00o\x00.\x00.\x00\
.\x00 \x00(\x00F\x00i\x00n\x00a\x00l\x00\
i\x00z\x00a\x00n\x00d\x00o\x00 \x00e\x00\
l\x00 \x00p\x00a\x00s\x00o\x00 \x00a\x00\
c\x00t\x00u\x00a\x00l\x00)\x08\x00\x00\x00\x00\
\x06\x00\x00\x00%Canceling..\
. (Finishing cur\
rent step)\x07\x00\x00\x00\x0eu\
pdateDetected\x01\x03\x00\
\x00\x00z\x00H\x00a\x00g\x00a\x00 \x00c\x00\
l\x00i\x00c\x00 \x00e\x00n\x00 \x00A\x00\
c\x00e\x00p\x00t\x00a\x00r\x00 \x00p\x00\
a\x00r\x00a\x00 \x00s\x00a\x00l\x00i\x00\
r\x00 \x00y\x00 \x00a\x00c\x00t\x00u\x00\
a\x00l\x00i\x00z\x00a\x00r\x00 \x00M\x00\
y\x00t\x00h\x00 \x00M\x00o\x00d\x00 \x00\
M\x00a\x00n\x00a\x00g\x00e\x00r\x08\x00\x00\
\x00\x00\x06\x00\x00\x00,Click ok \
to exit and upda\
te Myth Mod Mana\
ger\x07\x00\x00\x00\x0eupdateDe\
tected\x01\x03\x00\x00\x00\x1e\x00V\x00e\
\x00r\x00s\x00i\x00\xf3\x00n\x00 \x00a\x00c\
\x00t\x00u\x00a\x00l\x00:\x08\x00\x00\x00\x00\x06\
\x00\x00\x00\x10Current Vers\
ion:\x07\x00\x00\x00\x0eupdateD\
etected\x01\x03\x00\x00\x00*\x00N\x00\
o\x00 \x00v\x00o\x00l\x00v\x00e\x00r\x00\
 \x00a\x00 \x00p\x00r\x00e\x00g\x00u\x00\
n\x00t\x00a\x00r\x08\x00\x00\x00\x00\x06\x00\x00\x00\
\x10Do not ask agai\
n\x07\x00\x00\x00\x0eupdateDete\
cted\x01\x03\x00\x00\x00$\x00\xbf\x00D\x00e\
\x00s\x00e\x00a\x00 \x00A\x00c\x00t\x00u\
\x00a\x00l\x00i\x00z\x00a\x00r\x00?\x08\x00\
\x00\x00\x00\x06\x00\x00\x00\x16Do you w\
ant to Update?\x07\x00\
\x00\x00\x0eupdateDetecte\
d\x01\x03\x00\x00\x00\x0a\x00E\x00r\x00r\x00o\x00\
r\x08\x00\x00\x00\x00\x06\x00\x00\x00\x05Error\
\x07\x00\x00\x00\x0eupdateDetec\
ted\x01\x03\x00\x00\x00,\x00\xa1\x00I\x00n\x00\
s\x00t\x00a\x00l\x00a\x00c\x00i\x00\xf3\x00\
n\x00 \x00c\x00o\x00r\x00r\x00e\x00c\x00\
t\x00a\x00!\x08\x00\x00\x00\x00\x06\x00\x00\x00\x18I\
nstallation Succ\
essful!\x07\x00\x00\x00\x0eupda\
teDetected\x01\x03\x00\x00\x00>\
\x00N\x00u\x00e\x00v\x00a\x00 \x00a\x00c\
\x00t\x00u\x00a\x00l\x00i\x00z\x00a\x00c\
\x00i\x00\xf3\x00n\x00 \x00e\x00n\x00c\x00o\
\x00n\x00t\x00r\x00a\x00d\x00a\x00:\x08\x00\
\x00\x00\x00\x06\x00\x00\x00\x11New upda\
te found:\x07\x00\x00\x00\x0eup\
dateDetected\x01\x03\x00\x00\
\x00,\x00A\x00v\x00i\x00s\x00o\x00 \x00d\
\x00e\x00 \x00a\x00c\x00t\x00u\x00a\x00l\
\x00i\x00z\x00a\x00c\x00i\x00\xf3\x00n\x08\x00\
\x00\x00\x00\x06\x00\x00\x00\x0dUpdate N\
otice\x07\x00\x00\x00\x0eupdate\
Detected\x01\x03\x00\x00\x00J\x00V\
\x00e\x00r\x00 \x00n\x00o\x00t\x00a\x00s\
\x00 \x00d\x00e\x00 \x00l\x00a\x00 \x00v\
\x00e\x00r\x00s\x00i\x00\xf3\x00n\x00 \x00e\
\x00n\x00 \x00g\x00i\x00t\x00h\x00u\x00b\
\x00.\x00c\x00o\x00m\x08\x00\x00\x00\x00\x06\x00\x00\
\x00 View Release N\
otes on github.c\
om\x07\x00\x00\x00\x0eupdateDet\
ected\x01\x88\x00\x00\x00\x02\x01\x01\
\x00\x00G#\
<\
\xb8d\x18\xca\xef\x9c\x95\xcd!\x1c\xbf`\xa1\xbd\xddB\
\x00\x00\x05\x10\x00\x00\x07\xaf\x00\x00\x07\x1c\x00\x02\xf5\x05\
\x00\x00,\x98\x00\x04\xa8\x8b\x00\x00\x1e\xef\x00\x04\xef\xa5\
\x00\x00\x13\x8c\x00\x05@\x93\x00\x00\x1d\x9c\x00\x05@\x93\
\x00\x00#\xd1\x00\x05H5\x00\x00\x16?\x00\x05H5\
\x00\x002o\x00\x05\xa7\xe3\x00\x002\x98\x00\x05\xc0e\
\x00\x00\x16k\x00 n\x0a\x00\x00*%\x00-\x9b#\
\x00\x005\xa8\x00/\x99#\x00\x006\x91\x00G\x96\xc4\
\x00\x00\x11\x9a\x00Hw9\x00\x00\x1c\xc0\x00Kdq\
\x00\x00.\xf8\x00L\x99b\x00\x00\x0c\xe3\x00L\x99b\
\x00\x00?\xe1\x00R\xfd\xf4\x00\x00 \xb4\x00SY|\
\x00\x00\x15\x86\x00U\x0d\xff\x00\x00\x08\xd6\x00[f3\
\x00\x00\x12[\x00]\x05y\x00\x00=\x8b\x00`\xb7u\
\x00\x00\x14S\x00\x95\x84\xda\x00\x00+\x83\x00\x97\x92\xb4\
\x00\x00\x0e\xe8\x00\x97\x96\x04\x00\x00\x15\x11\x00\xaao\x12\
\x00\x005\xf5\x00\xad\xc0\x0a\x00\x00(\xa4\x00\xcd0>\
\x00\x00\x018\x016\xad\xc1\x00\x00!O\x017\xfe\xb2\
\x00\x003l\x01L\x05#\x00\x00\x1d\xf9\x01X\x11u\
\x00\x00\x12\x95\x01\xb6\x0b,\x00\x00\x0e|\x01\xcd\x8c\xae\
\x00\x00\x1ec\x02;\x9c,\x00\x00\x0a\xa9\x02}\xb5\x95\
\x00\x00*\xb9\x02\xcc\xfcc\x00\x00\x15\xbf\x02\xe3/b\
\x00\x00\x17\x0d\x02\xfb\xd1T\x00\x00;\x0d\x033\xb5u\
\x00\x00-B\x03]\x7f\x80\x00\x00!\x91\x03k\x81\x09\
\x00\x0042\x03\x84}\x92\x00\x00\x11\xc0\x03\x8e\xc7\x8a\
\x00\x00(9\x03\xd6\x9f+\x00\x00/\x91\x03\xe5\x0e\xdd\
\x00\x00\x17\xb1\x04\x10\x89U\x00\x00\x1e\xa9\x04%<\x15\
\x00\x00/4\x04XMJ\x00\x00>\xd0\x04l\x1bN\
\x00\x00\x13\xbc\x04y,\x87\x00\x00\x1c~\x04\x98I\xbc\
\x00\x00\x1c\xf3\x04\xac,\xa5\x00\x00\x12\xe9\x04\xbd\xf1\xaa\
\x00\x00\x22T\x04\xc4>D\x00\x00\x0b\xfa\x04\xc4y%\
\x00\x00\x13V\x04\xded\x91\x00\x00@\x15\x04\xeb/\x0a\
\x00\x00 ~\x04\xf8\xaa\x9f\x00\x004\xba\x05\x01q\x8a\
\x00\x00\x07A\x05-\xd3j\x00\x00\x1b\xe8\x058\xd6j\
\x00\x00\x1f\x22\x05\x8cF\xc5\x00\x00\x11a\x05\xa3\xe59\
\x00\x006G\x05\xfbc\xc9\x00\x00\x14\x0a\x06\x03e>\
\x00\x00\x00\x00\x06\x1aF\xca\x00\x00;\xa1\x06J@\x04\
\x00\x00+:\x06z/\xe5\x00\x00\x18\x91\x06zD\x17\
\x00\x009D\x06{\x06\x03\x00\x00\x11\xf6\x06\x83AJ\
\x00\x00 \xea\x06\x9a\xf5C\x00\x00\x1d\xc8\x06\x9a\xf5C\
\x00\x00)<\x06\xc2\xe0\x14\x00\x00-\xf1\x06\xeb\xfdv\
\x00\x009~\x07\x02\x87\xdf\x00\x00\x06\xdd\x07\x87\x8cJ\
\x00\x00\x0f[\x07\x95\xd0u\x00\x00+\xd8\x07\x9e\xea\xd3\
\x00\x00\x06D\x07\xbd\xb2\xe2\x00\x00>\x1b\x07\xd2ju\
\x00\x00,M\x07\xe0\x11*\x00\x001\xa0\x07\xe2\x93\x13\
\x00\x00\x1a\xcf\x08\x05\x0e\x1e\x00\x00?!\x08.\xba\xd5\
\x00\x00\x03K\x08<\xaa\xa4\x00\x003\x14\x08\x8a\x0a\xbe\
\x00\x0024\x09&\xdd:\x00\x00\x1b\x0e\x097\xf54\
\x00\x00:\xc5\x09<%\xb5\x00\x00@\xe8\x09<\xa0\x8e\
\x00\x00\x09\xd8\x09]\x07\xb3\x00\x00\x12&\x09n\x19\x19\
\x00\x00\x00\xca\x09n\xf6\xdf\x00\x00?~\x09yeG\
\x00\x00\x1b\xa5\x09\x82\x0b\xde\x00\x00%\x1b\x09\x96B>\
\x00\x00\x09\xa2\x0a+\x85\x80\x00\x00\x05S\x0a=\xc0J\
\x00\x00(\xf4\x0a]\x9b\x02\x00\x00#\x02\x0aeA\xc3\
\x00\x00,\x0d\x0ae\xb2,\x00\x007-\x0ah\x00\x07\
\x00\x00\x05\x87\x0aj\xd2\xc9\x00\x00\x10'\x0a\x88+\xe7\
\x00\x00\x07\xd7\x0a\xb1\x05\x98\x00\x00\x11\x03\x0a\xe0\xee\x84\
\x00\x00\x0c|\x0a\xe1\xf9\x19\x00\x00\x189\x0b\x09\x07z\
\x00\x00@\x82\x0b\x09ye\x00\x00\x13\x1d\x0b\x22t]\
\x00\x00\x09-\x0bAj\xa5\x00\x00\x16\xcc\x0b\x5c@\x5c\
\x00\x00\x0d\xde\x0b\x96\xdc\xaa\x00\x008;\x0b\xd3\x0e\xf5\
\x00\x00.1\x0b\xd4:9\x00\x00\x02\xe4\x0b\xee\xc7\x82\
\x00\x00:f\x0c \xaf\x9f\x00\x00\x1f\x86\x0c,\xac\xe7\
\x00\x00\x08\xa0\x0c0\xfds\x00\x00\x18\xfa\x0c>7d\
\x00\x00)v\x0cG\x92\xf4\x00\x00\x15M\x0cQ\x0b\xd2\
\x00\x00\x1a\x84\x0cV\xb4n\x00\x00\x03\xb5\x0ceP\xa3\
\x00\x00%}\x0cj\x8a\x93\x00\x00\x22\x16\x0cm_\x93\
\x00\x00\x22\xa1\x0c\x94\x16Z\x00\x00<\xd3\x0c\xc9\xa0\x0e\
\x00\x00\x16\x97\x0c\xe5\x11\xba\x00\x00\x08\x15\x0c\xebyc\
\x00\x00\x0d\x15\x0c\xebyc\x00\x007{\x0c\xf6)\xee\
\x00\x00-\x92\x0dL\xf4\xd8\x00\x00'\x0c\x0dc\xf3y\
\x00\x006\xe2\x0dl\xcd\xf6\x00\x009\xf1\x0d\xac\x9c\x19\
\x00\x007\xc8\x0d\xc4\xc8<\x00\x00\x1d%\x0d\xc4\xc8<\
\x00\x00 J\x0d\xd6\xd1\xb4\x00\x002\xc3\x0e/\xbeC\
\x00\x00\x04\xad\x0e?\xc7\x03\x00\x00<\x83\x0ee~j\
\x00\x00'\xd6\x0ei\x85\xfe\x00\x00\x05\xc3\x0e\x7f\x98Z\
\x00\x00/\xf7\x0e\x8c\xfau\x00\x00.}\x0e\xb0\x1b\x1e\
\x00\x00$\xc5\x0e\xc8a\xa2\x00\x00&.\x0e\xdb#r\
\x00\x00\x14\x9f\x0e\xe6W\xe5\x00\x00,\xe7\x0e\xfa\x87\xb4\
\x00\x008\xae\x0f\x0a\x9f\xc9\x00\x00\x10\x8d\x0f\x15\x9f\xdc\
\x00\x00\x0dc\x0f=\xcc?\x00\x00\x0bW\x0fC\xc9\xf4\
\x00\x00#\xfd\x0f\x9bs3\x00\x00\x1dR\x0f\xaa\xa7-\
\x00\x00AJ\x0f\xfcx\xc3\x00\x00\x19?\x0f\xfcx\xc3\
\x00\x000\x5ci\x00\x00A\xe7\x03\x00\x00\x00n\x04\x1f\
\x04@\x045\x044\x04;\x04>\x046\x045\x04=\
\x048\x04O\x00 \x04=\x040\x00 \x00m\x00o\
\x00d\x00w\x00o\x00r\x00k\x00s\x00h\x00o\
\x00p\x00.\x00n\x00e\x00t\x00 \x048\x00 \
\x00g\x00i\x00t\x00h\x00u\x00b\x00 \x04?\
\x04@\x048\x042\x045\x04B\x04A\x04B\x042\
\x04C\x04N\x04B\x04A\x04O\x00.\x08\x00\x00\x00\
\x00\x06\x00\x00\x00BSuggestion\
s are greatly ap\
preciated on mod\
workshop.net and\
 github.\x07\x00\x00\x00\x05Abo\
ut\x01\x03\x00\x00\x00:\x04\x1f\x04>\x044\x044\
\x045\x04@\x046\x048\x04B\x045\x00 \x00W\
\x00o\x00l\x00f\x00m\x00y\x00t\x00h\x00s\
\x00 \x04=\x040\x00 \x00K\x00o\x00-\x00F\
\x00i\x08\x00\x00\x00\x00\x06\x00\x00\x00\x1aSupp\
ort Wolfmyths on\
 Ko-Fi\x07\x00\x00\x00\x05About\
\x01\x03\x00\x00\x01\x0e\x04&\x045\x04;\x04L\x00 \
\x04M\x04B\x04>\x049\x00 \x04?\x04@\x04>\
\x043\x04@\x040\x04<\x04<\x04K\x00 \x00-\
\x00 \x04C\x04?\x04@\x04>\x04A\x04B\x048\
\x04B\x04L\x00 \x04?\x04@\x04>\x04F\x045\
\x04A\x04A\x00 \x04C\x04?\x04@\x040\x042\
\x04;\x045\x04=\x048\x04O\x00 \x04<\x04>\
\x044\x040\x04<\x048\x00 \x044\x04;\x04O\
\x00 \x00P\x00A\x00Y\x00D\x00A\x00Y\x00 \
\x002\x00 \x041\x045\x047\x00 \x04=\x045\
\x04>\x041\x04E\x04>\x044\x048\x04<\x04>\
\x04A\x04B\x048\x00 \x046\x04>\x04=\x043\
\x04;\x048\x04@\x04>\x042\x040\x04B\x04L\
\x00 \x04<\x04=\x04>\x043\x04>\x04G\x048\
\x04A\x04;\x045\x04=\x04=\x04K\x04<\x048\
\x00 \x04D\x040\x049\x04;\x04>\x04>\x041\
\x04<\x045\x04=\x04=\x048\x04:\x040\x04<\
\x048\x00.\x08\x00\x00\x00\x00\x06\x00\x00\x00\x84Th\
e goal of this p\
rogram is to str\
eamline the proc\
cess of PAYDAY 2\
 mod managment w\
ithout hassle of\
 juggling multip\
le file explorer\
s.\x07\x00\x00\x00\x05About\x01\x03\x00\x00\
\x006\x04\x1f\x04>\x04A\x045\x04B\x048\x04B\
\x045\x00 \x04@\x045\x04?\x04>\x047\x048\
\x04B\x04>\x04@\x048\x049\x00 \x00G\x00i\
\x00t\x00h\x00u\x00b\x08\x00\x00\x00\x00\x06\x00\x00\
\x00\x17Visit Github R\
epository\x07\x00\x00\x00\x05Ab\
out\x01\x03\x00\x00\x00:\x04\x1f\x04>\x04A\x04\
5\x04B\x048\x04B\x045\x00 \x04A\x04B\x04\
@\x040\x04=\x048\x04F\x04C\x00 \x00M\x00\
o\x00d\x00w\x00o\x00r\x00k\x00s\x00h\x00\
o\x00p\x08\x00\x00\x00\x00\x06\x00\x00\x00\x16Vis\
it Modworkshop P\
age\x07\x00\x00\x00\x05About\x01\x03\x00\
\x00\x00\x9e\x04M\x04B\x04>\x00 \x04<\x045\x04\
=\x045\x044\x046\x045\x04@\x00 \x04<\x04\
>\x044\x04>\x042\x00 \x04A\x00 \x04>\x04\
B\x04:\x04@\x04K\x04B\x04K\x04<\x00 \x04\
8\x04A\x04E\x04>\x044\x04=\x04K\x04<\x00\
 \x04:\x04>\x044\x04>\x04<\x00 \x044\x04\
;\x04O\x00 \x00P\x00A\x00Y\x00D\x00A\x00\
Y\x00 \x002\x00,\x00 \x04A\x04>\x047\x04\
4\x040\x04=\x04=\x04K\x049\x00 \x00W\x00\
o\x00l\x00f\x00m\x00y\x00t\x00h\x00s\x00\
.\x08\x00\x00\x00\x00\x06\x00\x00\x00@is an\
 open-source mod\
 manager for PAY\
DAY 2 created by\
 Wolfmyths.\x07\x00\x00\x00\x05\
About\x01\x03\x00\x00\x00^\x04\x12\x04>\x04\
7\x04=\x048\x04:\x04;\x040\x00 \x04>\x04\
H\x048\x041\x04:\x040\x00 \x04?\x04@\x04\
8\x00 \x04@\x045\x047\x045\x04@\x042\x04\
=\x04>\x04<\x00 \x04:\x04>\x04?\x048\x04\
@\x04>\x042\x040\x04=\x048\x048\x00 \x04\
<\x04>\x044\x04>\x042\x08\x00\x00\x00\x00\x06\x00\
\x00\x00)An error was \
raised while bac\
king up mods\x07\x00\x00\x00\
\x0aBackupMods\x01\x03\x00\x00\x00\
\x0e\x04\x1e\x04G\x048\x04A\x04B\x04:\x040\x08\
\x00\x00\x00\x00\x06\x00\x00\x00\x07Cleanup\
\x07\x00\x00\x00\x0aBackupMods\x01\
\x03\x00\x00\x00\x16\x04\x1a\x04>\x04?\x048\x04@\x04\
>\x042\x040\x04=\x048\x045\x08\x00\x00\x00\x00\
\x06\x00\x00\x00\x07Copying\x07\x00\x00\x00\
\x0aBackupMods\x01\x03\x00\x00\x00\
F\x04-\x04B\x04>\x00 \x04<\x04>\x046\x04\
5\x04B\x00 \x047\x040\x04=\x04O\x04B\x04\
L\x00 \x04=\x045\x04:\x04>\x04B\x04>\x04\
@\x04>\x045\x00 \x042\x04@\x045\x04<\x04\
O\x00.\x00.\x00.\x08\x00\x00\x00\x00\x06\x00\x00\x00\
\x1cThis might take\
 some time...\x07\x00\x00\
\x00\x0aBackupMods\x01\x03\x00\x00\
\x00\x5c\x04\x1f\x04@\x04>\x042\x045\x04@\x04:\
\x040\x00 \x04?\x04C\x04B\x045\x049\x00 \
\x04:\x00 \x04?\x040\x04?\x04:\x040\x04<\
\x00 \x04@\x045\x047\x045\x04@\x042\x04=\
\x04>\x043\x04>\x00 \x04:\x04>\x04?\x048\
\x04@\x04>\x042\x040\x04=\x048\x04O\x08\x00\
\x00\x00\x00\x06\x00\x00\x00\x1eValidati\
ng backup folder\
 paths\x07\x00\x00\x00\x0aBacku\
pMods\x01\x03\x00\x00\x00\x16\x04\x10\x04@\x04\
E\x048\x042\x040\x04F\x048\x04O\x00 \x04\
2\x08\x00\x00\x00\x00\x06\x00\x00\x00\x0aZippi\
ng to\x07\x00\x00\x00\x0aBackup\
Mods\x01\x03\x00\x00\x00\x04\x04=\x040\x08\x00\
\x00\x00\x00\x06\x00\x00\x00\x02to\x07\x00\x00\x00\x0aB\
ackupMods\x01\x03\x00\x00\x00H\x04\
\x12\x04>\x047\x04=\x048\x04:\x04;\x040\x00\
 \x04>\x04H\x048\x041\x04:\x040\x00 \x04\
?\x04@\x048\x00 \x04A\x04<\x045\x04=\x04\
5\x00 \x04B\x048\x04?\x040\x00 \x04<\x04\
>\x044\x040\x00:\x08\x00\x00\x00\x00\x06\x00\x00\x00\
,An error was ra\
ised while chang\
ing mod type:\x07\x00\x00\
\x00\x0dChangeModType\x01\
\x03\x00\x00\x00\x12\x04#\x04A\x04B\x040\x04=\x04\
>\x042\x04:\x040\x08\x00\x00\x00\x00\x06\x00\x00\x00\
\x0aInstalling\x07\x00\x00\x00\x0d\
ChangeModType\x01\x03\x00\
\x00\x00D\x04\x12\x04>\x047\x04=\x048\x04:\x04\
;\x040\x00 \x04>\x04H\x048\x041\x04:\x04\
0\x00 \x04?\x04@\x048\x00 \x04C\x044\x04\
0\x04;\x045\x04=\x048\x048\x00 \x04<\x04\
>\x044\x040\x00:\x08\x00\x00\x00\x00\x06\x00\x00\x00\
)An error was ra\
ised while delet\
ing a mod:\x07\x00\x00\x00\x09D\
eleteMod\x01\x03\x00\x00\x00\x10\x04#\
\x044\x040\x04;\x045\x04=\x048\x045\x08\x00\
\x00\x00\x00\x06\x00\x00\x00\x08Deleting\
\x07\x00\x00\x00\x09DeleteMod\x01\x03\
\x00\x00\x00$\x04\x1d\x045\x00 \x04C\x044\x040\
\x04;\x04>\x04A\x04L\x00 \x04>\x04B\x04:\
\x04@\x04K\x04B\x04L\x08\x00\x00\x00\x00\x06\x00\x00\
\x00\x11Could not open\
 to\x07\x00\x00\x00\x0dErrorChe\
cking\x01\x03\x00\x00\x00<\x04\x1d\x045\x00\
 \x04C\x044\x040\x04;\x04>\x04A\x04L\x00\
 \x047\x040\x04?\x04C\x04A\x04B\x048\x04\
B\x04L\x00 \x04?\x04@\x04>\x043\x04@\x04\
0\x04<\x04<\x04C\x08\x00\x00\x00\x00\x06\x00\x00\x00\
\x17Could not start\
 program\x07\x00\x00\x00\x0dErr\
orChecking\x01\x03\x00\x00\x00\x0c\
\x04\x1e\x04H\x048\x041\x04:\x040\x08\x00\x00\x00\
\x00\x06\x00\x00\x00\x08Error in\x07\x00\
\x00\x00\x0dErrorChecking\
\x01\x03\x00\x00\x00x\x04\x1f\x04>\x046\x040\x04;\
\x04C\x049\x04A\x04B\x040\x00,\x00 \x048\
\x04A\x04?\x04>\x04;\x04L\x047\x04C\x049\
\x04B\x045\x00 \x04?\x04>\x04;\x04=\x04K\
\x049\x00 \x04?\x04C\x04B\x04L\x00 \x04:\
\x00 \x047\x040\x04?\x04C\x04A\x04:\x040\
\x045\x04<\x04>\x049\x00 \x04?\x04@\x04>\
\x043\x04@\x040\x04<\x04<\x045\x00.\x08\x00\
\x00\x00\x00\x06\x00\x00\x007Please u\
se a full path t\
o the program yo\
u are starting.\x07\
\x00\x00\x00\x0dErrorCheckin\
g\x01\x03\x00\x00\x00`\x04\x12\x04>\x047\x04=\x04\
8\x04:\x04;\x040\x00 \x04>\x04H\x048\x04\
1\x04:\x040\x00 \x04?\x04@\x048\x00 \x04\
7\x040\x04?\x04C\x04A\x04:\x045\x00 \x04\
2\x04=\x045\x04H\x04=\x045\x043\x04>\x00\
 \x048\x04=\x04A\x04B\x04@\x04C\x04<\x04\
5\x04=\x04B\x040\x08\x00\x00\x00\x00\x06\x00\x00\x00\
-An error was ra\
ised starting an\
 external tool\x07\x00\
\x00\x00\x0cExternalTool\x01\
\x03\x00\x00\x00T\x04\x12\x04K\x00 \x04C\x042\x04\
5\x04@\x045\x04=\x04K\x00,\x00 \x04G\x04\
B\x04>\x00 \x04E\x04>\x04B\x048\x04B\x04\
5\x00 \x04C\x044\x040\x04;\x048\x04B\x04\
L\x00 \x04M\x04B\x04>\x04B\x00 \x04O\x04\
@\x04;\x04K\x04:\x00?\x08\x00\x00\x00\x00\x06\x00\
\x00\x00.Are you sure \
you want to dele\
te this shortcut\
?\x07\x00\x00\x00\x0cExternalTo\
ol\x01\x03\x00\x00\x00D\x04#\x044\x040\x04;\
\x048\x04B\x04L\x00 \x04O\x04@\x04;\x04K\
\x04:\x00 \x042\x04=\x045\x04H\x04=\x045\
\x043\x04>\x00 \x048\x04=\x04A\x04B\x04@\
\x04C\x04<\x045\x04=\x04B\x040\x08\x00\x00\x00\
\x00\x06\x00\x00\x00\x1dDelete ext\
ernal tool short\
cut\x07\x00\x00\x00\x0cExternal\
Tool\x01\x03\x00\x00\x002\x04#\x044\x040\
\x04;\x048\x04B\x04L\x00 \x04O\x04@\x04;\
\x04K\x04:\x00 \x048\x04=\x04A\x04B\x04@\
\x04C\x04<\x045\x04=\x04B\x040\x08\x00\x00\x00\
\x00\x06\x00\x00\x00\x14Delete too\
l shortcut\x07\x00\x00\x00\x0cE\
xternalTool\x01\x03\x00\x00\x00\
\x0c\x04\x1e\x04H\x048\x041\x04:\x040\x08\x00\x00\
\x00\x00\x06\x00\x00\x00\x05Error\x07\x00\x00\x00\
\x0cExternalTool\x01\x03\x00\
\x00\x00\x22\x04\x18\x04A\x04?\x04>\x04;\x04=\x04\
O\x045\x04<\x04K\x045\x00 \x04D\x040\x04\
9\x04;\x04K\x08\x00\x00\x00\x00\x06\x00\x00\x00\x0bE\
xecutables\x07\x00\x00\x00\x0cE\
xternalTool\x01\x03\x00\x00\x00\
B\x04\x12\x04K\x041\x045\x04@\x048\x04B\x04\
5\x00 \x04=\x04>\x042\x04K\x049\x00 \x04\
2\x04=\x045\x04H\x04=\x048\x049\x00 \x04\
8\x04=\x04A\x04B\x04@\x04C\x04<\x045\x04\
=\x04B\x08\x00\x00\x00\x00\x06\x00\x00\x00\x18Sel\
ect new external\
 tool\x07\x00\x00\x00\x0cExtern\
alTool\x01\x03\x00\x00\x00X\x04#\x04A\
\x04B\x040\x04=\x04>\x042\x048\x04B\x045\
\x00 \x04A\x04;\x04>\x04B\x00 \x04=\x040\
\x00 \x044\x04@\x04C\x043\x04>\x049\x00 \
\x042\x04=\x045\x04H\x04=\x048\x049\x00 \
\x048\x04=\x04A\x04B\x04@\x04C\x04<\x045\
\x04=\x04B\x08\x00\x00\x00\x00\x06\x00\x00\x00%Se\
t slot to a diff\
erent external t\
ool\x07\x00\x00\x00\x0cExternal\
Tool\x01\x03\x00\x00\x008\x04\x17\x040\x04?\
\x04C\x04A\x04B\x048\x04B\x04L\x00 \x042\
\x04=\x045\x04H\x04=\x048\x049\x00 \x048\
\x04=\x04A\x04B\x04@\x04C\x04<\x045\x04=\
\x04B\x08\x00\x00\x00\x00\x06\x00\x00\x00\x13Star\
t external tool\x07\
\x00\x00\x00\x0cExternalTool\
\x01\x03\x00\x00\x002\x04\x1d\x040\x049\x044\x045\
\x04=\x04K\x00 \x044\x04C\x041\x04;\x048\
\x04:\x040\x04B\x04K\x00 \x04O\x04@\x04;\
\x04K\x04:\x04>\x042\x08\x00\x00\x00\x00\x06\x00\x00\
\x00\x19Duplicate shor\
tcuts found\x07\x00\x00\x00\x13\
ExternalToolDisp\
lay\x01\x03\x00\x00\x00p\x04/\x04@\x04;\x04\
K\x04:\x048\x00 \x04=\x045\x00 \x041\x04\
K\x04;\x048\x00 \x044\x04>\x041\x040\x04\
2\x04;\x045\x04=\x04K\x00,\x00 \x04?\x04\
>\x04B\x04>\x04<\x04C\x00 \x04G\x04B\x04\
>\x00 \x04>\x04=\x048\x00 \x04C\x046\x04\
5\x00 \x04A\x04C\x04I\x045\x04A\x04B\x04\
2\x04C\x04N\x04B\x00:\x08\x00\x00\x00\x00\x06\x00\
\x00\x004Shortcuts wer\
e not added beca\
use they already\
 exist:\x07\x00\x00\x00\x13Exte\
rnalToolDisplay\x01\
\x03\x00\x00\x00*\x04\x1a\x040\x04B\x040\x04;\x04\
>\x043\x00 \x048\x043\x04@\x04K\x00 \x00\
P\x00A\x00Y\x00D\x00A\x00Y\x00 \x002\x08\
\x00\x00\x00\x00\x06\x00\x00\x00\x17PAYDAY \
2 Game Directory\
\x07\x00\x00\x00\x10GamePathNot\
Found\x01\x03\x00\x00\x008\x04\x12\x04K\x04\
1\x045\x04@\x048\x04B\x045\x00 \x044\x04\
8\x04@\x045\x04:\x04B\x04>\x04@\x048\x04\
N\x00 \x00P\x00A\x00Y\x00D\x00A\x00Y\x00\
 \x002\x08\x00\x00\x00\x00\x06\x00\x00\x00\x19Sel\
ect PAYDAY 2 Dir\
ectory\x07\x00\x00\x00\x10GameP\
athNotFound\x01\x03\x00\x00\x00\
,\x04#\x04A\x04B\x040\x04=\x04>\x042\x04\
8\x04B\x045\x00 \x04?\x04C\x04B\x04L\x00\
 \x04:\x00 \x048\x043\x04@\x045\x08\x00\x00\
\x00\x00\x06\x00\x00\x00\x0dSet game \
path\x07\x00\x00\x00\x10GamePat\
hNotFound\x01\x03\x00\x00\x00\x0e\x04\
#\x044\x040\x04;\x048\x04B\x04L\x08\x00\x00\
\x00\x00\x06\x00\x00\x00\x06Remove\x07\x00\x00\
\x00\x10IgnoredModsQMe\
nu\x01\x03\x00\x00\x00\x02\x04\x1e\x08\x00\x00\x00\x00\x06\
\x00\x00\x00\x05About\x07\x00\x00\x00\x0aMa\
inWindow\x01\x03\x00\x00\x00\x10\x04\x1c\
\x045\x04=\x045\x044\x046\x045\x04@\x08\x00\
\x00\x00\x00\x06\x00\x00\x00\x07Manager\x07\
\x00\x00\x00\x0aMainWindow\x01\x03\
\x00\x00\x00\x0a\x04\x1e\x04?\x04F\x048\x048\x08\x00\
\x00\x00\x00\x06\x00\x00\x00\x07Options\x07\
\x00\x00\x00\x0aMainWindow\x01\x03\
\x00\x00\x00\x0e\x04\x1f\x04@\x04>\x04D\x048\x04;\
\x048\x08\x00\x00\x00\x00\x06\x00\x00\x00\x08Prof\
iles\x07\x00\x00\x00\x0aMainWin\
dow\x01\x03\x00\x00\x00\x16\x04\x18\x04=\x04A\x04\
B\x04@\x04C\x04<\x045\x04=\x04B\x04K\x08\
\x00\x00\x00\x00\x06\x00\x00\x00\x05Tools\x07\x00\
\x00\x00\x0aMainWindow\x01\x03\x00\
\x00\x00(\x04\x1f\x04@\x04>\x042\x045\x04@\x04\
8\x04B\x04L\x00 \x04>\x041\x04=\x04>\x04\
2\x04;\x045\x04=\x048\x045\x08\x00\x00\x00\x00\
\x06\x00\x00\x00\x0cCheck Updat\
e\x07\x00\x00\x00\x0bManagerMen\
u\x01\x03\x00\x00\x00\x0e\x04#\x044\x040\x04;\x04\
8\x04B\x04L\x08\x00\x00\x00\x00\x06\x00\x00\x00\x06D\
elete\x07\x00\x00\x00\x0bManage\
rMenu\x01\x03\x00\x00\x00\x12\x04\x1e\x04B\x04\
:\x04;\x04N\x04G\x048\x04B\x04L\x08\x00\x00\
\x00\x00\x06\x00\x00\x00\x07Disable\x07\x00\
\x00\x00\x0bManagerMenu\x01\x03\
\x00\x00\x00\x10\x04\x12\x04:\x04;\x04N\x04G\x048\
\x04B\x04L\x08\x00\x00\x00\x00\x06\x00\x00\x00\x06En\
able\x07\x00\x00\x00\x0bManager\
Menu\x01\x03\x00\x00\x00\x0c\x04!\x04:\x04@\
\x04K\x04B\x04L\x08\x00\x00\x00\x00\x06\x00\x00\x00\x04\
Hide\x07\x00\x00\x00\x0bManager\
Menu\x01\x03\x00\x00\x00 \x04\x1e\x04B\x04:\
\x04@\x04K\x04B\x04L\x00 \x04?\x040\x04?\
\x04:\x04C\x00.\x00.\x00.\x08\x00\x00\x00\x00\x06\
\x00\x00\x00\x0eOpen Folder.\
..\x07\x00\x00\x00\x0bManagerMe\
nu\x01\x03\x00\x00\x00\x1e\x04\x1f\x04@\x04>\x04A\
\x04<\x04>\x04B\x04@\x00 \x04\x22\x045\x043\
\x00(\x04K\x00)\x08\x00\x00\x00\x00\x06\x00\x00\x00\x0b\
View Tag(s)\x07\x00\x00\x00\x0b\
ManagerMenu\x01\x03\x00\x00\x00\
\x22\x04\x1f\x04>\x04A\x045\x04B\x048\x04B\x04\
L\x00 \x04A\x04B\x04@\x040\x04=\x048\x04\
F\x04C\x08\x00\x00\x00\x00\x06\x00\x00\x00\x0aVis\
it Page\x07\x00\x00\x00\x0bMana\
gerMenu\x01\x03\x00\x00\x000\x04\x1d\x04\
0\x049\x044\x045\x04=\x040\x00 \x04=\x04\
>\x042\x040\x04O\x00 \x042\x045\x04@\x04\
A\x048\x04O\x00 \x044\x04;\x04O\x08\x00\x00\
\x00\x00\x06\x00\x00\x00 A new ver\
sion has been fo\
und for\x07\x00\x00\x00\x0dModL\
istWidget\x01\x03\x00\x00\x00\x12\x04\
\x1e\x04B\x04:\x04;\x04N\x04G\x045\x04=\x04\
>\x08\x00\x00\x00\x00\x06\x00\x00\x00\x08Disab\
led\x07\x00\x00\x00\x0dModListW\
idget\x01\x03\x00\x00\x00\x10\x04\x12\x04:\x04\
;\x04N\x04G\x045\x04=\x04>\x08\x00\x00\x00\x00\
\x06\x00\x00\x00\x07Enabled\x07\x00\x00\x00\
\x0dModListWidget\x01\x03\
\x00\x00\x00\x12\x04\x1b\x04>\x04:\x040\x04;\x04L\
\x04=\x04K\x049\x08\x00\x00\x00\x00\x06\x00\x00\x00\x05\
Local\x07\x00\x00\x00\x0dModLis\
tWidget\x01\x03\x00\x00\x00F\x04 \x04\
5\x047\x04C\x04;\x04L\x04B\x040\x04B\x04\
K\x00 \x04?\x04@\x04>\x042\x045\x04@\x04\
:\x048\x00 \x04>\x041\x04=\x04>\x042\x04\
;\x045\x04=\x048\x04O\x00 \x04<\x04>\x04\
4\x040\x08\x00\x00\x00\x00\x06\x00\x00\x00\x18Mod\
 Update Check Re\
sults\x07\x00\x00\x00\x0dModLis\
tWidget\x01\x03\x00\x00\x00\x06\x04\x18\x04\
<\x04O\x08\x00\x00\x00\x00\x06\x00\x00\x00\x04Nam\
e\x07\x00\x00\x00\x0dModListWid\
get\x01\x03\x00\x00\x00\x06\x04\x22\x048\x04?\x08\
\x00\x00\x00\x00\x06\x00\x00\x00\x04Type\x07\x00\x00\
\x00\x0dModListWidget\x01\
\x03\x00\x00\x00\x0c\x04\x12\x045\x04@\x04A\x048\x04\
O\x08\x00\x00\x00\x00\x06\x00\x00\x00\x07Versi\
on\x07\x00\x00\x00\x0dModListWi\
dget\x01\x03\x00\x00\x00\x12\x040\x04:\x04B\
\x04C\x040\x04;\x04L\x04=\x040\x08\x00\x00\x00\
\x00\x06\x00\x00\x00\x0dis up to d\
ate\x07\x00\x00\x00\x0dModListW\
idget\x01\x03\x00\x00\x00\x5c\x04\x12\x04>\x04\
7\x04=\x048\x04:\x04;\x040\x00 \x04>\x04\
H\x048\x041\x04:\x040\x00 \x04?\x04@\x04\
8\x00 \x04?\x04>\x04?\x04K\x04B\x04:\x04\
5\x00 \x047\x040\x04?\x04C\x04A\x04B\x04\
8\x04B\x04L\x00 \x00P\x00A\x00Y\x00D\x00\
A\x00Y\x00 \x002\x08\x00\x00\x00\x00\x06\x00\x00\x00\
)An error occure\
d trying to star\
t PAYDAY 2\x07\x00\x00\x00\x0aM\
odManager\x01\x03\x00\x00\x00H\x04\
\x1d\x045\x00 \x04C\x044\x040\x04;\x04>\x04\
A\x04L\x00 \x047\x040\x04?\x04C\x04A\x04\
B\x048\x04B\x04L\x00 \x00P\x00A\x00Y\x00\
D\x00A\x00Y\x00 \x002\x00 \x048\x047\x00\
 \x04\x1c\x04\x1c\x04\x1c\x08\x00\x00\x00\x00\x06\x00\x00\x00\
!Could not start\
 PAYDAY 2 from M\
MM\x07\x00\x00\x00\x0aModManage\
r\x01\x03\x00\x00\x00&\x04\x1e\x04B\x04:\x04@\x04\
K\x04B\x04L\x00 \x04:\x040\x04B\x040\x04\
;\x04>\x043\x00 \x048\x043\x04@\x08\x00\x00\
\x00\x00\x06\x00\x00\x00\x13Open Game\
 Directory\x07\x00\x00\x00\x0aM\
odManager\x01\x03\x00\x00\x006\x04\
\x1f\x04C\x04B\x04L\x00 \x04=\x045\x00 \x04\
O\x042\x04;\x04O\x045\x04B\x04A\x04O\x00\
 \x040\x041\x04A\x04>\x04;\x04N\x04B\x04\
=\x04K\x04<\x08\x00\x00\x00\x00\x06\x00\x00\x00\x14P\
ath is not absol\
ute\x07\x00\x00\x00\x0aModManag\
er\x01\x03\x00\x00\x00\x1a\x04\x1e\x041\x04=\x04>\
\x042\x048\x04B\x04L\x00 \x04<\x04>\x044\
\x04K\x08\x00\x00\x00\x00\x06\x00\x00\x00\x0cRefr\
esh Mods\x07\x00\x00\x00\x0aMod\
Manager\x01\x03\x00\x00\x00\xce\x04\x1f\x04\
>\x048\x04A\x04:\x00.\x00.\x00.\x00 \x04\
8\x04A\x04?\x04>\x04;\x04L\x047\x04C\x04\
9\x04B\x045\x00 \x00\xab\x00t\x00a\x00g\x00\
:\x00\xbb\x00 \x041\x045\x047\x00 \x04?\x04\
@\x04>\x041\x045\x04;\x04>\x042\x00 \x04\
4\x04;\x04O\x00 \x04?\x04>\x048\x04A\x04\
:\x040\x00 \x04B\x045\x043\x04>\x042\x00\
,\x00 \x048\x04A\x04?\x04>\x04;\x04L\x04\
7\x04C\x049\x04B\x045\x00 \x047\x040\x04\
?\x04O\x04B\x04C\x04N\x00 \x00\xab\x00,\x00\
\xbb\x00 \x044\x04;\x04O\x00 \x04@\x040\x04\
7\x044\x045\x04;\x045\x04=\x048\x04O\x00\
 \x04B\x045\x043\x04>\x042\x08\x00\x00\x00\x00\
\x06\x00\x00\x00XSearch... u\
se \x22tag:\x22 with n\
o spaces to sear\
ch for tags, use\
 a comma \x22,\x22 to \
seperate tags\x07\x00\x00\
\x00\x0aModManager\x01\x03\x00\x00\
\x00\x1e\x04\x1d\x040\x04G\x040\x04B\x04L\x00 \
\x00P\x00A\x00Y\x00D\x00A\x00Y\x00 \x002\
\x08\x00\x00\x00\x00\x06\x00\x00\x00\x0eStart \
PAYDAY 2\x07\x00\x00\x00\x0aMod\
Manager\x01\x03\x00\x00\x00\x16\x04\x12\x04\
A\x045\x043\x04>\x00 \x04<\x04>\x044\x04\
>\x042\x08\x00\x00\x00\x00\x06\x00\x00\x00\x0aTot\
al Mods\x07\x00\x00\x00\x0aModM\
anager\x01\x03\x00\x00\x00J\x04\x1f\x04@\
\x04>\x048\x047\x04>\x04H\x04;\x040\x00 \
\x04>\x04H\x048\x041\x04:\x040\x00 \x04?\
\x04@\x048\x00 \x04>\x04B\x04:\x04;\x04N\
\x04G\x045\x04=\x048\x048\x00 \x04<\x04>\
\x044\x040\x00:\x08\x00\x00\x00\x00\x06\x00\x00\x00'\
An error occured\
 while disabling\
 a mod:\x07\x00\x00\x00\x11Move\
ToDisabledDir\x01\x03\x00\
\x00\x00\x14\x04\x1e\x04B\x04:\x04;\x04N\x04G\x04\
5\x04=\x048\x045\x08\x00\x00\x00\x00\x06\x00\x00\x00\
\x09Disabling\x07\x00\x00\x00\x11M\
oveToDisabledDir\
\x01\x03\x00\x00\x00H\x04\x1f\x04@\x04>\x048\x047\
\x04>\x04H\x04;\x040\x00 \x04>\x04H\x048\
\x041\x04:\x040\x00 \x04?\x04@\x048\x00 \
\x042\x04:\x04;\x04N\x04G\x045\x04=\x048\
\x048\x00 \x04<\x04>\x044\x040\x00:\x08\x00\
\x00\x00\x00\x06\x00\x00\x00&An error\
 occured while e\
nabling a mod:\x07\x00\
\x00\x00\x13MoveToEnabled\
ModDir\x01\x03\x00\x00\x00\x12\x04\x12\x04:\
\x04;\x04N\x04G\x045\x04=\x048\x045\x08\x00\
\x00\x00\x00\x06\x00\x00\x00\x08Enabling\
\x07\x00\x00\x00\x13MoveToEnabl\
edModDir\x01\x03\x00\x00\x00\x12\x04\x1f\
\x04@\x048\x04<\x045\x04=\x048\x04B\x04L\
\x08\x00\x00\x00\x00\x06\x00\x00\x00\x05Apply\x07\
\x00\x00\x00\x07Options\x01\x03\x00\x00\x00\
\x10\x04\x1e\x04B\x04<\x045\x04=\x048\x04B\x04\
L\x08\x00\x00\x00\x00\x06\x00\x00\x00\x06Cance\
l\x07\x00\x00\x00\x07Options\x01\x03\x00\
\x00\x00\x0a\x04\x1e\x041\x04I\x048\x045\x08\x00\x00\
\x00\x00\x06\x00\x00\x00\x07General\x07\x00\
\x00\x00\x07Options\x01\x03\x00\x00\x00\x22\
\x04\x18\x043\x04=\x04>\x04@\x048\x04@\x04C\
\x045\x04<\x04K\x045\x00 \x04<\x04>\x044\
\x04K\x08\x00\x00\x00\x00\x06\x00\x00\x00\x0cIgno\
red Mods\x07\x00\x00\x00\x07Opt\
ions\x01\x03\x00\x00\x00\x0c\x04 \x040\x047\
\x04=\x04>\x045\x08\x00\x00\x00\x00\x06\x00\x00\x00\x04\
Misc\x07\x00\x00\x00\x07Options\
\x01\x03\x00\x00\x00\x0c\x04/\x04@\x04;\x04K\x04:\
\x048\x08\x00\x00\x00\x00\x06\x00\x00\x00\x09Shor\
tcuts\x07\x00\x00\x00\x07Option\
s\x01\x03\x00\x00\x006\x04\x1f\x04@\x04>\x042\x04\
5\x04@\x04:\x040\x00 \x04=\x040\x04;\x04\
8\x04G\x048\x04O\x00 \x04>\x041\x04=\x04\
>\x042\x04;\x045\x04=\x048\x049\x08\x00\x00\
\x00\x00\x06\x00\x00\x00\x11Check for\
 updates\x07\x00\x00\x00\x0eOpt\
ionsGeneral\x01\x03\x00\x00\x00\
\x18\x04\x1f\x04@\x04>\x042\x045\x04@\x04O\x04\
5\x04<\x00.\x00.\x00.\x08\x00\x00\x00\x00\x06\x00\
\x00\x00\x0bChecking...\x07\x00\
\x00\x00\x0eOptionsGenera\
l\x01\x03\x00\x00\x00\x18\x04&\x042\x045\x04B\x04\
=\x040\x04O\x00 \x04B\x045\x04<\x040\x08\
\x00\x00\x00\x00\x06\x00\x00\x00\x0bColor T\
heme\x07\x00\x00\x00\x0eOptions\
General\x01\x03\x00\x00\x00\x0c\x04\x22\x04\
5\x04<\x04=\x04K\x049\x08\x00\x00\x00\x00\x06\x00\
\x00\x00\x04Dark\x07\x00\x00\x00\x0eOpti\
onsGeneral\x01\x03\x00\x00\x00.\
\x04\x1f\x04C\x04B\x04L\x00 \x04>\x04B\x04:\
\x04;\x04N\x04G\x045\x04=\x04=\x04K\x04E\
\x00 \x04<\x04>\x044\x04>\x042\x00:\x08\x00\
\x00\x00\x00\x06\x00\x00\x00\x13Disabled\
 Mods Path:\x07\x00\x00\x00\x0e\
OptionsGeneral\x01\x03\
\x00\x00\x00\x82\x04\x1e\x04H\x048\x041\x04:\x040\
\x00:\x00 \x04\x1f\x04@\x04>\x042\x045\x04@\
\x04L\x04B\x045\x00 \x046\x04C\x04@\x04=\
\x040\x04;\x04K\x00 \x044\x04;\x04O\x00 \
\x04?\x04>\x04;\x04C\x04G\x045\x04=\x048\
\x04O\x00 \x044\x04>\x04?\x04>\x04;\x04=\
\x048\x04B\x045\x04;\x04L\x04=\x04>\x049\
\x00 \x048\x04=\x04D\x04>\x04@\x04<\x040\
\x04F\x048\x048\x08\x00\x00\x00\x00\x06\x00\x00\x00\x1f\
Error: Check log\
s for more info\x07\
\x00\x00\x00\x0eOptionsGener\
al\x01\x03\x00\x00\x00\x0a\x04\x1e\x041\x04I\x048\
\x045\x08\x00\x00\x00\x00\x06\x00\x00\x00\x07Gene\
ral\x07\x00\x00\x00\x0eOptionsG\
eneral\x01\x03\x00\x00\x00\x0a\x04/\x047\
\x04K\x04:\x00:\x08\x00\x00\x00\x00\x06\x00\x00\x00\x09\
Language:\x07\x00\x00\x00\x0eOp\
tionsGeneral\x01\x03\x00\x00\
\x00\x0e\x04!\x042\x045\x04B\x04;\x04K\x049\
\x08\x00\x00\x00\x00\x06\x00\x00\x00\x05Light\x07\
\x00\x00\x00\x0eOptionsGener\
al\x01\x03\x00\x00\x00*\x04\x1a\x040\x04B\x040\
\x04;\x04>\x043\x00 \x048\x043\x04@\x00 \
\x00P\x00a\x00y\x00d\x00a\x00y\x00 \x002\
\x00:\x08\x00\x00\x00\x00\x06\x00\x00\x00\x18Payd\
ay 2 Game Direct\
ory:\x07\x00\x00\x00\x0eOptions\
General\x01\x03\x00\x00\x00\x14\x04\x1e\x04\
1\x04=\x04>\x042\x04;\x045\x04=\x04>\x00\
!\x08\x00\x00\x00\x00\x06\x00\x00\x00\x0bUp to\
 date!\x07\x00\x00\x00\x0eOptio\
nsGeneral\x01\x03\x00\x00\x00J\x04\
\x1e\x04?\x04>\x042\x045\x04I\x045\x04=\x04\
8\x04O\x00 \x04>\x041\x00 \x04>\x041\x04\
=\x04>\x042\x04;\x045\x04=\x048\x04O\x04\
E\x00 \x04?\x04@\x048\x00 \x047\x040\x04\
?\x04C\x04A\x04:\x045\x08\x00\x00\x00\x00\x06\x00\
\x00\x00\x18Update alerts\
 on startup\x07\x00\x00\x00\x0e\
OptionsGeneral\x01\x03\
\x00\x00\x00\x14\x04\x1e\x041\x04=\x04>\x042\x04;\
\x045\x04=\x048\x04O\x08\x00\x00\x00\x00\x06\x00\x00\
\x00\x07Updates\x07\x00\x00\x00\x0eOp\
tionsGeneral\x01\x03\x00\x00\
\x00\x1a\x04!\x04:\x04@\x04K\x04B\x04K\x045\
\x00 \x04<\x04>\x044\x04K\x00:\x08\x00\x00\x00\
\x00\x06\x00\x00\x00\x0cHidden Mod\
s:\x07\x00\x00\x00\x12OptionsIg\
noredMods\x01\x03\x00\x00\x006\x04\
 \x045\x047\x045\x04@\x042\x04=\x04>\x04\
5\x00 \x04:\x04>\x04?\x048\x04@\x04>\x04\
2\x040\x04=\x048\x045\x00 \x04<\x04>\x04\
4\x04>\x042\x08\x00\x00\x00\x00\x06\x00\x00\x00\x0bB\
ackup Mods\x07\x00\x00\x00\x0bO\
ptionsMisc\x01\x03\x00\x00\x00l\
\x04\x1a\x04>\x04?\x048\x04@\x04C\x045\x04B\
\x00 \x048\x00 \x04A\x046\x048\x04<\x040\
\x045\x04B\x00 \x042\x04A\x045\x00 \x042\
\x040\x04H\x048\x00 \x04<\x04>\x044\x04K\
\x00 \x042\x00 \x04?\x040\x04?\x04:\x04C\
\x00 \x04C\x04A\x04B\x040\x04=\x04>\x042\
\x04:\x048\x00 \x00M\x00M\x00M\x08\x00\x00\x00\
\x00\x06\x00\x00\x00CCopies and\
 compresses all \
of your mods to \
MMM's installati\
on folder\x07\x00\x00\x00\x0bOp\
tionsMisc\x01\x03\x00\x00\x00\x08\x00\
M\x00i\x00s\x00c\x08\x00\x00\x00\x00\x06\x00\x00\x00\
\x04Misc\x07\x00\x00\x00\x0bOption\
sMisc\x01\x03\x00\x00\x00x\x00M\x00y\x00\
t\x00h\x00 \x00M\x00o\x00d\x00 \x00M\x00\
a\x00n\x00a\x00g\x00e\x00r\x00:\x00 \x04\
\x12\x040\x04=\x048\x04;\x04L\x04=\x04K\x04\
5\x00 \x046\x04C\x04@\x04=\x040\x04;\x04\
K\x00 \x040\x042\x040\x04@\x048\x049\x00\
 \x04=\x045\x00 \x04?\x04>\x044\x044\x04\
5\x04@\x046\x048\x042\x040\x04N\x04B\x04\
A\x04O\x08\x00\x00\x00\x00\x06\x00\x00\x000Myt\
h Mod Manager: V\
anilla crash log\
s unsupported\x07\x00\x00\
\x00\x0bOptionsMisc\x01\x03\x00\
\x00\x00$\x00O\x00p\x00e\x00n\x00 \x00C\x00\
r\x00a\x00s\x00h\x00 \x00L\x00o\x00g\x00\
s\x00.\x00.\x00.\x08\x00\x00\x00\x00\x06\x00\x00\x00\
\x12Open Crash Logs\
...\x07\x00\x00\x00\x0bOptionsM\
isc\x01\x03\x00\x00\x00,\x00O\x00p\x00e\x00\
n\x00 \x00M\x00o\x00d\x00 \x00C\x00r\x00\
a\x00s\x00h\x00 \x00L\x00o\x00g\x00s\x00\
.\x00.\x00.\x08\x00\x00\x00\x00\x06\x00\x00\x00\x16O\
pen Mod Crash Lo\
gs...\x07\x00\x00\x00\x0bOption\
sMisc\x01\x03\x00\x00\x00f\x04\x1e\x04B\x04\
:\x04@\x04K\x042\x040\x045\x04B\x00 \x04\
:\x040\x04B\x040\x04;\x04>\x043\x00 \x04\
6\x04C\x04@\x04=\x040\x04;\x04>\x042\x00\
 \x040\x042\x040\x04@\x048\x049\x00,\x00\
 \x048\x04A\x04?\x04>\x04;\x04L\x047\x04\
C\x045\x04<\x04K\x049\x00 \x00B\x00L\x00\
T\x08\x00\x00\x00\x00\x06\x00\x00\x00+Opens\
 the crash log d\
irectory that BL\
T uses\x07\x00\x00\x00\x0bOptio\
nsMisc\x01\x03\x00\x00\x00\x88\x04\x1e\x04B\
\x04:\x04@\x04K\x042\x040\x045\x04B\x00 \
\x04:\x040\x04B\x040\x04;\x04>\x043\x00 \
\x046\x04C\x04@\x04=\x040\x04;\x04>\x042\
\x00 \x040\x042\x040\x04@\x048\x049\x00,\
\x00 \x048\x04A\x04?\x04>\x04;\x04L\x047\
\x04C\x045\x04<\x04K\x049\x00 \x042\x00 \
\x042\x040\x04=\x048\x04;\x04L\x04=\x04>\
\x04<\x00 \x00P\x00a\x00y\x00d\x00a\x00y\
\x00 \x002\x08\x00\x00\x00\x00\x06\x00\x00\x006Op\
ens the crash lo\
g directory used\
 by vanilla Payd\
ay 2\x07\x00\x00\x00\x0bOptions\
Misc\x01\x03\x00\x00\x00r\x00O\x00v\x00e\
\x00r\x00k\x00i\x00l\x00l\x00 \x04=\x045\
\x00 \x04@\x045\x040\x04;\x048\x047\x04>\
\x042\x040\x04;\x040\x00 \x042\x040\x04=\
\x048\x04;\x04L\x04=\x04K\x049\x00 \x046\
\x04C\x04@\x04=\x040\x04;\x00 \x040\x042\
\x040\x04@\x048\x049\x00 \x044\x04;\x04O\
\x00 \x00l\x00i\x00n\x00u\x00x\x08\x00\x00\x00\
\x00\x06\x00\x00\x008Overkill d\
id not implement\
 a vanilla crash\
 log for linux\x07\x00\
\x00\x00\x0bOptionsMisc\x01\x03\
\x00\x00\x00*\x04\x18\x047\x04<\x045\x04=\x048\
\x04B\x04L\x00 \x048\x04<\x04O\x00 \x04?\
\x04@\x04>\x04D\x048\x04;\x04O\x00:\x08\x00\
\x00\x00\x00\x06\x00\x00\x00\x14Change P\
rofile Name:\x07\x00\x00\x00\
\x10OptionsShortcut\
s\x01\x03\x00\x00\x000\x04#\x044\x040\x04;\x04\
8\x04B\x04L\x00 \x04<\x04>\x044\x00 \x04\
8\x04;\x048\x00 \x04?\x04@\x04>\x04D\x04\
8\x04;\x04L\x00:\x08\x00\x00\x00\x00\x06\x00\x00\x00\
\x16Delete Mod or P\
rofile:\x07\x00\x00\x00\x10Opti\
onsShortcuts\x01\x03\x00\x00\
\x00\x1e\x04\x1e\x04B\x04<\x045\x04=\x048\x04B\
\x04L\x00 \x042\x04K\x041\x04>\x04@\x00:\
\x08\x00\x00\x00\x00\x06\x00\x00\x00\x0dDesele\
ct All:\x07\x00\x00\x00\x10Opti\
onsShortcuts\x01\x03\x00\x00\
\x00\x18\x04\x12\x04K\x041\x04@\x040\x04B\x04L\
\x00 \x042\x04A\x045\x00:\x08\x00\x00\x00\x00\x06\
\x00\x00\x00\x0bSelect All:\x07\
\x00\x00\x00\x10OptionsShort\
cuts\x01\x03\x00\x00\x00\x0c\x04/\x04@\x04;\
\x04K\x04:\x048\x08\x00\x00\x00\x00\x06\x00\x00\x00\x09\
Shortcuts\x07\x00\x00\x00\x10Op\
tionsShortcuts\x01\x03\
\x00\x00\x00f\x04\x1f\x045\x04@\x045\x04:\x04;\
\x04N\x04G\x045\x04=\x048\x045\x00 \x042\
\x04:\x04;\x040\x044\x04>\x04:\x00:\x00 \
\x04!\x04B\x04@\x045\x04;\x04:\x040\x00 \
\x042\x04;\x045\x042\x04>\x00,\x00 \x04!\
\x04B\x04@\x045\x04;\x04:\x040\x00 \x042\
\x04?\x04@\x040\x042\x04>\x08\x00\x00\x00\x00\x06\
\x00\x00\x00$Switch tabs:\
 Arrow left, Arr\
ow right\x07\x00\x00\x00\x10Opt\
ionsShortcuts\x01\x03\x00\
\x00\x00L\x04\x1f\x04@\x04>\x04D\x048\x04;\x04\
L\x00 \x04A\x00 \x04B\x040\x04:\x048\x04\
<\x00 \x048\x04<\x045\x04=\x045\x04<\x00\
 \x04C\x046\x045\x00 \x04A\x04C\x04I\x04\
5\x04A\x04B\x042\x04C\x045\x04B\x00:\x08\
\x00\x00\x00\x00\x06\x00\x00\x00(A profi\
le with that nam\
e already exists\
:\x07\x00\x00\x00\x0bProfileLis\
t\x01\x03\x00\x00\x00D\x04\x1e\x04H\x048\x041\x04\
:\x040\x00:\x00 \x04\x14\x04C\x041\x04;\x04\
8\x04@\x04>\x042\x040\x04=\x048\x045\x00\
 \x048\x04<\x045\x04=\x048\x00 \x04?\x04\
@\x04>\x04D\x048\x04;\x04O\x08\x00\x00\x00\x00\
\x06\x00\x00\x00\x1dError: Dupl\
icate profile na\
me\x07\x00\x00\x00\x0bProfileLi\
st\x01\x03\x00\x00\x00 \x04\x1a\x04>\x04;\x048\
\x04G\x045\x04A\x04B\x042\x04>\x00 \x04<\
\x04>\x044\x04>\x042\x08\x00\x00\x00\x00\x06\x00\x00\
\x00\x09Mod Count\x07\x00\x00\x00\x0b\
ProfileList\x01\x03\x00\x00\x00\
$\x04\x1d\x04>\x042\x04>\x045\x00 \x048\x04\
<\x04O\x00 \x04?\x04@\x04>\x04D\x048\x04\
;\x04O\x00:\x08\x00\x00\x00\x00\x06\x00\x00\x00\x11N\
ew profile name:\
\x07\x00\x00\x00\x0bProfileList\
\x01\x03\x00\x00\x00\x0e\x04\x1f\x04@\x04>\x04D\x048\
\x04;\x04L\x08\x00\x00\x00\x00\x06\x00\x00\x00\x07Pr\
ofile\x07\x00\x00\x00\x0bProfil\
eList\x01\x03\x00\x00\x00\x18\x04\x14\x04>\x04\
1\x040\x042\x048\x04B\x04L\x00 \x04<\x04\
>\x044\x08\x00\x00\x00\x00\x06\x00\x00\x00\x08Add\
 Mods\x07\x00\x00\x00\x0bProfil\
eMenu\x01\x03\x00\x00\x00 \x04\x14\x04>\x04\
1\x040\x042\x048\x04B\x04L\x00 \x04?\x04\
@\x04>\x04D\x048\x04;\x04L\x08\x00\x00\x00\x00\
\x06\x00\x00\x00\x0bAdd Profile\
\x07\x00\x00\x00\x0bProfileMenu\
\x01\x03\x00\x00\x00\x22\x04\x1f\x04@\x048\x04<\x045\
\x04=\x048\x04B\x04L\x00 \x04?\x04@\x04>\
\x04D\x048\x04;\x04L\x08\x00\x00\x00\x00\x06\x00\x00\
\x00\x0dApply Profile\x07\
\x00\x00\x00\x0bProfileMenu\x01\
\x03\x00\x00\x00(\x04\x18\x047\x04<\x045\x04=\x04\
8\x04B\x04L\x00 \x048\x04<\x04O\x00 \x04\
?\x04@\x04>\x04D\x048\x04;\x04O\x08\x00\x00\
\x00\x00\x06\x00\x00\x00\x13Change Pr\
ofile Name\x07\x00\x00\x00\x0bP\
rofileMenu\x01\x03\x00\x00\x00$\
\x04\x1a\x04>\x04?\x048\x04@\x04>\x042\x040\
\x04B\x04L\x00 \x04?\x04@\x04>\x04D\x048\
\x04;\x04L\x08\x00\x00\x00\x00\x06\x00\x00\x00\x0cCo\
py Profile\x07\x00\x00\x00\x0bP\
rofileMenu\x01\x03\x00\x00\x00.\
\x04!\x04:\x04>\x04?\x048\x04@\x04>\x042\
\x040\x04B\x04L\x00 \x04<\x04>\x044\x00(\
\x04K\x00)\x00 \x042\x00.\x00.\x00.\x08\x00\
\x00\x00\x00\x06\x00\x00\x00\x11Copy mod\
(s) to...\x07\x00\x00\x00\x0bPr\
ofileMenu\x01\x03\x00\x00\x00\x16\x04\
#\x044\x040\x04;\x048\x04B\x04L\x00 \x04\
<\x04>\x044\x08\x00\x00\x00\x00\x06\x00\x00\x00\x0aR\
emove Mod\x07\x00\x00\x00\x0bPr\
ofileMenu\x01\x03\x00\x00\x00\x1e\x04\
#\x044\x040\x04;\x048\x04B\x04L\x00 \x04\
?\x04@\x04>\x04D\x048\x04;\x04L\x08\x00\x00\
\x00\x00\x06\x00\x00\x00\x0eRemove Pr\
ofile\x07\x00\x00\x00\x0bProfil\
eMenu\x01\x03\x00\x00\x00>\x04\x1e\x04B\x04\
<\x045\x04=\x045\x04=\x04>\x00,\x00 \x04\
2\x04K\x049\x04B\x048\x00 \x044\x04;\x04\
O\x00 \x04?\x04@\x04>\x044\x04>\x04;\x04\
6\x045\x04=\x048\x04O\x08\x00\x00\x00\x00\x06\x00\
\x00\x00\x1aCanceled, exi\
t to continue\x07\x00\x00\
\x00\x0eProgressWidget\
\x01\x03\x00\x00\x00\x14\x04\x12\x04K\x04?\x04>\x04;\
\x04=\x045\x04=\x04>\x00!\x08\x00\x00\x00\x00\x06\
\x00\x00\x00\x05Done!\x07\x00\x00\x00\x0ePr\
ogressWidget\x01\x03\x00\x00\
\x00*\x04\x12\x04K\x04E\x04>\x044\x00 \x044\
\x04;\x04O\x00 \x04?\x04@\x04>\x044\x04>\
\x04;\x046\x045\x04=\x048\x04O\x08\x00\x00\x00\
\x00\x06\x00\x00\x00\x10Exit to co\
ntinue\x07\x00\x00\x00\x0eProgr\
essWidget\x01\x03\x00\x00\x00.\x04\
\x17\x040\x044\x040\x04G\x040\x00 \x00M\x00\
y\x00t\x00h\x00 \x00M\x00o\x00d\x00 \x00\
M\x00a\x00n\x00a\x00g\x00e\x00r\x08\x00\x00\
\x00\x00\x06\x00\x00\x00\x15Myth Mod \
Manager Task\x07\x00\x00\x00\
\x0eProgressWidget\x01\
\x03\x00\x00\x006\x04\x1c\x04>\x044\x04K\x00 \x04\
4\x04>\x04;\x046\x04=\x04K\x00 \x041\x04\
K\x04B\x04L\x00 \x044\x04>\x041\x040\x04\
2\x04;\x045\x04=\x04K\x00:\x08\x00\x00\x00\x00\
\x06\x00\x00\x00\x11Mods to be \
added:\x07\x00\x00\x00\x09Selec\
tMod\x01\x03\x00\x00\x00\xce\x04\x1f\x04>\x048\
\x04A\x04:\x00.\x00.\x00.\x00 \x048\x04A\
\x04?\x04>\x04;\x04L\x047\x04C\x049\x04B\
\x045\x00 \x00\xab\x00t\x00a\x00g\x00:\x00\xbb\
\x00 \x041\x045\x047\x00 \x04?\x04@\x04>\
\x041\x045\x04;\x04>\x042\x00 \x044\x04;\
\x04O\x00 \x04?\x04>\x048\x04A\x04:\x040\
\x00 \x04B\x045\x043\x04>\x042\x00,\x00 \
\x048\x04A\x04?\x04>\x04;\x04L\x047\x04C\
\x049\x04B\x045\x00 \x047\x040\x04?\x04O\
\x04B\x04C\x04N\x00 \x00\xab\x00,\x00\xbb\x00 \
\x044\x04;\x04O\x00 \x04@\x040\x047\x044\
\x045\x04;\x045\x04=\x048\x04O\x00 \x04B\
\x045\x043\x04>\x042\x08\x00\x00\x00\x00\x06\x00\x00\
\x00XSearch... use \
\x22tag:\x22 with no s\
paces to search \
for tags, use a \
comma \x22,\x22 to sep\
erate tags\x07\x00\x00\x00\x09S\
electMod\x01\x03\x00\x00\x00X\x04\x1f\
\x04@\x04>\x04D\x048\x04;\x04L\x00,\x00 \
\x042\x00 \x04:\x04>\x04B\x04>\x04@\x04K\
\x049\x00 \x04=\x04C\x046\x04=\x04>\x00 \
\x04A\x04:\x04>\x04?\x048\x04@\x04>\x042\
\x040\x04B\x04L\x00 \x04<\x04>\x044\x00(\
\x04K\x00)\x00:\x08\x00\x00\x00\x00\x06\x00\x00\x00\x1a\
Profile to copy \
mod(s) to:\x07\x00\x00\x00\x0dS\
electProfile\x01\x03\x00\x00\
\x00\x10\x04\x1f\x04>\x048\x04A\x04:\x00.\x00.\
\x00.\x08\x00\x00\x00\x00\x06\x00\x00\x00\x09Sear\
ch...\x07\x00\x00\x00\x0dSelect\
Profile\x01\x03\x00\x00\x00\x06\x04\x18\x04\
<\x04O\x08\x00\x00\x00\x00\x06\x00\x00\x00\x04Nam\
e\x07\x00\x00\x00\x0aTagDisplay\
\x01\x03\x00\x00\x00\x08\x04\x22\x045\x043\x048\x08\x00\
\x00\x00\x00\x06\x00\x00\x00\x04Tags\x07\x00\x00\x00\
\x0aTagDisplay\x01\x03\x00\x00\x00\
$\x04\x14\x04>\x041\x040\x042\x048\x04B\x04\
L\x00 \x04B\x045\x043\x00 \x042\x00 \x04\
<\x04>\x044\x08\x00\x00\x00\x00\x06\x00\x00\x00\x0eA\
dd tag to mod\x07\x00\x00\
\x00\x0aTagHandler\x01\x03\x00\x00\
\x00&\x04#\x044\x040\x04;\x048\x04B\x04L\
\x00 \x04B\x045\x043\x00 \x048\x047\x00 \
\x04<\x04>\x044\x040\x08\x00\x00\x00\x00\x06\x00\x00\
\x00\x13Remove tag fro\
m mod\x07\x00\x00\x00\x0aTagHan\
dler\x01\x03\x00\x00\x00p\x04'\x04B\x04>\
\x041\x04K\x00 \x04C\x04:\x040\x047\x040\
\x04B\x04L\x00 \x04=\x045\x04A\x04:\x04>\
\x04;\x04L\x04:\x04>\x00 \x04B\x045\x043\
\x04>\x042\x00,\x00 \x04@\x040\x047\x044\
\x045\x04;\x04O\x049\x04B\x045\x00 \x048\
\x04E\x00 \x047\x040\x04?\x04O\x04B\x04>\
\x049\x00 \x00\xab\x00,\x00\xbb\x08\x00\x00\x00\x00\x06\
\x00\x00\x007To specify m\
ultiple tags sep\
erate them with \
a comma \x22,\x22\x07\x00\x00\x00\x0a\
TagHandler\x01\x03\x00\x00\x00J\
\x00(\x04-\x04B\x04>\x00 \x044\x045\x049\
\x04A\x04B\x042\x048\x045\x00 \x04=\x045\
\x00 \x04<\x04>\x046\x045\x04B\x00 \x041\
\x04K\x04B\x04L\x00 \x04>\x04B\x04<\x045\
\x04=\x045\x04=\x04>\x00)\x08\x00\x00\x00\x00\x06\
\x00\x00\x00 (This action\
 cannot be rever\
sed)\x07\x00\x00\x00\x09TagView\
er\x01\x03\x00\x00\x00\x86\x04\x12\x04K\x00 \x04C\
\x042\x045\x04@\x045\x04=\x04K\x00,\x00 \
\x04G\x04B\x04>\x00 \x04E\x04>\x04B\x048\
\x04B\x045\x00 \x04C\x044\x040\x04;\x048\
\x04B\x04L\x00 \x042\x04A\x045\x00 \x04B\
\x045\x043\x048\x00,\x00 \x04A\x042\x04O\
\x047\x040\x04=\x04=\x04K\x045\x00 \x04A\
\x00 \x042\x040\x04H\x048\x04<\x048\x00 \
\x04<\x04>\x044\x040\x04<\x048\x00?\x08\x00\
\x00\x00\x00\x06\x00\x00\x00JAre you \
sure you want to\
 delete all of t\
he tags associat\
ed with your mod\
s?\x07\x00\x00\x00\x09TagViewer\
\x01\x03\x00\x00\x00 \x04#\x044\x040\x04;\x048\
\x04B\x04L\x00 \x042\x04A\x045\x00 \x04B\
\x045\x043\x048\x08\x00\x00\x00\x00\x06\x00\x00\x00\x0f\
Delete all tags\x07\
\x00\x00\x00\x09TagViewer\x01\x03\x00\
\x00\x00&\x04\x1f\x04@\x04>\x04A\x04<\x04>\x04\
B\x04@\x00 \x04B\x045\x043\x04>\x042\x00\
 \x04<\x04>\x044\x040\x08\x00\x00\x00\x00\x06\x00\
\x00\x00\x0eMod Tag Viewe\
r\x07\x00\x00\x00\x09TagViewer\x01\
\x03\x00\x00\x00\x1e\x04\x14\x04>\x041\x040\x042\x04\
8\x04B\x04L\x00 \x04B\x045\x043\x00(\x04\
K\x00)\x08\x00\x00\x00\x00\x06\x00\x00\x00\x0aAdd\
 Tag(s)\x07\x00\x00\x00\x0dTagV\
iewerMenu\x01\x03\x00\x00\x00 \x04\
#\x044\x040\x04;\x048\x04B\x04L\x00 \x04\
2\x04A\x045\x00 \x04B\x045\x043\x048\x08\
\x00\x00\x00\x00\x06\x00\x00\x00\x0fDelete \
All Tags\x07\x00\x00\x00\x0dTag\
ViewerMenu\x01\x03\x00\x00\x00\x1c\
\x04#\x044\x040\x04;\x048\x04B\x04L\x00 \
\x04B\x045\x043\x00(\x048\x00)\x08\x00\x00\x00\
\x00\x06\x00\x00\x00\x0dRemove Tag\
(s)\x07\x00\x00\x00\x0dTagViewe\
rMenu\x01\x03\x00\x00\x00&\x04\x14\x04>\x04\
1\x040\x042\x048\x04B\x04L\x00 \x048\x04\
=\x04A\x04B\x04@\x04C\x04<\x045\x04=\x04\
B\x08\x00\x00\x00\x00\x06\x00\x00\x00\x08Add T\
ool\x07\x00\x00\x00\x0bToolMana\
ger\x01\x03\x00\x00\x00\x22\x04\x18\x04A\x04?\x04\
>\x04;\x04=\x04O\x045\x04<\x04K\x045\x00\
 \x04D\x040\x049\x04;\x04K\x08\x00\x00\x00\x00\
\x06\x00\x00\x00\x0bExecutables\
\x07\x00\x00\x00\x0bToolManager\
\x01\x03\x00\x00\x00<\x04\x12\x04K\x041\x045\x04@\
\x048\x04B\x045\x00 \x042\x04=\x045\x04H\
\x04=\x048\x049\x00 \x048\x04=\x04A\x04B\
\x04@\x04C\x04<\x045\x04=\x04B\x00(\x04K\
\x00)\x08\x00\x00\x00\x00\x06\x00\x00\x00\x17Sele\
ct External Tool\
(s)\x07\x00\x00\x00\x0bToolMana\
ger\x01\x03\x00\x00\x006\x04\x12\x00 \x00u\x00\
n\x00Z\x00i\x00p\x00M\x00o\x00d\x00 \x04\
2\x04>\x047\x04=\x048\x04:\x04;\x040\x00\
 \x04>\x04H\x048\x041\x04:\x040\x00:\x08\
\x00\x00\x00\x00\x06\x00\x00\x00 An erro\
r was raised in \
unZipMod:\x07\x00\x00\x00\x08Un\
ZipMod\x01\x03\x00\x00\x00T\x04\x1f\x04>\
\x04?\x04@\x04>\x041\x04C\x049\x04B\x045\
\x00 \x04A\x04=\x040\x04G\x040\x04;\x040\
\x00 \x04@\x040\x04A\x04?\x040\x04:\x04>\
\x042\x040\x04B\x04L\x00 \x04<\x04>\x044\
\x00 \x042\x04@\x04C\x04G\x04=\x04C\x04N\
\x08\x00\x00\x00\x00\x06\x00\x00\x00%Try ex\
tracting the mod\
 manually first\x07\
\x00\x00\x00\x08UnZipMod\x01\x03\x00\x00\
\x00\x14\x04 \x040\x04A\x04?\x040\x04:\x04>\
\x042\x04:\x040\x08\x00\x00\x00\x00\x06\x00\x00\x00\x09\
Unpacking\x07\x00\x00\x00\x08Un\
ZipMod\x01\x03\x00\x00\x00<\x04\x1f\x04@\
\x04>\x042\x045\x04@\x04:\x040\x00 \x04?\
\x04@\x040\x042\x00 \x044\x04>\x04A\x04B\
\x04C\x04?\x040\x00 \x04:\x00 \x04D\x040\
\x049\x04;\x040\x04<\x08\x00\x00\x00\x00\x06\x00\x00\
\x00\x1cChecking file \
permissions of\x07\x00\
\x00\x00\x06Worker\x01\x03\x00\x00\x00<\x04\
\x1f\x04@\x04>\x042\x045\x04@\x04:\x040\x00\
 \x04?\x04@\x040\x042\x00 \x044\x04>\x04\
A\x04B\x04C\x04?\x040\x00 \x04:\x00 \x04\
?\x040\x04?\x04:\x040\x04<\x08\x00\x00\x00\x00\
\x06\x00\x00\x00\x1eChecking fo\
lder permissions\
 of\x07\x00\x00\x00\x06Worker\x01\x03\
\x00\x00\x002\x04\x18\x04A\x04?\x04@\x040\x042\
\x04;\x045\x04=\x048\x045\x00 \x04C\x04A\
\x04B\x040\x04=\x04>\x042\x04:\x048\x00 \
\x044\x04;\x04O\x08\x00\x00\x00\x00\x06\x00\x00\x00\x12\
Fixing install f\
or\x07\x00\x00\x00\x06Worker\x01\x03\x00\
\x00\x00\x1c\x04\x12\x04A\x04B\x040\x042\x048\x04\
B\x04L\x00 \x04B\x045\x04:\x04A\x04B\x08\
\x00\x00\x00\x00\x06\x00\x00\x00\x0bInsert \
text\x07\x00\x00\x00\x0cinsertS\
tring\x01\x03\x00\x00\x00R\x04\x1f\x04@\x04\
>\x04D\x048\x04;\x04L\x00:\x00 \x04\x1d\x04\
5\x04:\x04>\x04B\x04>\x04@\x04K\x045\x00\
 \x04<\x04>\x044\x04K\x00 \x04=\x045\x00\
 \x041\x04K\x04;\x048\x00 \x04?\x04@\x04\
8\x04<\x045\x04=\x045\x04=\x04K\x08\x00\x00\
\x00\x00\x06\x00\x00\x00#Profile: \
Some mods were n\
ot applied\x07\x00\x00\x00\x0am\
odProfile\x01\x03\x00\x00\x00\x80\x04\
!\x04;\x045\x044\x04C\x04N\x04I\x048\x04\
5\x00 \x04<\x04>\x044\x04K\x00 \x04=\x04\
5\x00 \x041\x04K\x04;\x048\x00 \x04?\x04\
@\x048\x04<\x045\x04=\x045\x04=\x04K\x00\
,\x00 \x04?\x04>\x04B\x04>\x04<\x04C\x00\
 \x04G\x04B\x04>\x00 \x04>\x04=\x048\x00\
 \x04=\x045\x00 \x04C\x04A\x04B\x040\x04\
=\x04>\x042\x04;\x045\x04=\x04K\x00:\x08\
\x00\x00\x00\x00\x06\x00\x00\x00CThe fol\
lowing mods were\
 not applied bec\
ause they are no\
t installed:\x07\x00\x00\x00\
\x0amodProfile\x01\x03\x00\x00\x00\
\x1e\x04#\x04A\x04B\x040\x04=\x04>\x042\x04\
:\x040\x00 \x04<\x04>\x044\x04>\x042\x08\
\x00\x00\x00\x00\x06\x00\x00\x00\x0fInstall\
ing mods\x07\x00\x00\x00\x0enew\
ModLocation\x01\x03\x00\x00\x00\
d\x04\x1f\x04>\x046\x040\x04;\x04C\x049\x04\
A\x04B\x040\x00,\x00 \x042\x04K\x041\x04\
5\x04@\x048\x04B\x045\x00,\x00 \x04:\x04\
C\x044\x040\x00 \x04A\x04;\x045\x044\x04\
C\x045\x04B\x00 \x04C\x04A\x04B\x040\x04\
=\x04>\x042\x048\x04B\x04L\x00 \x04<\x04\
>\x044\x00:\x08\x00\x00\x00\x00\x06\x00\x00\x001P\
lease select whe\
re the mods shou\
ld be installed:\
\x07\x00\x00\x00\x0enewModLocat\
ion\x01\x03\x00\x00\x00H\x04\x1e\x04B\x04<\x04\
5\x04=\x040\x00.\x00.\x00.\x00 \x00(\x04\
\x17\x040\x042\x045\x04@\x04H\x045\x04=\x04\
8\x045\x00 \x04B\x045\x04:\x04C\x04I\x04\
5\x043\x04>\x00 \x04H\x040\x043\x040\x00\
)\x08\x00\x00\x00\x00\x06\x00\x00\x00%Cance\
ling... (Finishi\
ng current step)\
\x07\x00\x00\x00\x0eupdateDetec\
ted\x01\x03\x00\x00\x00f\x04\x1d\x040\x046\x04\
<\x048\x04B\x045\x00 \x00O\x00K\x00,\x00\
 \x04G\x04B\x04>\x041\x04K\x00 \x042\x04\
K\x049\x04B\x048\x00 \x048\x00 \x04>\x04\
1\x04=\x04>\x042\x048\x04B\x04L\x00 \x00\
M\x00y\x00t\x00h\x00 \x00M\x00o\x00d\x00\
 \x00M\x00a\x00n\x00a\x00g\x00e\x00r\x08\
\x00\x00\x00\x00\x06\x00\x00\x00,Click o\
k to exit and up\
date Myth Mod Ma\
nager\x07\x00\x00\x00\x0eupdate\
Detected\x01\x03\x00\x00\x00\x1e\x04\x22\
\x045\x04:\x04C\x04I\x040\x04O\x00 \x042\
\x045\x04@\x04A\x048\x04O\x00:\x08\x00\x00\x00\
\x00\x06\x00\x00\x00\x10Current Ve\
rsion:\x07\x00\x00\x00\x0eupdat\
eDetected\x01\x03\x00\x00\x00*\x04\
\x1d\x045\x00 \x04A\x04?\x04@\x040\x04H\x04\
8\x042\x040\x049\x04B\x045\x00 \x041\x04\
>\x04;\x04L\x04H\x045\x08\x00\x00\x00\x00\x06\x00\
\x00\x00\x10Do not ask ag\
ain\x07\x00\x00\x00\x0eupdateDe\
tected\x01\x03\x00\x00\x00*\x04\x12\x04K\
\x00 \x04E\x04>\x04B\x048\x04B\x045\x00 \
\x04>\x041\x04=\x04>\x042\x048\x04B\x04L\
\x04A\x04O\x00?\x08\x00\x00\x00\x00\x06\x00\x00\x00\x16\
Do you want to U\
pdate?\x07\x00\x00\x00\x0eupdat\
eDetected\x01\x03\x00\x00\x00\x0c\x04\
\x1e\x04H\x048\x041\x04:\x040\x08\x00\x00\x00\x00\
\x06\x00\x00\x00\x05Error\x07\x00\x00\x00\x0eu\
pdateDetected\x01\x03\x00\
\x00\x002\x04#\x04A\x04B\x040\x04=\x04>\x04\
2\x04:\x040\x00 \x04?\x04@\x04>\x04H\x04\
;\x040\x00 \x04C\x04A\x04?\x045\x04H\x04\
=\x04>\x00!\x08\x00\x00\x00\x00\x06\x00\x00\x00\x18I\
nstallation Succ\
essful!\x07\x00\x00\x00\x0eupda\
teDetected\x01\x03\x00\x00\x002\
\x04\x1d\x040\x049\x044\x045\x04=\x04>\x00 \
\x04=\x04>\x042\x04>\x045\x00 \x04>\x041\
\x04=\x04>\x042\x04;\x045\x04=\x048\x045\
\x00:\x08\x00\x00\x00\x00\x06\x00\x00\x00\x11New \
update found:\x07\x00\x00\
\x00\x0eupdateDetected\
\x01\x03\x00\x00\x002\x04#\x042\x045\x044\x04>\
\x04<\x04;\x045\x04=\x048\x045\x00 \x04>\
\x041\x00 \x04>\x041\x04=\x04>\x042\x04;\
\x045\x04=\x048\x048\x08\x00\x00\x00\x00\x06\x00\x00\
\x00\x0dUpdate Notice\x07\
\x00\x00\x00\x0eupdateDetect\
ed\x01\x03\x00\x00\x00Z\x04\x1f\x04>\x04A\x04<\
\x04>\x04B\x04@\x045\x04B\x04L\x00 \x048\
\x04=\x04D\x04>\x04@\x04<\x040\x04F\x048\
\x04N\x00 \x04>\x00 \x042\x04K\x04?\x04C\
\x04A\x04:\x045\x00 \x04=\x040\x00 \x00g\
\x00i\x00t\x00h\x00u\x00b\x00.\x00c\x00o\
\x00m\x08\x00\x00\x00\x00\x06\x00\x00\x00 View\
 Release Notes o\
n github.com\x07\x00\x00\x00\
\x0eupdateDetected\x01\
\x88\x00\x00\x00\x0d\x11\x01\xfd)\x0b\xff\x14\x02\x04\xfd,\
\x0a\x13\
\x00\x00F\x9a\
<\
\xb8d\x18\xca\xef\x9c\x95\xcd!\x1c\xbf`\xa1\xbd\xddB\
\x00\x00\x05\x10\x00\x00\x07\xaf\x00\x00\x07\x02\x00\x02\xf5\x05\
\x00\x00,t\x00\x04\xa8\x8b\x00\x00\x1e\xad\x00\x04\xef\xa5\
\x00\x00\x13J\x00\x05@\x93\x00\x00\x1dd\x00\x05@\x93\
\x00\x00#\x8b\x00\x05H5\x00\x00\x15\xff\x00\x05H5\
\x00\x001\xdb\x00\x05\xa7\xe3\x00\x002\x08\x00\x05\xc0e\
\x00\x00\x16/\x00 n\x0a\x00\x00*\x19\x00-\x9b#\
\x00\x004\xfa\x00/\x99#\x00\x005\xe5\x00G\x96\xc4\
\x00\x00\x11\x5c\x00Hw9\x00\x00\x1c\x90\x00Kdq\
\x00\x00.\xae\x00L\x99b\x00\x00\x0c\xc7\x00L\x99b\
\x00\x00?[\x00R\xfd\xf4\x00\x00 b\x00SY|\
\x00\x00\x15F\x00U\x0d\xff\x00\x00\x08\xcc\x00[f3\
\x00\x00\x12/\x00]\x05y\x00\x00<\xed\x00`\xb7u\
\x00\x00\x14\x15\x00\x95\x84\xda\x00\x00+a\x00\x97\x92\xb4\
\x00\x00\x0e\xc2\x00\x97\x96\x04\x00\x00\x14\xd1\x00\xaao\x12\
\x00\x005M\x00\xad\xc0\x0a\x00\x00(\x88\x00\xcd0>\
\x00\x00\x012\x016\xad\xc1\x00\x00 \xfb\x017\xfe\xb2\
\x00\x002\xce\x01L\x05#\x00\x00\x1d\xbf\x01X\x11u\
\x00\x00\x12e\x01\xb6\x0b,\x00\x00\x0eV\x01\xcd\x8c\xae\
\x00\x00\x1e\x1b\x02;\x9c,\x00\x00\x0a\x85\x02}\xb5\x95\
\x00\x00*\xa3\x02\xcc\xfcc\x00\x00\x15{\x02\xe3/b\
\x00\x00\x16\xd9\x02\xfb\xd1T\x00\x00:S\x033\xb5u\
\x00\x00-\x18\x03]\x7f\x80\x00\x00!;\x03k\x81\x09\
\x00\x003\x8c\x03\x84}\x92\x00\x00\x11\x94\x03\x8e\xc7\x8a\
\x00\x00(%\x03\xd6\x9f+\x00\x00/C\x03\xe5\x0e\xdd\
\x00\x00\x17\x83\x04\x10\x89U\x00\x00\x1ee\x04%<\x15\
\x00\x00.\xe4\x04XMJ\x00\x00>F\x04l\x1bN\
\x00\x00\x13x\x04y,\x87\x00\x00\x1cN\x04\x98I\xbc\
\x00\x00\x1c\xc1\x04\xac,\xa5\x00\x00\x12\xb9\x04\xbd\xf1\xaa\
\x00\x00\x22\x08\x04\xc4>D\x00\x00\x0b\xde\x04\xc4y%\
\x00\x00\x13\x1a\x04\xded\x91\x00\x00?\x8b\x04\xeb/\x0a\
\x00\x00 *\x04\xf8\xaa\x9f\x00\x004\x0a\x05\x01q\x8a\
\x00\x00\x07'\x05-\xd3j\x00\x00\x1b\xb6\x058\xd6j\
\x00\x00\x1e\xe0\x05\x8cF\xc5\x00\x00\x11)\x05\xa3\xe59\
\x00\x005\xa5\x05\xfbc\xc9\x00\x00\x13\xc6\x06\x03e>\
\x00\x00\x00\x00\x06\x1aF\xca\x00\x00:\xef\x06J@\x04\
\x00\x00+ \x06z/\xe5\x00\x00\x18_\x06zD\x17\
\x00\x008~\x06{\x06\x03\x00\x00\x11\xca\x06\x83AJ\
\x00\x00 \x94\x06\x9a\xf5C\x00\x00\x1d\x8e\x06\x9a\xf5C\
\x00\x00).\x06\xc2\xe0\x14\x00\x00-\xb1\x06\xeb\xfdv\
\x00\x008\xc0\x07\x02\x87\xdf\x00\x00\x06\xc5\x07\x87\x8cJ\
\x00\x00\x0f?\x07\x95\xd0u\x00\x00+\xb8\x07\x9e\xea\xd3\
\x00\x00\x06.\x07\xbd\xb2\xe2\x00\x00=\x8b\x07\xd2ju\
\x00\x00,1\x07\xe0\x11*\x00\x001*\x07\xe2\x93\x13\
\x00\x00\x1a\x8d\x08\x05\x0e\x1e\x00\x00>\x99\x08.\xba\xd5\
\x00\x00\x03A\x08<\xaa\xa4\x00\x002\x80\x08\x8a\x0a\xbe\
\x00\x001\x9e\x09&\xdd:\x00\x00\x1a\xda\x097\xf54\
\x00\x00:\x11\x09<%\xb5\x00\x00@d\x09<\xa0\x8e\
\x00\x00\x09\xd0\x09]\x07\xb3\x00\x00\x11\xfa\x09n\x19\x19\
\x00\x00\x00\xc8\x09n\xf6\xdf\x00\x00>\xf0\x09yeG\
\x00\x00\x1bs\x09\x82\x0b\xde\x00\x00$\xed\x09\x96B>\
\x00\x00\x09\x9a\x0a+\x85\x80\x00\x00\x05C\x0a=\xc0J\
\x00\x00(\xdc\x0a]\x9b\x02\x00\x00\x22\xa6\x0aeA\xc3\
\x00\x00+\xeb\x0ae\xb2,\x00\x006}\x0ah\x00\x07\
\x00\x00\x05\x7f\x0aj\xd2\xc9\x00\x00\x0f\xfd\x0a\x88+\xe7\
\x00\x00\x07\xc3\x0a\xb1\x05\x98\x00\x00\x10\xcf\x0a\xe0\xee\x84\
\x00\x00\x0cd\x0a\xe1\xf9\x19\x00\x00\x18\x07\x0b\x09\x07z\
\x00\x00?\xf6\x0b\x09ye\x00\x00\x12\xe7\x0b\x22t]\
\x00\x00\x09)\x0bAj\xa5\x00\x00\x16\x90\x0b\x5c@\x5c\
\x00\x00\x0d\xc2\x0b\x96\xdc\xaa\x00\x007\x7f\x0b\xd3\x0e\xf5\
\x00\x00-\xeb\x0b\xd4:9\x00\x00\x02\xda\x0b\xee\xc7\x82\
\x00\x009\xb0\x0c \xaf\x9f\x00\x00\x1fF\x0c,\xac\xe7\
\x00\x00\x08\x96\x0c0\xfds\x00\x00\x18\xca\x0c>7d\
\x00\x00)h\x0cG\x92\xf4\x00\x00\x15\x0d\x0cQ\x0b\xd2\
\x00\x00\x1a:\x0cV\xb4n\x00\x00\x03\xa5\x0ceP\xa3\
\x00\x00%O\x0cj\x8a\x93\x00\x00!\xc6\x0cm_\x93\
\x00\x00\x22S\x0c\x94\x16Z\x00\x00<7\x0c\xc9\xa0\x0e\
\x00\x00\x16[\x0c\xe5\x11\xba\x00\x00\x08\x07\x0c\xebyc\
\x00\x00\x0c\xf5\x0c\xebyc\x00\x006\xc3\x0c\xf6)\xee\
\x00\x00-^\x0dL\xf4\xd8\x00\x00&\xde\x0dc\xf3y\
\x00\x006<\x0dl\xcd\xf6\x00\x0095\x0d\xac\x9c\x19\
\x00\x007\x10\x0d\xc4\xc8<\x00\x00\x1c\xef\x0d\xc4\xc8<\
\x00\x00\x1f\xf4\x0d\xd6\xd1\xb4\x00\x0023\x0e/\xbeC\
\x00\x00\x04\x91\x0e?\xc7\x03\x00\x00;\xe1\x0ee~j\
\x00\x00'\xc4\x0ei\x85\xfe\x00\x00\x05\xb9\x0e\x7f\x98Z\
\x00\x00/\xab\x0e\x8c\xfau\x00\x00./\x0e\xb0\x1b\x1e\
\x00\x00$\x87\x0e\xc8a\xa2\x00\x00%\xfe\x0e\xdb#r\
\x00\x00\x14[\x0e\xe6W\xe5\x00\x00,\xbf\x0e\xfa\x87\xb4\
\x00\x007\xee\x0f\x0a\x9f\xc9\x00\x00\x10a\x0f\x15\x9f\xdc\
\x00\x00\x0dC\x0f=\xcc?\x00\x00\x0bE\x0fC\xc9\xf4\
\x00\x00#\xb9\x0f\x9bs3\x00\x00\x1d\x1e\x0f\xaa\xa7-\
\x00\x00@\xcc\x0f\xfcx\xc3\x00\x00\x19\x0d\x0f\xfcx\xc3\
\x00\x00/\xfai\x00\x00Aa\x03\x00\x00\x00l\x00S\
\x00u\x00g\x00e\x00s\x00t\x00i\x00e\x00 \
\x00s\x01\x05\x00 \x00m\x00i\x00l\x00e\x00 \
\x00w\x00i\x00d\x00z\x00i\x00a\x00n\x00e\
\x00 \x00n\x00a\x00 \x00m\x00o\x00d\x00w\
\x00o\x00r\x00k\x00s\x00h\x00o\x00p\x00.\
\x00n\x00e\x00t\x00 \x00i\x00 \x00g\x00i\
\x00t\x00h\x00u\x00b\x00.\x08\x00\x00\x00\x00\x06\
\x00\x00\x00BSuggestions \
are greatly appr\
eciated on modwo\
rkshop.net and g\
ithub.\x07\x00\x00\x00\x05About\
\x01\x03\x00\x00\x006\x00W\x00s\x00p\x00i\x00e\
\x00r\x00a\x00j\x00 \x00W\x00o\x00l\x00f\
\x00m\x00y\x00t\x00h\x00s\x00 \x00n\x00a\
\x00 \x00K\x00o\x00-\x00F\x00i\x08\x00\x00\x00\
\x00\x06\x00\x00\x00\x1aSupport Wo\
lfmyths on Ko-Fi\
\x07\x00\x00\x00\x05About\x01\x03\x00\x00\x01\x0a\
\x00C\x00e\x00l\x00e\x00m\x00 \x00t\x00e\
\x00g\x00o\x00 \x00p\x00r\x00o\x00g\x00r\
\x00a\x00m\x00u\x00 \x00j\x00e\x00s\x00t\
\x00 \x00u\x00s\x00p\x00r\x00a\x00w\x00n\
\x00i\x00e\x00n\x00i\x00e\x00 \x00p\x00r\
\x00o\x00c\x00e\x00s\x00u\x00 \x00z\x00a\
\x00r\x00z\x01\x05\x00d\x00z\x00a\x00n\x00i\
\x00a\x00 \x00m\x00o\x00d\x00a\x00m\x00i\
\x00 \x00P\x00A\x00Y\x00D\x00A\x00Y\x00 \
\x002\x00 \x00b\x00e\x00z\x00 \x00k\x00o\
\x00n\x00i\x00e\x00c\x00z\x00n\x00o\x01[\
\x00c\x00i\x00 \x01|\x00o\x00n\x00g\x00l\
\x00o\x00w\x00a\x00n\x00i\x00a\x00 \x00w\
\x00i\x00e\x00l\x00o\x00m\x00a\x00 \x00e\
\x00k\x00s\x00p\x00l\x00o\x00r\x00a\x00t\
\x00o\x00r\x00a\x00m\x00i\x00 \x00p\x00l\
\x00i\x00k\x00\xf3\x00w\x00.\x08\x00\x00\x00\x00\x06\
\x00\x00\x00\x84The goal of \
this program is \
to streamline th\
e proccess of PA\
YDAY 2 mod manag\
ment without has\
sle of juggling \
multiple file ex\
plorers.\x07\x00\x00\x00\x05Abo\
ut\x01\x03\x00\x00\x006\x00O\x00d\x00w\x00i\
\x00e\x00d\x01z\x00 \x00r\x00e\x00p\x00o\
\x00z\x00y\x00t\x00o\x00r\x00i\x00u\x00m\
\x00 \x00G\x00i\x00t\x00h\x00u\x00b\x08\x00\
\x00\x00\x00\x06\x00\x00\x00\x17Visit Gi\
thub Repository\x07\
\x00\x00\x00\x05About\x01\x03\x00\x00\x004\x00\
O\x00d\x00w\x00i\x00e\x00d\x01z\x00 \x00\
s\x00t\x00r\x00o\x00n\x01\x19\x00 \x00M\x00\
o\x00d\x00w\x00o\x00r\x00k\x00s\x00h\x00\
o\x00p\x08\x00\x00\x00\x00\x06\x00\x00\x00\x16Vis\
it Modworkshop P\
age\x07\x00\x00\x00\x05About\x01\x03\x00\
\x00\x00\x92\x00t\x00o\x00 \x00o\x00p\x00e\x00\
n\x00-\x00s\x00o\x00u\x00r\x00c\x00e\x00\
'\x00o\x00w\x00y\x00 \x00m\x00e\x00n\x00\
e\x00d\x01|\x00e\x00r\x00 \x00m\x00o\x00\
d\x00\xf3\x00w\x00 \x00d\x00l\x00a\x00 \x00\
P\x00A\x00Y\x00D\x00A\x00Y\x00 \x002\x00\
 \x00s\x00t\x00w\x00o\x00r\x00z\x00o\x00\
n\x00y\x00 \x00p\x00r\x00z\x00e\x00z\x00\
 \x00W\x00o\x00l\x00f\x00m\x00y\x00t\x00\
h\x00s\x00.\x08\x00\x00\x00\x00\x06\x00\x00\x00@i\
s an open-source\
 mod manager for\
 PAYDAY 2 create\
d by Wolfmyths.\x07\
\x00\x00\x00\x05About\x01\x03\x00\x00\x00j\x00\
W\x00y\x00s\x00t\x01\x05\x00p\x00i\x01B\x00\
 \x00b\x01B\x01\x05\x00d\x00 \x00p\x00o\x00\
d\x00c\x00z\x00a\x00s\x00 \x00t\x00w\x00\
o\x00r\x00z\x00e\x00n\x00i\x00a\x00 \x00\
k\x00o\x00p\x00i\x00i\x00 \x00z\x00a\x00\
p\x00a\x00s\x00o\x00w\x00e\x00j\x00 \x00\
m\x00o\x00d\x00\xf3\x00w\x08\x00\x00\x00\x00\x06\x00\
\x00\x00)An error was \
raised while bac\
king up mods\x07\x00\x00\x00\
\x0aBackupMods\x01\x03\x00\x00\x00\
\x16\x00C\x00z\x00y\x00s\x00z\x00c\x00z\x00\
e\x00n\x00i\x00e\x08\x00\x00\x00\x00\x06\x00\x00\x00\
\x07Cleanup\x07\x00\x00\x00\x0aBac\
kupMods\x01\x03\x00\x00\x00\x14\x00K\x00\
o\x00p\x00i\x00o\x00w\x00a\x00n\x00i\x00\
e\x08\x00\x00\x00\x00\x06\x00\x00\x00\x07Copyi\
ng\x07\x00\x00\x00\x0aBackupMod\
s\x01\x03\x00\x00\x00:\x00T\x00o\x00 \x00m\x00\
o\x01|\x00e\x00 \x00z\x00a\x00j\x01\x05\x01\
\x07\x00 \x00t\x00r\x00o\x00c\x00h\x01\x19\x00\
 \x00c\x00z\x00a\x00s\x00u\x00.\x00.\x00\
.\x08\x00\x00\x00\x00\x06\x00\x00\x00\x1cThis \
might take some \
time...\x07\x00\x00\x00\x0aBack\
upMods\x01\x03\x00\x00\x00Z\x00S\x00p\
\x00r\x00a\x00w\x00d\x00z\x00a\x00n\x00i\
\x00e\x00 \x01[\x00c\x00i\x00e\x01|\x00e\
\x00k\x00 \x00f\x00o\x00l\x00d\x00e\x00r\
\x00\xf3\x00w\x00 \x00k\x00o\x00p\x00i\x00i\
\x00 \x00z\x00a\x00p\x00a\x00s\x00o\x00w\
\x00y\x00c\x00h\x08\x00\x00\x00\x00\x06\x00\x00\x00\x1e\
Validating backu\
p folder paths\x07\x00\
\x00\x00\x0aBackupMods\x01\x03\x00\
\x00\x00\x14\x00Z\x00i\x00p\x00p\x00i\x00n\x00\
g\x00 \x00t\x00o\x08\x00\x00\x00\x00\x06\x00\x00\x00\
\x0aZipping to\x07\x00\x00\x00\x0a\
BackupMods\x01\x03\x00\x00\x00\x04\
\x00d\x00o\x08\x00\x00\x00\x00\x06\x00\x00\x00\x02to\
\x07\x00\x00\x00\x0aBackupMods\x01\
\x03\x00\x00\x00N\x00W\x00y\x00s\x00t\x01\x05\x00\
p\x00i\x01B\x00 \x00b\x01B\x01\x05\x00d\x00\
 \x00p\x00o\x00d\x00c\x00z\x00a\x00s\x00\
 \x00z\x00m\x00i\x00a\x00n\x00y\x00 \x00\
t\x00y\x00p\x00u\x00 \x00m\x00o\x00d\x00\
a\x00:\x08\x00\x00\x00\x00\x06\x00\x00\x00,An \
error was raised\
 while changing \
mod type:\x07\x00\x00\x00\x0dCh\
angeModType\x01\x03\x00\x00\x00\
\x18\x00I\x00n\x00s\x00t\x00a\x00l\x00o\x00\
w\x00a\x00n\x00i\x00e\x08\x00\x00\x00\x00\x06\x00\
\x00\x00\x0aInstalling\x07\x00\x00\
\x00\x0dChangeModType\x01\
\x03\x00\x00\x00H\x00P\x00o\x00d\x00c\x00z\x00\
a\x00s\x00 \x00u\x00s\x00u\x00w\x00a\x00\
n\x00i\x00a\x00 \x00m\x00o\x00d\x00a\x00\
 \x00w\x00y\x00s\x00t\x01\x05\x00p\x00i\x01\
B\x00 \x00b\x01B\x01\x05\x00d\x00:\x08\x00\x00\
\x00\x00\x06\x00\x00\x00)An error \
was raised while\
 deleting a mod:\
\x07\x00\x00\x00\x09DeleteMod\x01\x03\
\x00\x00\x00\x10\x00U\x00s\x00u\x00w\x00a\x00n\
\x00i\x00e\x08\x00\x00\x00\x00\x06\x00\x00\x00\x08De\
leting\x07\x00\x00\x00\x09Delet\
eMod\x01\x03\x00\x00\x00*\x00N\x00i\x00e\
\x00 \x00m\x00o\x01|\x00n\x00a\x00 \x00o\
\x00t\x00w\x00o\x00r\x00z\x00y\x01\x07\x00 \
\x00d\x00o\x08\x00\x00\x00\x00\x06\x00\x00\x00\x11Co\
uld not open to\x07\
\x00\x00\x00\x0dErrorCheckin\
g\x01\x03\x00\x00\x008\x00N\x00i\x00e\x00 \x00\
m\x00o\x01|\x00n\x00a\x00 \x00u\x00r\x00\
u\x00c\x00h\x00o\x00m\x00i\x01\x07\x00 \x00\
p\x00r\x00o\x00g\x00r\x00a\x00m\x00u\x08\
\x00\x00\x00\x00\x06\x00\x00\x00\x17Could n\
ot start program\
\x07\x00\x00\x00\x0dErrorChecki\
ng\x01\x03\x00\x00\x00\x0c\x00B\x01B\x01\x05\x00d\
\x00 \x00w\x08\x00\x00\x00\x00\x06\x00\x00\x00\x08Er\
ror in\x07\x00\x00\x00\x0dError\
Checking\x01\x03\x00\x00\x00\x5c\x00U\
\x01|\x00y\x00j\x00 \x00p\x00e\x01B\x00n\
\x00e\x00j\x00 \x01[\x00c\x00i\x00e\x01|\
\x00k\x00i\x00 \x00d\x00o\x00 \x00u\x00r\
\x00u\x00c\x00h\x00a\x00m\x00i\x00a\x00n\
\x00e\x00g\x00o\x00 \x00p\x00r\x00o\x00g\
\x00r\x00a\x00m\x00u\x00.\x08\x00\x00\x00\x00\x06\
\x00\x00\x007Please use a\
 full path to th\
e program you ar\
e starting.\x07\x00\x00\x00\x0d\
ErrorChecking\x01\x03\x00\
\x00\x00r\x00W\x00y\x00s\x00t\x01\x05\x00p\x00\
i\x01B\x00 \x00b\x01B\x01\x05\x00d\x00 \x00\
p\x00o\x00d\x00c\x00z\x00a\x00s\x00 \x00\
u\x00r\x00u\x00c\x00h\x00a\x00m\x00i\x00\
a\x00n\x00i\x00a\x00 \x00n\x00a\x00r\x00\
z\x01\x19\x00d\x00z\x00i\x00a\x00 \x00z\x00\
e\x00w\x00n\x01\x19\x00t\x00r\x00z\x00n\x00\
e\x00g\x00o\x08\x00\x00\x00\x00\x06\x00\x00\x00-A\
n error was rais\
ed starting an e\
xternal tool\x07\x00\x00\x00\
\x0cExternalTool\x01\x03\x00\
\x00\x00J\x00C\x00z\x00y\x00 \x00n\x00a\x00\
 \x00p\x00e\x00w\x00n\x00o\x00 \x00c\x00\
h\x00c\x00e\x00s\x00z\x00 \x00u\x00s\x00\
u\x00n\x01\x05\x01\x07\x00 \x00t\x00e\x00n\x00\
 \x00s\x00k\x00r\x00\xf3\x00t\x00?\x08\x00\x00\
\x00\x00\x06\x00\x00\x00.Are you s\
ure you want to \
delete this shor\
tcut?\x07\x00\x00\x00\x0cExtern\
alTool\x01\x03\x00\x00\x00H\x00U\x00s\
\x00u\x01D\x00 \x00s\x00k\x00r\x00\xf3\x00t\
\x00 \x00d\x00o\x00 \x00n\x00a\x00r\x00z\
\x01\x19\x00d\x00z\x00i\x00a\x00 \x00z\x00e\
\x00w\x00n\x01\x19\x00t\x00r\x00z\x00n\x00e\
\x00g\x00o\x08\x00\x00\x00\x00\x06\x00\x00\x00\x1dDe\
lete external to\
ol shortcut\x07\x00\x00\x00\x0c\
ExternalTool\x01\x03\x00\x00\
\x00.\x00U\x00s\x00u\x01D\x00 \x00s\x00k\
\x00r\x00\xf3\x00t\x00 \x00d\x00o\x00 \x00n\
\x00a\x00r\x00z\x01\x19\x00d\x00z\x00i\x00a\
\x08\x00\x00\x00\x00\x06\x00\x00\x00\x14Delete\
 tool shortcut\x07\x00\
\x00\x00\x0cExternalTool\x01\
\x03\x00\x00\x00\x08\x00B\x01B\x01\x05\x00d\x08\x00\x00\
\x00\x00\x06\x00\x00\x00\x05Error\x07\x00\x00\x00\
\x0cExternalTool\x01\x03\x00\
\x00\x00\x22\x00P\x00l\x00i\x00k\x00i\x00 \x00\
w\x00y\x00k\x00o\x00n\x00y\x00w\x00a\x00\
l\x00n\x00e\x08\x00\x00\x00\x00\x06\x00\x00\x00\x0bE\
xecutables\x07\x00\x00\x00\x0cE\
xternalTool\x01\x03\x00\x00\x00\
F\x00W\x00y\x00b\x00\xf3\x00r\x00 \x00n\x00\
o\x00w\x00e\x00g\x00o\x00 \x00n\x00a\x00\
r\x00z\x01\x19\x00d\x00z\x00i\x00a\x00 \x00\
z\x00e\x00w\x00n\x01\x19\x00t\x00r\x00z\x00\
n\x00e\x00g\x00o\x08\x00\x00\x00\x00\x06\x00\x00\x00\
\x18Select new exte\
rnal tool\x07\x00\x00\x00\x0cEx\
ternalTool\x01\x03\x00\x00\x00N\
\x00U\x00s\x00t\x00a\x00w\x00 \x00s\x00l\
\x00o\x00t\x00 \x00n\x00a\x00 \x00i\x00n\
\x00n\x00e\x00 \x00n\x00a\x00r\x00z\x01\x19\
\x00d\x00z\x00i\x00e\x00 \x00z\x00e\x00w\
\x00n\x01\x19\x00t\x00r\x00z\x00n\x00e\x08\x00\
\x00\x00\x00\x06\x00\x00\x00%Set slot\
 to a different \
external tool\x07\x00\x00\
\x00\x0cExternalTool\x01\x03\
\x00\x00\x008\x00U\x00r\x00u\x00c\x00h\x00o\
\x00m\x00 \x00n\x00a\x00r\x00z\x01\x19\x00d\
\x00z\x00i\x00e\x00 \x00z\x00e\x00w\x00n\
\x01\x19\x00t\x00r\x00z\x00n\x00e\x08\x00\x00\x00\
\x00\x06\x00\x00\x00\x13Start exte\
rnal tool\x07\x00\x00\x00\x0cEx\
ternalTool\x01\x03\x00\x00\x00<\
\x00Z\x00n\x00a\x00l\x00e\x00z\x00i\x00o\
\x00n\x00o\x00 \x00z\x00d\x00u\x00p\x00l\
\x00i\x00k\x00o\x00w\x00a\x00n\x00e\x00 \
\x00s\x00k\x00r\x00\xf3\x00t\x00y\x08\x00\x00\x00\
\x00\x06\x00\x00\x00\x19Duplicate \
shortcuts found\x07\
\x00\x00\x00\x13ExternalTool\
Display\x01\x03\x00\x00\x00b\x00S\x00\
k\x00r\x00\xf3\x00t\x00y\x00 \x00n\x00i\x00\
e\x00 \x00z\x00o\x00s\x00t\x00a\x01B\x00\
y\x00 \x00d\x00o\x00d\x00a\x00n\x00e\x00\
,\x00 \x00p\x00o\x00n\x00i\x00e\x00w\x00\
a\x01|\x00 \x00j\x00u\x01|\x00 \x00i\x00\
s\x00t\x00n\x00i\x00e\x00j\x01\x05\x00:\x08\
\x00\x00\x00\x00\x06\x00\x00\x004Shortcu\
ts were not adde\
d because they a\
lready exist:\x07\x00\x00\
\x00\x13ExternalToolDi\
splay\x01\x03\x00\x00\x00(\x00K\x00a\x00\
t\x00a\x00l\x00o\x00g\x00 \x00g\x00r\x00\
y\x00 \x00P\x00A\x00Y\x00D\x00A\x00Y\x00\
 \x002\x08\x00\x00\x00\x00\x06\x00\x00\x00\x17PAY\
DAY 2 Game Direc\
tory\x07\x00\x00\x00\x10GamePat\
hNotFound\x01\x03\x00\x00\x000\x00\
W\x00y\x00b\x00i\x00e\x00r\x00z\x00 \x00\
k\x00a\x00t\x00a\x00l\x00o\x00g\x00 \x00\
P\x00A\x00Y\x00D\x00A\x00Y\x00 \x002\x08\
\x00\x00\x00\x00\x06\x00\x00\x00\x19Select \
PAYDAY 2 Directo\
ry\x07\x00\x00\x00\x10GamePathN\
otFound\x01\x03\x00\x00\x00(\x00U\x00\
s\x00t\x00a\x00w\x00 \x01[\x00c\x00i\x00\
e\x01|\x00k\x01\x19\x00 \x00d\x00o\x00 \x00\
g\x00r\x00y\x08\x00\x00\x00\x00\x06\x00\x00\x00\x0dS\
et game path\x07\x00\x00\x00\
\x10GamePathNotFoun\
d\x01\x03\x00\x00\x00\x08\x00U\x00s\x00u\x01D\x08\
\x00\x00\x00\x00\x06\x00\x00\x00\x06Remove\x07\
\x00\x00\x00\x10IgnoredModsQ\
Menu\x01\x03\x00\x00\x00\x14\x00I\x00n\x00f\
\x00o\x00r\x00m\x00a\x00c\x00j\x00e\x08\x00\
\x00\x00\x00\x06\x00\x00\x00\x05About\x07\x00\x00\
\x00\x0aMainWindow\x01\x03\x00\x00\
\x00\x10\x00M\x00e\x00n\x00e\x00d\x01|\x00e\
\x00r\x08\x00\x00\x00\x00\x06\x00\x00\x00\x07Mana\
ger\x07\x00\x00\x00\x0aMainWind\
ow\x01\x03\x00\x00\x00\x0a\x00O\x00p\x00c\x00j\
\x00e\x08\x00\x00\x00\x00\x06\x00\x00\x00\x07Opti\
ons\x07\x00\x00\x00\x0aMainWind\
ow\x01\x03\x00\x00\x00\x0e\x00P\x00r\x00o\x00f\
\x00i\x00l\x00e\x08\x00\x00\x00\x00\x06\x00\x00\x00\x08\
Profiles\x07\x00\x00\x00\x0aMai\
nWindow\x01\x03\x00\x00\x00\x12\x00N\x00\
a\x00r\x00z\x01\x19\x00d\x00z\x00i\x00a\x08\
\x00\x00\x00\x00\x06\x00\x00\x00\x05Tools\x07\x00\
\x00\x00\x0aMainWindow\x01\x03\x00\
\x00\x00(\x00S\x00p\x00r\x00a\x00w\x00d\x01\
z\x00 \x00a\x00k\x00t\x00u\x00a\x00l\x00\
i\x00z\x00a\x00c\x00j\x01\x19\x08\x00\x00\x00\x00\
\x06\x00\x00\x00\x0cCheck Updat\
e\x07\x00\x00\x00\x0bManagerMen\
u\x01\x03\x00\x00\x00\x08\x00U\x00s\x00u\x01D\x08\
\x00\x00\x00\x00\x06\x00\x00\x00\x06Delete\x07\
\x00\x00\x00\x0bManagerMenu\x01\
\x03\x00\x00\x00\x0c\x00W\x00y\x01B\x01\x05\x00c\x00\
z\x08\x00\x00\x00\x00\x06\x00\x00\x00\x07Disab\
le\x07\x00\x00\x00\x0bManagerMe\
nu\x01\x03\x00\x00\x00\x0a\x00W\x01B\x01\x05\x00c\
\x00z\x08\x00\x00\x00\x00\x06\x00\x00\x00\x06Enab\
le\x07\x00\x00\x00\x0bManagerMe\
nu\x01\x03\x00\x00\x00\x0a\x00U\x00k\x00r\x00y\
\x00j\x08\x00\x00\x00\x00\x06\x00\x00\x00\x04Hide\
\x07\x00\x00\x00\x0bManagerMenu\
\x01\x03\x00\x00\x00 \x00O\x00t\x00w\x00\xf3\x00r\
\x00z\x00 \x00f\x00o\x00l\x00d\x00e\x00r\
\x00.\x00.\x00.\x08\x00\x00\x00\x00\x06\x00\x00\x00\x0e\
Open Folder...\x07\x00\
\x00\x00\x0bManagerMenu\x01\x03\
\x00\x00\x00$\x00W\x00y\x01[\x00w\x00i\x00e\
\x00t\x00l\x00 \x00z\x00n\x00a\x00c\x00z\
\x00n\x00i\x00k\x00i\x08\x00\x00\x00\x00\x06\x00\x00\
\x00\x0bView Tag(s)\x07\x00\x00\
\x00\x0bManagerMenu\x01\x03\x00\
\x00\x00\x1c\x00O\x00d\x00w\x00i\x00e\x00d\x01\
z\x00 \x00s\x00t\x00r\x00o\x00n\x01\x19\x08\
\x00\x00\x00\x00\x06\x00\x00\x00\x0aVisit P\
age\x07\x00\x00\x00\x0bManagerM\
enu\x01\x03\x00\x00\x004\x00Z\x00n\x00a\x00\
l\x00e\x00z\x00i\x00o\x00n\x00o\x00 \x00\
n\x00o\x00w\x01\x05\x00 \x00w\x00e\x00r\x00\
s\x00j\x01\x19\x00 \x00d\x00l\x00a\x08\x00\x00\
\x00\x00\x06\x00\x00\x00 A new ver\
sion has been fo\
und for\x07\x00\x00\x00\x0dModL\
istWidget\x01\x03\x00\x00\x00\x12\x00\
W\x00y\x01B\x01\x05\x00c\x00z\x00o\x00n\x00\
e\x08\x00\x00\x00\x00\x06\x00\x00\x00\x08Disab\
led\x07\x00\x00\x00\x0dModListW\
idget\x01\x03\x00\x00\x00\x10\x00W\x01B\x01\
\x05\x00c\x00z\x00o\x00n\x00e\x08\x00\x00\x00\x00\
\x06\x00\x00\x00\x07Enabled\x07\x00\x00\x00\
\x0dModListWidget\x01\x03\
\x00\x00\x00\x0e\x00L\x00o\x00k\x00a\x00l\x00n\
\x00y\x08\x00\x00\x00\x00\x06\x00\x00\x00\x05Loca\
l\x07\x00\x00\x00\x0dModListWid\
get\x01\x03\x00\x00\x00J\x00W\x00y\x00n\x00\
i\x00k\x00i\x00 \x00s\x00p\x00r\x00a\x00\
w\x00d\x00z\x00a\x00n\x00i\x00a\x00 \x00\
a\x00k\x00t\x00u\x00a\x00l\x00i\x00z\x00\
a\x00c\x00j\x00i\x00 \x00m\x00o\x00d\x00\
\xf3\x00w\x08\x00\x00\x00\x00\x06\x00\x00\x00\x18Mod\
 Update Check Re\
sults\x07\x00\x00\x00\x0dModLis\
tWidget\x01\x03\x00\x00\x00\x0a\x00N\x00\
a\x00z\x00w\x00a\x08\x00\x00\x00\x00\x06\x00\x00\x00\
\x04Name\x07\x00\x00\x00\x0dModLis\
tWidget\x01\x03\x00\x00\x00\x06\x00T\x00\
y\x00p\x08\x00\x00\x00\x00\x06\x00\x00\x00\x04Typ\
e\x07\x00\x00\x00\x0dModListWid\
get\x01\x03\x00\x00\x00\x0c\x00W\x00e\x00r\x00\
s\x00j\x00a\x08\x00\x00\x00\x00\x06\x00\x00\x00\x07V\
ersion\x07\x00\x00\x00\x0dModLi\
stWidget\x01\x03\x00\x00\x00\x1a\x00j\
\x00e\x00s\x00t\x00 \x00a\x00k\x00t\x00u\
\x00a\x00l\x00n\x00a\x08\x00\x00\x00\x00\x06\x00\x00\
\x00\x0dis up to date\x07\
\x00\x00\x00\x0dModListWidge\
t\x01\x03\x00\x00\x00b\x00W\x00y\x00s\x00t\x01\
\x05\x00p\x00i\x01B\x00 \x00b\x01B\x01\x05\x00\
d\x00 \x00p\x00o\x00d\x00c\x00z\x00a\x00\
s\x00 \x00p\x00r\x00\xf3\x00b\x00y\x00 \x00\
u\x00r\x00u\x00c\x00h\x00o\x00m\x00i\x00\
e\x00n\x00i\x00a\x00 \x00P\x00A\x00Y\x00\
D\x00A\x00Y\x00 \x002\x08\x00\x00\x00\x00\x06\x00\
\x00\x00)An error occu\
red trying to st\
art PAYDAY 2\x07\x00\x00\x00\
\x0aModManager\x01\x03\x00\x00\x00\
D\x00N\x00i\x00e\x00 \x00m\x00o\x01|\x00\
n\x00a\x00 \x00u\x00r\x00u\x00c\x00h\x00\
o\x00m\x00i\x01\x07\x00 \x00P\x00A\x00Y\x00\
D\x00A\x00Y\x00 \x002\x00 \x00z\x00 \x00\
M\x00M\x00M\x08\x00\x00\x00\x00\x06\x00\x00\x00!C\
ould not start P\
AYDAY 2 from MMM\
\x07\x00\x00\x00\x0aModManager\x01\
\x03\x00\x00\x00&\x00O\x00t\x00w\x00\xf3\x00r\x00\
z\x00 \x00k\x00a\x00t\x00a\x00l\x00o\x00\
g\x00 \x00g\x00i\x00e\x00r\x08\x00\x00\x00\x00\
\x06\x00\x00\x00\x13Open Game D\
irectory\x07\x00\x00\x00\x0aMod\
Manager\x01\x03\x00\x00\x008\x01Z\x00\
c\x00i\x00e\x01|\x00k\x00a\x00 \x00n\x00\
i\x00e\x00 \x00j\x00e\x00s\x00t\x00 \x00\
b\x00e\x00z\x00w\x00z\x00g\x00l\x01\x19\x00\
d\x00n\x00a\x08\x00\x00\x00\x00\x06\x00\x00\x00\x14P\
ath is not absol\
ute\x07\x00\x00\x00\x0aModManag\
er\x01\x03\x00\x00\x00\x18\x00O\x00d\x01[\x00w\
\x00i\x00e\x01|\x00 \x00m\x00o\x00d\x00y\
\x08\x00\x00\x00\x00\x06\x00\x00\x00\x0cRefres\
h Mods\x07\x00\x00\x00\x0aModMa\
nager\x01\x03\x00\x00\x00\xb6\x00S\x00z\x00\
u\x00k\x00a\x00j\x00.\x00.\x00.\x00 \x00\
u\x01|\x00y\x00j\x00  \x1e\x00t\x00a\x00\
g\x00: \x1d\x00 \x00b\x00e\x00z\x00 \x00\
s\x00p\x00a\x00c\x00j\x00i\x00,\x00 \x00\
a\x00b\x00y\x00 \x00w\x00y\x00s\x00z\x00\
u\x00k\x00a\x01\x07\x00 \x00t\x00a\x00g\x00\
i\x00,\x00 \x00u\x01|\x00y\x00j\x00 \x00\
p\x00r\x00z\x00e\x00c\x00i\x00n\x00k\x00\
a\x00  \x1e\x00, \x1d\x00,\x00 \x00a\x00\
b\x00y\x00 \x00o\x00d\x00d\x00z\x00i\x00\
e\x00l\x00i\x01\x07\x00 \x00t\x00a\x00g\x00\
i\x08\x00\x00\x00\x00\x06\x00\x00\x00XSearc\
h... use \x22tag:\x22 \
with no spaces t\
o search for tag\
s, use a comma \x22\
,\x22 to seperate t\
ags\x07\x00\x00\x00\x0aModManag\
er\x01\x03\x00\x00\x00&\x00R\x00o\x00z\x00p\
\x00o\x00c\x00z\x00n\x00i\x00j\x00 \x00P\
\x00A\x00Y\x00D\x00A\x00Y\x00 \x002\x08\x00\
\x00\x00\x00\x06\x00\x00\x00\x0eStart PA\
YDAY 2\x07\x00\x00\x00\x0aModMa\
nager\x01\x03\x00\x00\x00$\x00M\x00o\x00\
d\x00y\x00f\x00i\x00k\x00a\x00c\x00j\x00\
e\x00 \x00o\x00g\x00\xf3\x01B\x00e\x00m\x08\
\x00\x00\x00\x00\x06\x00\x00\x00\x0aTotal M\
ods\x07\x00\x00\x00\x0aModManag\
er\x01\x03\x00\x00\x00L\x00W\x00y\x00s\x00t\
\x01\x05\x00p\x00i\x01B\x00 \x00b\x01B\x01\x05\
\x00d\x00 \x00p\x00o\x00d\x00c\x00z\x00a\
\x00s\x00 \x00w\x00y\x01B\x01\x05\x00c\x00z\
\x00a\x00n\x00i\x00a\x00 \x00m\x00o\x00d\
\x00a\x00:\x08\x00\x00\x00\x00\x06\x00\x00\x00'An\
 error occured w\
hile disabling a\
 mod:\x07\x00\x00\x00\x11MoveTo\
DisabledDir\x01\x03\x00\x00\x00\
\x14\x00W\x00y\x01B\x01\x05\x00c\x00z\x00a\x00\
n\x00i\x00e\x08\x00\x00\x00\x00\x06\x00\x00\x00\x09D\
isabling\x07\x00\x00\x00\x11Mov\
eToDisabledDir\x01\x03\
\x00\x00\x00J\x00W\x00y\x00s\x00t\x01\x05\x00p\
\x00i\x01B\x00 \x00b\x01B\x01\x05\x00d\x00 \
\x00p\x00o\x00d\x00c\x00z\x00a\x00s\x00 \
\x00w\x01B\x01\x05\x00c\x00z\x00a\x00n\x00i\
\x00a\x00 \x00m\x00o\x00d\x00a\x00:\x08\x00\
\x00\x00\x00\x06\x00\x00\x00&An error\
 occured while e\
nabling a mod:\x07\x00\
\x00\x00\x13MoveToEnabled\
ModDir\x01\x03\x00\x00\x00\x12\x00W\x01B\
\x01\x05\x00c\x00z\x00a\x00n\x00i\x00e\x08\x00\
\x00\x00\x00\x06\x00\x00\x00\x08Enabling\
\x07\x00\x00\x00\x13MoveToEnabl\
edModDir\x01\x03\x00\x00\x00\x10\x00Z\
\x00a\x00s\x00t\x00o\x00s\x00u\x00j\x08\x00\
\x00\x00\x00\x06\x00\x00\x00\x05Apply\x07\x00\x00\
\x00\x07Options\x01\x03\x00\x00\x00\x0c\x00\
A\x00n\x00u\x00l\x00u\x00j\x08\x00\x00\x00\x00\
\x06\x00\x00\x00\x06Cancel\x07\x00\x00\x00\x07\
Options\x01\x03\x00\x00\x00\x0c\x00O\x00\
g\x00\xf3\x00l\x00n\x00e\x08\x00\x00\x00\x00\x06\x00\
\x00\x00\x07General\x07\x00\x00\x00\x07O\
ptions\x01\x03\x00\x00\x00\x1e\x00I\x00g\
\x00n\x00o\x00r\x00o\x00w\x00a\x00n\x00e\
\x00 \x00m\x00o\x00d\x00y\x08\x00\x00\x00\x00\x06\
\x00\x00\x00\x0cIgnored Mods\
\x07\x00\x00\x00\x07Options\x01\x03\x00\x00\
\x00\x0a\x00R\x00\xf3\x01|\x00n\x00e\x08\x00\x00\x00\
\x00\x06\x00\x00\x00\x04Misc\x07\x00\x00\x00\x07O\
ptions\x01\x03\x00\x00\x00\x0c\x00S\x00k\
\x00r\x00\xf3\x00t\x00y\x08\x00\x00\x00\x00\x06\x00\x00\
\x00\x09Shortcuts\x07\x00\x00\x00\x07\
Options\x01\x03\x00\x00\x00(\x00S\x00\
p\x00r\x00a\x00w\x00d\x01z\x00 \x00a\x00\
k\x00t\x00u\x00a\x00l\x00i\x00z\x00a\x00\
c\x00j\x00e\x08\x00\x00\x00\x00\x06\x00\x00\x00\x11C\
heck for updates\
\x07\x00\x00\x00\x0eOptionsGene\
ral\x01\x03\x00\x00\x00\x1c\x00S\x00p\x00r\x00\
a\x00w\x00d\x00z\x00a\x00n\x00i\x00e\x00\
.\x00.\x00.\x08\x00\x00\x00\x00\x06\x00\x00\x00\x0bC\
hecking...\x07\x00\x00\x00\x0eO\
ptionsGeneral\x01\x03\x00\
\x00\x00\x1a\x00M\x00o\x00t\x00y\x00w\x00 \x00\
k\x00o\x00l\x00o\x00r\x00\xf3\x00w\x08\x00\x00\
\x00\x00\x06\x00\x00\x00\x0bColor The\
me\x07\x00\x00\x00\x0eOptionsGe\
neral\x01\x03\x00\x00\x00\x0c\x00C\x00i\x00\
e\x00m\x00n\x00y\x08\x00\x00\x00\x00\x06\x00\x00\x00\
\x04Dark\x07\x00\x00\x00\x0eOption\
sGeneral\x01\x03\x00\x00\x000\x00W\
\x00y\x01B\x01\x05\x00c\x00z\x00o\x00n\x00a\
\x00 \x01[\x00c\x00i\x00e\x01|\x00k\x00a\
\x00 \x00m\x00o\x00d\x00\xf3\x00w\x00:\x08\x00\
\x00\x00\x00\x06\x00\x00\x00\x13Disabled\
 Mods Path:\x07\x00\x00\x00\x0e\
OptionsGeneral\x01\x03\
\x00\x00\x00l\x00B\x01B\x01\x05\x00d\x00:\x00 \
\x00S\x00p\x00r\x00a\x00w\x00d\x01z\x00 \
\x00d\x00z\x00i\x00e\x00n\x00n\x00i\x00k\
\x00i\x00,\x00 \x00a\x00b\x00y\x00 \x00u\
\x00z\x00y\x00s\x00k\x00a\x01\x07\x00 \x00w\
\x00i\x01\x19\x00c\x00e\x00j\x00 \x00i\x00n\
\x00f\x00o\x00r\x00m\x00a\x00c\x00j\x00i\
\x08\x00\x00\x00\x00\x06\x00\x00\x00\x1fError:\
 Check logs for \
more info\x07\x00\x00\x00\x0eOp\
tionsGeneral\x01\x03\x00\x00\
\x00\x0c\x00O\x00g\x00\xf3\x00l\x00n\x00e\x08\x00\
\x00\x00\x00\x06\x00\x00\x00\x07General\x07\
\x00\x00\x00\x0eOptionsGener\
al\x01\x03\x00\x00\x00\x0c\x00J\x01\x19\x00z\x00y\
\x00k\x00:\x08\x00\x00\x00\x00\x06\x00\x00\x00\x09La\
nguage:\x07\x00\x00\x00\x0eOpti\
onsGeneral\x01\x03\x00\x00\x00\x0a\
\x00J\x00a\x00s\x00n\x00y\x08\x00\x00\x00\x00\x06\
\x00\x00\x00\x05Light\x07\x00\x00\x00\x0eOp\
tionsGeneral\x01\x03\x00\x00\
\x00,\x00K\x00a\x00t\x00a\x00l\x00o\x00g\
\x00 \x00g\x00i\x00e\x00r\x00 \x00P\x00a\
\x00y\x00d\x00a\x00y\x00 \x002\x00:\x08\x00\
\x00\x00\x00\x06\x00\x00\x00\x18Payday 2\
 Game Directory:\
\x07\x00\x00\x00\x0eOptionsGene\
ral\x01\x03\x00\x00\x00\x12\x00A\x00k\x00t\x00\
u\x00a\x00l\x00n\x00e\x00!\x08\x00\x00\x00\x00\
\x06\x00\x00\x00\x0bUp to date!\
\x07\x00\x00\x00\x0eOptionsGene\
ral\x01\x03\x00\x00\x00P\x00A\x00l\x00e\x00\
r\x00t\x00y\x00 \x00a\x00k\x00t\x00u\x00\
a\x00l\x00i\x00z\x00a\x00c\x00j\x00i\x00\
 \x00p\x00o\x00d\x00c\x00z\x00a\x00s\x00\
 \x00u\x00r\x00u\x00c\x00h\x00a\x00m\x00\
i\x00a\x00n\x00i\x00a\x08\x00\x00\x00\x00\x06\x00\
\x00\x00\x18Update alerts\
 on startup\x07\x00\x00\x00\x0e\
OptionsGeneral\x01\x03\
\x00\x00\x00\x18\x00A\x00k\x00t\x00u\x00a\x00l\
\x00i\x00z\x00a\x00c\x00j\x00e\x08\x00\x00\x00\
\x00\x06\x00\x00\x00\x07Updates\x07\x00\x00\
\x00\x0eOptionsGeneral\
\x01\x03\x00\x00\x00\x18\x00U\x00k\x00r\x00y\x00t\
\x00e\x00 \x00m\x00o\x00d\x00y\x00:\x08\x00\
\x00\x00\x00\x06\x00\x00\x00\x0cHidden M\
ods:\x07\x00\x00\x00\x12Options\
IgnoredMods\x01\x03\x00\x00\x00\
(\x00K\x00o\x00p\x00i\x00a\x00 \x00z\x00\
a\x00p\x00a\x00s\x00o\x00w\x00a\x00 \x00\
m\x00o\x00d\x00\xf3\x00w\x08\x00\x00\x00\x00\x06\x00\
\x00\x00\x0bBackup Mods\x07\x00\
\x00\x00\x0bOptionsMisc\x01\x03\
\x00\x00\x00\x82\x00K\x00o\x00p\x00i\x00u\x00j\
\x00e\x00 \x00i\x00 \x00k\x00o\x00m\x00p\
\x00r\x00e\x00s\x00u\x00j\x00e\x00 \x00w\
\x00s\x00z\x00y\x00s\x00t\x00k\x00i\x00e\
\x00 \x00m\x00o\x00d\x00y\x00 \x00d\x00o\
\x00 \x00f\x00o\x00l\x00d\x00e\x00r\x00u\
\x00 \x00i\x00n\x00s\x00t\x00a\x00l\x00a\
\x00c\x00y\x00j\x00n\x00e\x00g\x00o\x00 \
\x00M\x00M\x00M\x08\x00\x00\x00\x00\x06\x00\x00\x00C\
Copies and compr\
esses all of you\
r mods to MMM's \
installation fol\
der\x07\x00\x00\x00\x0bOptionsM\
isc\x01\x03\x00\x00\x00\x0a\x00R\x00\xf3\x01|\x00\
n\x00e\x08\x00\x00\x00\x00\x06\x00\x00\x00\x04Mis\
c\x07\x00\x00\x00\x0bOptionsMis\
c\x01\x03\x00\x00\x00~\x00M\x00y\x00t\x00h\x00\
 \x00M\x00o\x00d\x00 \x00M\x00a\x00n\x00\
a\x00g\x00e\x00r\x00:\x00 \x00W\x00a\x00\
n\x00i\x00l\x00i\x00o\x00w\x00e\x00 \x00\
d\x00z\x00i\x00e\x00n\x00n\x00i\x00k\x00\
i\x00 \x00a\x00w\x00a\x00r\x00i\x00i\x00\
 \x00n\x00i\x00e\x00 \x00s\x01\x05\x00 \x00\
o\x00b\x00s\x01B\x00u\x00g\x00i\x00w\x00\
a\x00n\x00e\x08\x00\x00\x00\x00\x06\x00\x00\x000M\
yth Mod Manager:\
 Vanilla crash l\
ogs unsupported\x07\
\x00\x00\x00\x0bOptionsMisc\x01\
\x03\x00\x00\x004\x00O\x00t\x00w\x00\xf3\x00r\x00\
z\x00 \x00d\x00z\x00i\x00e\x00n\x00n\x00\
i\x00k\x00i\x00 \x00a\x00w\x00a\x00r\x00\
i\x00i\x00.\x00.\x00.\x08\x00\x00\x00\x00\x06\x00\
\x00\x00\x12Open Crash Lo\
gs...\x07\x00\x00\x00\x0bOption\
sMisc\x01\x03\x00\x00\x00,\x00O\x00p\x00\
e\x00n\x00 \x00M\x00o\x00d\x00 \x00C\x00\
r\x00a\x00s\x00h\x00 \x00L\x00o\x00g\x00\
s\x00.\x00.\x00.\x08\x00\x00\x00\x00\x06\x00\x00\x00\
\x16Open Mod Crash \
Logs...\x07\x00\x00\x00\x0bOpti\
onsMisc\x01\x03\x00\x00\x00d\x00O\x00\
t\x00w\x00i\x00e\x00r\x00a\x00 \x00k\x00\
a\x00t\x00a\x00l\x00o\x00g\x00 \x00d\x00\
z\x00i\x00e\x00n\x00n\x00i\x00k\x00a\x00\
 \x00a\x00w\x00a\x00r\x00i\x00i\x00 \x00\
u\x01|\x00y\x00w\x00a\x00n\x00y\x00 \x00\
p\x00r\x00z\x00e\x00z\x00 \x00B\x00L\x00\
T\x08\x00\x00\x00\x00\x06\x00\x00\x00+Opens\
 the crash log d\
irectory that BL\
T uses\x07\x00\x00\x00\x0bOptio\
nsMisc\x01\x03\x00\x00\x00\x8a\x00O\x00t\
\x00w\x00i\x00e\x00r\x00a\x00 \x00k\x00a\
\x00t\x00a\x00l\x00o\x00g\x00 \x00d\x00z\
\x00i\x00e\x00n\x00n\x00i\x00k\x00a\x00 \
\x00a\x00w\x00a\x00r\x00i\x00i\x00 \x00u\
\x01|\x00y\x00w\x00a\x00n\x00y\x00 \x00p\
\x00r\x00z\x00e\x00z\x00 \x00w\x00a\x00n\
\x00i\x00l\x00i\x00o\x00w\x01\x05\x00 \x00g\
\x00r\x01\x19\x00 \x00P\x00a\x00y\x00d\x00a\
\x00y\x00 \x002\x08\x00\x00\x00\x00\x06\x00\x00\x006\
Opens the crash \
log directory us\
ed by vanilla Pa\
yday 2\x07\x00\x00\x00\x0bOptio\
nsMisc\x01\x03\x00\x00\x00\x8e\x00O\x00v\
\x00e\x00r\x00k\x00i\x00l\x00l\x00 \x00n\
\x00i\x00e\x00 \x00z\x00a\x00i\x00m\x00p\
\x00l\x00e\x00m\x00e\x00n\x00t\x00o\x00w\
\x00a\x01B\x00 \x00d\x00z\x00i\x00e\x00n\
\x00n\x00i\x00k\x00a\x00 \x00a\x00w\x00a\
\x00r\x00i\x00i\x00 \x00w\x00a\x00n\x00i\
\x00l\x00i\x00i\x00 \x00d\x00l\x00a\x00 \
\x00s\x00y\x00s\x00t\x00e\x00m\x00u\x00 \
\x00L\x00i\x00n\x00u\x00x\x08\x00\x00\x00\x00\x06\
\x00\x00\x008Overkill did\
 not implement a\
 vanilla crash l\
og for linux\x07\x00\x00\x00\
\x0bOptionsMisc\x01\x03\x00\x00\
\x00(\x00Z\x00m\x00i\x00e\x01D\x00 \x00n\
\x00a\x00z\x00w\x01\x19\x00 \x00p\x00r\x00o\
\x00f\x00i\x00l\x00u\x00:\x08\x00\x00\x00\x00\x06\
\x00\x00\x00\x14Change Profi\
le Name:\x07\x00\x00\x00\x10Opt\
ionsShortcuts\x01\x03\x00\
\x00\x00(\x00U\x00s\x00u\x01D\x00 \x00m\x00\
o\x00d\x00 \x00l\x00u\x00b\x00 \x00p\x00\
r\x00o\x00f\x00i\x00l\x00:\x08\x00\x00\x00\x00\
\x06\x00\x00\x00\x16Delete Mod \
or Profile:\x07\x00\x00\x00\x10\
OptionsShortcuts\
\x01\x03\x00\x00\x00\x22\x00O\x00d\x00z\x00n\x00a\
\x00c\x00z\x00 \x00w\x00s\x00z\x00y\x00s\
\x00t\x00k\x00o\x00:\x08\x00\x00\x00\x00\x06\x00\x00\
\x00\x0dDeselect All:\x07\
\x00\x00\x00\x10OptionsShort\
cuts\x01\x03\x00\x00\x00\x22\x00Z\x00a\x00z\
\x00n\x00a\x00c\x00z\x00 \x00w\x00s\x00z\
\x00y\x00s\x00t\x00k\x00o\x00:\x08\x00\x00\x00\
\x00\x06\x00\x00\x00\x0bSelect All\
:\x07\x00\x00\x00\x10OptionsSho\
rtcuts\x01\x03\x00\x00\x00\x0c\x00S\x00k\
\x00r\x00\xf3\x00t\x00y\x08\x00\x00\x00\x00\x06\x00\x00\
\x00\x09Shortcuts\x07\x00\x00\x00\x10\
OptionsShortcuts\
\x01\x03\x00\x00\x00h\x00P\x00r\x00z\x00e\x01B\
\x01\x05\x00c\x00z\x00a\x00n\x00i\x00e\x00 \
\x00k\x00a\x00r\x00t\x00:\x00 \x00S\x00t\
\x00r\x00z\x00a\x01B\x00k\x00a\x00 \x00w\
\x00 \x00l\x00e\x00w\x00o\x00,\x00 \x00S\
\x00t\x00r\x00z\x00a\x01B\x00k\x00a\x00 \
\x00w\x00 \x00p\x00r\x00a\x00w\x00o\x08\x00\
\x00\x00\x00\x06\x00\x00\x00$Switch t\
abs: Arrow left,\
 Arrow right\x07\x00\x00\x00\
\x10OptionsShortcut\
s\x01\x03\x00\x00\x00B\x00P\x00r\x00o\x00f\x00\
i\x00l\x00 \x00o\x00 \x00t\x00e\x00j\x00\
 \x00n\x00a\x00z\x00w\x00i\x00e\x00 \x00\
j\x00u\x01|\x00 \x00i\x00s\x00t\x00n\x00\
i\x00e\x00j\x00e\x00:\x08\x00\x00\x00\x00\x06\x00\
\x00\x00(A profile wit\
h that name alre\
ady exists:\x07\x00\x00\x00\x0b\
ProfileList\x01\x03\x00\x00\x00\
@\x00B\x01B\x01\x05\x00d\x00:\x00 \x00Z\x00\
d\x00u\x00p\x00l\x00i\x00k\x00o\x00w\x00\
a\x00n\x00a\x00 \x00n\x00a\x00z\x00w\x00\
a\x00 \x00p\x00r\x00o\x00f\x00i\x00l\x00\
u\x08\x00\x00\x00\x00\x06\x00\x00\x00\x1dError\
: Duplicate prof\
ile name\x07\x00\x00\x00\x0bPro\
fileList\x01\x03\x00\x00\x00\x18\x00L\
\x00i\x00c\x00z\x00b\x00a\x00 \x00m\x00o\
\x00d\x00\xf3\x00w\x08\x00\x00\x00\x00\x06\x00\x00\x00\x09\
Mod Count\x07\x00\x00\x00\x0bPr\
ofileList\x01\x03\x00\x00\x00&\x00\
N\x00o\x00w\x00a\x00 \x00n\x00a\x00z\x00\
w\x00a\x00 \x00p\x00r\x00o\x00f\x00i\x00\
l\x00u\x00:\x08\x00\x00\x00\x00\x06\x00\x00\x00\x11N\
ew profile name:\
\x07\x00\x00\x00\x0bProfileList\
\x01\x03\x00\x00\x00\x0c\x00P\x00r\x00o\x00f\x00i\
\x00l\x08\x00\x00\x00\x00\x06\x00\x00\x00\x07Prof\
ile\x07\x00\x00\x00\x0bProfileL\
ist\x01\x03\x00\x00\x00\x1e\x00D\x00o\x00d\x00\
a\x00w\x00a\x00n\x00i\x00e\x00 \x00m\x00\
o\x00d\x00\xf3\x00w\x08\x00\x00\x00\x00\x06\x00\x00\x00\
\x08Add Mods\x07\x00\x00\x00\x0bPr\
ofileMenu\x01\x03\x00\x00\x00\x18\x00\
D\x00o\x00d\x00a\x00j\x00 \x00p\x00r\x00\
o\x00f\x00i\x00l\x08\x00\x00\x00\x00\x06\x00\x00\x00\
\x0bAdd Profile\x07\x00\x00\x00\
\x0bProfileMenu\x01\x03\x00\x00\
\x00\x1e\x00Z\x00a\x00s\x00t\x00o\x00s\x00u\
\x00j\x00 \x00p\x00r\x00o\x00f\x00i\x00l\
\x08\x00\x00\x00\x00\x06\x00\x00\x00\x0dApply \
Profile\x07\x00\x00\x00\x0bProf\
ileMenu\x01\x03\x00\x00\x00&\x00Z\x00\
m\x00i\x00e\x01D\x00 \x00n\x00a\x00z\x00\
w\x01\x19\x00 \x00p\x00r\x00o\x00f\x00i\x00\
l\x00u\x08\x00\x00\x00\x00\x06\x00\x00\x00\x13Cha\
nge Profile Name\
\x07\x00\x00\x00\x0bProfileMenu\
\x01\x03\x00\x00\x00\x1a\x00K\x00o\x00p\x00i\x00u\
\x00j\x00 \x00p\x00r\x00o\x00f\x00i\x00l\
\x08\x00\x00\x00\x00\x06\x00\x00\x00\x0cCopy P\
rofile\x07\x00\x00\x00\x0bProfi\
leMenu\x01\x03\x00\x00\x00\x22\x00K\x00o\
\x00p\x00i\x00u\x00j\x00 \x00m\x00o\x00d\
\x00y\x00 \x00d\x00o\x00.\x00.\x00.\x08\x00\
\x00\x00\x00\x06\x00\x00\x00\x11Copy mod\
(s) to...\x07\x00\x00\x00\x0bPr\
ofileMenu\x01\x03\x00\x00\x00\x10\x00\
U\x00s\x00u\x01D\x00 \x00m\x00o\x00d\x08\
\x00\x00\x00\x00\x06\x00\x00\x00\x0aRemove \
Mod\x07\x00\x00\x00\x0bProfileM\
enu\x01\x03\x00\x00\x00\x16\x00U\x00s\x00u\x01\
D\x00 \x00p\x00r\x00o\x00f\x00i\x00l\x08\
\x00\x00\x00\x00\x06\x00\x00\x00\x0eRemove \
Profile\x07\x00\x00\x00\x0bProf\
ileMenu\x01\x03\x00\x00\x00B\x00A\x00\
n\x00u\x00l\x00o\x00w\x00a\x00n\x00o\x00\
,\x00 \x00w\x00y\x00j\x00d\x01z\x00,\x00\
 \x00a\x00b\x00y\x00 \x00k\x00o\x00n\x00\
t\x00y\x00n\x00u\x00o\x00w\x00a\x01\x07\x08\
\x00\x00\x00\x00\x06\x00\x00\x00\x1aCancele\
d, exit to conti\
nue\x07\x00\x00\x00\x0eProgress\
Widget\x01\x03\x00\x00\x00\x0e\x00G\x00o\
\x00t\x00o\x00w\x00e\x00!\x08\x00\x00\x00\x00\x06\
\x00\x00\x00\x05Done!\x07\x00\x00\x00\x0ePr\
ogressWidget\x01\x03\x00\x00\
\x00,\x00W\x00y\x00j\x00d\x01z\x00,\x00 \
\x00a\x00b\x00y\x00 \x00k\x00o\x00n\x00t\
\x00y\x00n\x00u\x00o\x00w\x00a\x01\x07\x08\x00\
\x00\x00\x00\x06\x00\x00\x00\x10Exit to \
continue\x07\x00\x00\x00\x0ePro\
gressWidget\x01\x03\x00\x00\x00\
0\x00Z\x00a\x00d\x00a\x00n\x00i\x00e\x00\
 \x00M\x00y\x00t\x00h\x00 \x00M\x00o\x00\
d\x00 \x00M\x00a\x00n\x00a\x00g\x00e\x00\
r\x08\x00\x00\x00\x00\x06\x00\x00\x00\x15Myth \
Mod Manager Task\
\x07\x00\x00\x00\x0eProgressWid\
get\x01\x03\x00\x00\x00 \x00M\x00o\x00d\x00\
y\x00 \x00d\x00o\x00 \x00d\x00o\x00d\x00\
a\x00n\x00i\x00a\x00:\x08\x00\x00\x00\x00\x06\x00\
\x00\x00\x11Mods to be ad\
ded:\x07\x00\x00\x00\x09SelectM\
od\x01\x03\x00\x00\x00\xba\x00W\x00y\x00s\x00z\
\x00u\x00k\x00a\x00j\x00.\x00.\x00.\x00 \
\x00u\x01|\x00y\x00j\x00  \x1e\x00t\x00a\
\x00g\x00: \x1d\x00 \x00b\x00e\x00z\x00 \
\x00s\x00p\x00a\x00c\x00j\x00i\x00,\x00 \
\x00a\x00b\x00y\x00 \x00w\x00y\x00s\x00z\
\x00u\x00k\x00a\x01\x07\x00 \x00t\x00a\x00g\
\x00i\x00,\x00 \x00u\x01|\x00y\x00j\x00 \
\x00p\x00r\x00z\x00e\x00c\x00i\x00n\x00k\
\x00a\x00  \x1e\x00, \x1d\x00,\x00 \x00a\
\x00b\x00y\x00 \x00o\x00d\x00d\x00z\x00i\
\x00e\x00l\x00i\x01\x07\x00 \x00t\x00a\x00g\
\x00i\x08\x00\x00\x00\x00\x06\x00\x00\x00XSear\
ch... use \x22tag:\x22\
 with no spaces \
to search for ta\
gs, use a comma \
\x22,\x22 to seperate \
tags\x07\x00\x00\x00\x09SelectM\
od\x01\x03\x00\x00\x008\x00P\x00r\x00o\x00f\
\x00i\x00l\x00 \x00d\x00o\x00 \x00s\x00k\
\x00o\x00p\x00i\x00o\x00w\x00a\x00n\x00i\
\x00a\x00 \x00m\x00o\x00d\x00\xf3\x00w\x00:\
\x08\x00\x00\x00\x00\x06\x00\x00\x00\x1aProfil\
e to copy mod(s)\
 to:\x07\x00\x00\x00\x0dSelectP\
rofile\x01\x03\x00\x00\x00\x12\x00S\x00z\
\x00u\x00k\x00a\x00j\x00.\x00.\x00.\x08\x00\
\x00\x00\x00\x06\x00\x00\x00\x09Search..\
.\x07\x00\x00\x00\x0dSelectProf\
ile\x01\x03\x00\x00\x00\x0a\x00N\x00a\x00z\x00\
w\x00a\x08\x00\x00\x00\x00\x06\x00\x00\x00\x04Nam\
e\x07\x00\x00\x00\x0aTagDisplay\
\x01\x03\x00\x00\x00\x08\x00T\x00a\x00g\x00i\x08\x00\
\x00\x00\x00\x06\x00\x00\x00\x04Tags\x07\x00\x00\x00\
\x0aTagDisplay\x01\x03\x00\x00\x00\
 \x00D\x00o\x00d\x00a\x00j\x00 \x00t\x00\
a\x00g\x00 \x00d\x00o\x00 \x00m\x00o\x00\
d\x08\x00\x00\x00\x00\x06\x00\x00\x00\x0eAdd t\
ag to mod\x07\x00\x00\x00\x0aTa\
gHandler\x01\x03\x00\x00\x00\x1c\x00U\
\x00s\x00u\x01D\x00 \x00t\x00a\x00g\x00 \
\x00z\x00 \x00m\x00o\x00d\x08\x00\x00\x00\x00\x06\
\x00\x00\x00\x13Remove tag f\
rom mod\x07\x00\x00\x00\x0aTagH\
andler\x01\x03\x00\x00\x00h\x00A\x00b\
\x00y\x00 \x00o\x00k\x00r\x00e\x01[\x00l\
\x00i\x01\x07\x00 \x00w\x00i\x00e\x00l\x00e\
\x00 \x00t\x00a\x00g\x00\xf3\x00w\x00,\x00 \
\x00o\x00d\x00d\x00z\x00i\x00e\x00l\x00 \
\x00j\x00e\x00 \x00p\x00r\x00z\x00e\x00c\
\x00i\x00n\x00k\x00i\x00e\x00m\x00  \x1e\
\x00, \x1d\x08\x00\x00\x00\x00\x06\x00\x00\x007To\
 specify multipl\
e tags seperate \
them with a comm\
a \x22,\x22\x07\x00\x00\x00\x0aTagHan\
dler\x01\x03\x00\x00\x00@\x00(\x00T\x00e\
\x00j\x00 \x00c\x00z\x00y\x00n\x00n\x00o\
\x01[\x00c\x00i\x00 \x00n\x00i\x00e\x00 \
\x00m\x00o\x01|\x00n\x00a\x00 \x00c\x00o\
\x00f\x00n\x01\x05\x01\x07\x00)\x08\x00\x00\x00\x00\x06\
\x00\x00\x00 (This action\
 cannot be rever\
sed)\x07\x00\x00\x00\x09TagView\
er\x01\x03\x00\x00\x00\x88\x00C\x00z\x00y\x00 \
\x00n\x00a\x00 \x00p\x00e\x00w\x00n\x00o\
\x00 \x00c\x00h\x00c\x00e\x00s\x00z\x00 \
\x00u\x00s\x00u\x00n\x01\x05\x01\x07\x00 \x00w\
\x00s\x00z\x00y\x00s\x00t\x00k\x00i\x00e\
\x00 \x00t\x00a\x00g\x00i\x00 \x00p\x00o\
\x00w\x00i\x01\x05\x00z\x00a\x00n\x00e\x00 \
\x00z\x00 \x00t\x00w\x00o\x00i\x00m\x00i\
\x00 \x00m\x00o\x00d\x00a\x00m\x00i\x00?\
\x08\x00\x00\x00\x00\x06\x00\x00\x00JAre yo\
u sure you want \
to delete all of\
 the tags associ\
ated with your m\
ods?\x07\x00\x00\x00\x09TagView\
er\x01\x03\x00\x00\x00&\x00U\x00s\x00u\x01D\
\x00 \x00w\x00s\x00z\x00y\x00s\x00t\x00k\
\x00i\x00e\x00 \x00t\x00a\x00g\x00i\x08\x00\
\x00\x00\x00\x06\x00\x00\x00\x0fDelete a\
ll tags\x07\x00\x00\x00\x09TagV\
iewer\x01\x03\x00\x00\x00,\x00P\x00r\x00\
z\x00e\x00g\x00l\x01\x05\x00d\x00a\x00r\x00\
k\x00a\x00 \x00t\x00a\x00g\x00\xf3\x00w\x00\
 \x00m\x00o\x00d\x08\x00\x00\x00\x00\x06\x00\x00\x00\
\x0eMod Tag Viewer\x07\
\x00\x00\x00\x09TagViewer\x01\x03\x00\
\x00\x00\x14\x00D\x00o\x00d\x00a\x00j\x00 \x00\
t\x00a\x00g\x00i\x08\x00\x00\x00\x00\x06\x00\x00\x00\
\x0aAdd Tag(s)\x07\x00\x00\x00\x0d\
TagViewerMenu\x01\x03\x00\
\x00\x00&\x00U\x00s\x00u\x01D\x00 \x00w\x00\
s\x00z\x00y\x00s\x00t\x00k\x00i\x00e\x00\
 \x00t\x00a\x00g\x00i\x08\x00\x00\x00\x00\x06\x00\
\x00\x00\x0fDelete All Ta\
gs\x07\x00\x00\x00\x0dTagViewer\
Menu\x01\x03\x00\x00\x00\x12\x00U\x00s\x00u\
\x01D\x00 \x00t\x00a\x00g\x00i\x08\x00\x00\x00\
\x00\x06\x00\x00\x00\x0dRemove Tag\
(s)\x07\x00\x00\x00\x0dTagViewe\
rMenu\x01\x03\x00\x00\x00\x1e\x00D\x00o\x00\
d\x00a\x00j\x00 \x00n\x00a\x00r\x00z\x01\
\x19\x00d\x00z\x00i\x00e\x08\x00\x00\x00\x00\x06\x00\
\x00\x00\x08Add Tool\x07\x00\x00\x00\x0b\
ToolManager\x01\x03\x00\x00\x00\
\x22\x00P\x00l\x00i\x00k\x00i\x00 \x00w\x00\
y\x00k\x00o\x00n\x00y\x00w\x00a\x00l\x00\
n\x00e\x08\x00\x00\x00\x00\x06\x00\x00\x00\x0bExe\
cutables\x07\x00\x00\x00\x0bToo\
lManager\x01\x03\x00\x00\x008\x00W\
\x00y\x00b\x00i\x00e\x00r\x00z\x00 \x00n\
\x00a\x00r\x00z\x01\x19\x00d\x00z\x00i\x00a\
\x00 \x00z\x00e\x00w\x00n\x01\x19\x00t\x00r\
\x00z\x00n\x00e\x08\x00\x00\x00\x00\x06\x00\x00\x00\x17\
Select External \
Tool(s)\x07\x00\x00\x00\x0bTool\
Manager\x01\x03\x00\x00\x002\x00W\x00\
y\x00s\x00t\x01\x05\x00p\x00i\x01B\x00 \x00\
b\x01B\x01\x05\x00d\x00 \x00w\x00 \x00u\x00\
n\x00Z\x00i\x00p\x00M\x00o\x00d\x00:\x08\
\x00\x00\x00\x00\x06\x00\x00\x00 An erro\
r was raised in \
unZipMod:\x07\x00\x00\x00\x08Un\
ZipMod\x01\x03\x00\x00\x00N\x00S\x00p\
\x00r\x00\xf3\x00b\x00u\x00j\x00 \x00n\x00a\
\x00j\x00p\x00i\x00e\x00r\x00w\x00 \x00r\
\x00o\x00z\x00p\x00a\x00k\x00o\x00w\x00a\
\x01\x07\x00 \x00m\x00o\x00d\x00 \x00r\x01\x19\
\x00c\x00z\x00n\x00i\x00e\x08\x00\x00\x00\x00\x06\
\x00\x00\x00%Try extracti\
ng the mod manua\
lly first\x07\x00\x00\x00\x08Un\
ZipMod\x01\x03\x00\x00\x00\x1c\x00R\x00o\
\x00z\x00p\x00a\x00k\x00o\x00w\x00y\x00w\
\x00a\x00n\x00i\x00e\x08\x00\x00\x00\x00\x06\x00\x00\
\x00\x09Unpacking\x07\x00\x00\x00\x08\
UnZipMod\x01\x03\x00\x00\x00>\x00S\
\x00p\x00r\x00a\x00w\x00d\x00z\x00a\x00n\
\x00i\x00e\x00 \x00u\x00p\x00r\x00a\x00w\
\x00n\x00i\x00e\x01D\x00 \x00d\x00o\x00 \
\x00p\x00l\x00i\x00k\x00\xf3\x00w\x08\x00\x00\x00\
\x00\x06\x00\x00\x00\x1cChecking f\
ile permissions \
of\x07\x00\x00\x00\x06Worker\x01\x03\x00\
\x00\x00B\x00S\x00p\x00r\x00a\x00w\x00d\x00\
z\x00a\x00n\x00i\x00e\x00 \x00u\x00p\x00\
r\x00a\x00w\x00n\x00i\x00e\x01D\x00 \x00\
d\x00o\x00 \x00f\x00o\x00l\x00d\x00e\x00\
r\x00\xf3\x00w\x08\x00\x00\x00\x00\x06\x00\x00\x00\x1eC\
hecking folder p\
ermissions of\x07\x00\x00\
\x00\x06Worker\x01\x03\x00\x00\x004\x00N\
\x00a\x00p\x00r\x00a\x00w\x00i\x00a\x00n\
\x00i\x00e\x00 \x00i\x00n\x00s\x00t\x00a\
\x00l\x00a\x00c\x00j\x00i\x00 \x00d\x00l\
\x00a\x08\x00\x00\x00\x00\x06\x00\x00\x00\x12Fixi\
ng install for\x07\x00\
\x00\x00\x06Worker\x01\x03\x00\x00\x00\x16\x00\
W\x00s\x00t\x00a\x00w\x00 \x00t\x00e\x00\
k\x00s\x00t\x08\x00\x00\x00\x00\x06\x00\x00\x00\x0bI\
nsert text\x07\x00\x00\x00\x0ci\
nsertString\x01\x03\x00\x00\x00\
Z\x00P\x00r\x00o\x00f\x00i\x00l\x00:\x00\
 \x00N\x00i\x00e\x00k\x00t\x00\xf3\x00r\x00\
e\x00 \x00m\x00o\x00d\x00y\x00 \x00n\x00\
i\x00e\x00 \x00z\x00o\x00s\x00t\x00a\x01\
B\x00y\x00 \x00z\x00a\x00s\x00t\x00o\x00\
s\x00o\x00w\x00a\x00n\x00e\x08\x00\x00\x00\x00\
\x06\x00\x00\x00#Profile: So\
me mods were not\
 applied\x07\x00\x00\x00\x0amod\
Profile\x01\x03\x00\x00\x00\x90\x00N\x00\
a\x00s\x00t\x01\x19\x00p\x00u\x00j\x01\x05\x00\
c\x00e\x00 \x00m\x00o\x00d\x00y\x00 \x00\
n\x00i\x00e\x00 \x00z\x00o\x00s\x00t\x00\
a\x01B\x00y\x00 \x00z\x00a\x00s\x00t\x00\
o\x00s\x00o\x00w\x00a\x00n\x00e\x00,\x00\
 \x00p\x00o\x00n\x00i\x00e\x00w\x00a\x01\
|\x00 \x00n\x00i\x00e\x00 \x00s\x01\x05\x00\
 \x00z\x00a\x00i\x00n\x00s\x00t\x00a\x00\
l\x00o\x00w\x00a\x00n\x00e\x00:\x08\x00\x00\
\x00\x00\x06\x00\x00\x00CThe follo\
wing mods were n\
ot applied becau\
se they are not \
installed:\x07\x00\x00\x00\x0am\
odProfile\x01\x03\x00\x00\x00$\x00\
I\x00n\x00s\x00t\x00a\x00l\x00o\x00w\x00\
a\x00n\x00i\x00e\x00 \x00m\x00o\x00d\x00\
\xf3\x00w\x08\x00\x00\x00\x00\x06\x00\x00\x00\x0fIns\
talling mods\x07\x00\x00\x00\
\x0enewModLocation\x01\
\x03\x00\x00\x00b\x00W\x00y\x00b\x00i\x00e\x00\
r\x00z\x00,\x00 \x00g\x00d\x00z\x00i\x00\
e\x00 \x00m\x00o\x00d\x00y\x00 \x00p\x00\
o\x00w\x00i\x00n\x00n\x00y\x00 \x00z\x00\
o\x00s\x00t\x00a\x01\x07\x00 \x00z\x00a\x00\
i\x00n\x00s\x00t\x00a\x00l\x00o\x00w\x00\
a\x00n\x00e\x00:\x08\x00\x00\x00\x00\x06\x00\x00\x00\
1Please select w\
here the mods sh\
ould be installe\
d:\x07\x00\x00\x00\x0enewModLoc\
ation\x01\x03\x00\x00\x00V\x00A\x00n\x00\
u\x00l\x00o\x00w\x00a\x00n\x00i\x00e\x00\
.\x00.\x00.\x00 \x00(\x00Z\x00a\x00k\x00\
o\x01D\x00c\x00z\x00e\x00n\x00i\x00e\x00\
 \x00b\x00i\x00e\x01|\x01\x05\x00c\x00e\x00\
g\x00o\x00 \x00k\x00r\x00o\x00k\x00u\x00\
)\x08\x00\x00\x00\x00\x06\x00\x00\x00%Cance\
ling... (Finishi\
ng current step)\
\x07\x00\x00\x00\x0eupdateDetec\
ted\x01\x03\x00\x00\x00l\x00K\x00l\x00i\x00\
k\x00n\x00i\x00j\x00 \x00o\x00k\x00,\x00\
 \x00a\x00b\x00y\x00 \x00w\x00y\x00j\x01\
[\x01\x07\x00 \x00i\x00 \x00z\x00a\x00k\x00\
t\x00u\x00a\x00l\x00i\x00z\x00o\x00w\x00\
a\x01\x07\x00 \x00M\x00y\x00t\x00h\x00 \x00\
M\x00o\x00d\x00 \x00M\x00a\x00n\x00a\x00\
g\x00e\x00r\x08\x00\x00\x00\x00\x06\x00\x00\x00,C\
lick ok to exit \
and update Myth \
Mod Manager\x07\x00\x00\x00\x0e\
updateDetected\x01\x03\
\x00\x00\x00 \x00A\x00k\x00t\x00u\x00a\x00l\
\x00n\x00a\x00 \x00w\x00e\x00r\x00s\x00j\
\x00a\x00:\x08\x00\x00\x00\x00\x06\x00\x00\x00\x10Cu\
rrent Version:\x07\x00\
\x00\x00\x0eupdateDetecte\
d\x01\x03\x00\x00\x00$\x00N\x00i\x00e\x00 \x00\
p\x00y\x00t\x00a\x00j\x00 \x00p\x00o\x00\
n\x00o\x00w\x00n\x00i\x00e\x08\x00\x00\x00\x00\
\x06\x00\x00\x00\x10Do not ask \
again\x07\x00\x00\x00\x0eupdate\
Detected\x01\x03\x00\x00\x002\x00C\
\x00z\x00y\x00 \x00c\x00h\x00c\x00e\x00s\
\x00z\x00 \x00z\x00a\x00k\x00t\x00u\x00a\
\x00l\x00i\x00z\x00o\x00w\x00a\x01\x07\x00?\
\x08\x00\x00\x00\x00\x06\x00\x00\x00\x16Do you\
 want to Update?\
\x07\x00\x00\x00\x0eupdateDetec\
ted\x01\x03\x00\x00\x00\x08\x00B\x01B\x01\x05\x00\
d\x08\x00\x00\x00\x00\x06\x00\x00\x00\x05Error\
\x07\x00\x00\x00\x0eupdateDetec\
ted\x01\x03\x00\x00\x000\x00I\x00n\x00s\x00\
t\x00a\x00l\x00a\x00c\x00j\x00a\x00 \x00\
p\x00o\x00w\x00i\x00o\x00d\x01B\x00a\x00\
 \x00s\x00i\x01\x19\x00!\x08\x00\x00\x00\x00\x06\x00\
\x00\x00\x18Installation \
Successful!\x07\x00\x00\x00\x0e\
updateDetected\x01\x03\
\x00\x00\x00:\x00Z\x00n\x00a\x00l\x00e\x00z\
\x00i\x00o\x00n\x00o\x00 \x00n\x00o\x00w\
\x01\x05\x00 \x00a\x00k\x00t\x00u\x00a\x00l\
\x00i\x00z\x00a\x00c\x00j\x01\x19\x00:\x08\x00\
\x00\x00\x00\x06\x00\x00\x00\x11New upda\
te found:\x07\x00\x00\x00\x0eup\
dateDetected\x01\x03\x00\x00\
\x008\x00P\x00o\x00w\x00i\x00a\x00d\x00o\
\x00m\x00i\x00e\x00n\x00i\x00e\x00 \x00o\
\x00 \x00a\x00k\x00t\x00u\x00a\x00l\x00i\
\x00z\x00a\x00c\x00j\x00i\x08\x00\x00\x00\x00\x06\
\x00\x00\x00\x0dUpdate Notic\
e\x07\x00\x00\x00\x0eupdateDete\
cted\x01\x03\x00\x00\x00R\x00Z\x00o\x00b\
\x00a\x00c\x00z\x00 \x00i\x00n\x00f\x00o\
\x00r\x00m\x00a\x00c\x00j\x00e\x00 \x00o\
\x00 \x00w\x00y\x00d\x00a\x00n\x00i\x00u\
\x00 \x00n\x00a\x00 \x00g\x00i\x00t\x00h\
\x00u\x00b\x00.\x00c\x00o\x00m\x08\x00\x00\x00\
\x00\x06\x00\x00\x00 View Relea\
se Notes on gith\
ub.com\x07\x00\x00\x00\x0eupdat\
eDetected\x01\x88\x00\x00\x00\x0a\x01\
\x01\xff\x14\x02\x04\xfd,\x0a\x13\
\x00\x006\xbf\
<\
\xb8d\x18\xca\xef\x9c\x95\xcd!\x1c\xbf`\xa1\xbd\xddB\
\x00\x00\x05\x10\x00\x00\x07\xaf\x00\x00\x05\x22\x00\x02\xf5\x05\
\x00\x00\x22\x08\x00\x04\xa8\x8b\x00\x00\x17\xb7\x00\x04\xef\xa5\
\x00\x00\x0e\x9a\x00\x05@\x93\x00\x00\x16\xb2\x00\x05@\x93\
\x00\x00\x1b_\x00\x05H5\x00\x00\x10\xbf\x00\x05H5\
\x00\x00&9\x00\x05\xa7\xe3\x00\x00&`\x00\x05\xc0e\
\x00\x00\x10\xe9\x00 n\x0a\x00\x00 -\x00-\x9b#\
\x00\x00(\x96\x00/\x99#\x00\x00)I\x00G\x96\xc4\
\x00\x00\x0d\x0a\x00Hw9\x00\x00\x16\x0c\x00Kdq\
\x00\x00#\xc8\x00L\x99b\x00\x00\x09\x9d\x00L\x99b\
\x00\x000\x1d\x00R\xfd\xf4\x00\x00\x18\xfe\x00SY|\
\x00\x00\x10:\x00U\x0d\xff\x00\x00\x06\x9e\x00[f3\
\x00\x00\x0d\xb5\x00]\x05y\x00\x00.O\x00`\xb7u\
\x00\x00\x0f7\x00\x95\x84\xda\x00\x00!/\x00\x97\x92\xb4\
\x00\x00\x0a\xf4\x00\x97\x96\x04\x00\x00\x0f\xc9\x00\xaao\x12\
\x00\x00(\xd7\x00\xad\xc0\x0a\x00\x00\x1e\xfe\x00\xcd0>\
\x00\x00\x01\x0c\x016\xad\xc1\x00\x00\x19\x89\x017\xfe\xb2\
\x00\x00'\x0c\x01L\x05#\x00\x00\x17\x01\x01X\x11u\
\x00\x00\x0d\xdd\x01\xb6\x0b,\x00\x00\x0a\xb0\x01\xcd\x8c\xae\
\x00\x00\x17C\x02;\x9c,\x00\x00\x08\x07\x02}\xb5\x95\
\x00\x00 \x9f\x02\xcc\xfcc\x00\x00\x10k\x02\xe3/b\
\x00\x00\x11\x83\x02\xfb\xd1T\x00\x00,\x8d\x033\xb5u\
\x00\x00\x22\x86\x03]\x7f\x80\x00\x00\x19\xc7\x03k\x81\x09\
\x00\x00'\x9c\x03\x84}\x92\x00\x00\x0d2\x03\x8e\xc7\x8a\
\x00\x00\x1e\xa9\x03\xd6\x9f+\x00\x00$9\x03\xe5\x0e\xdd\
\x00\x00\x11\xff\x04\x10\x89U\x00\x00\x17\x7f\x04%<\x15\
\x00\x00#\xf6\x04XMJ\x00\x00/J\x04l\x1bN\
\x00\x00\x0e\xc4\x04y,\x87\x00\x00\x15\xd2\x04\x98I\xbc\
\x00\x00\x161\x04\xac,\xa5\x00\x00\x0e\x17\x04\xbd\xf1\xaa\
\x00\x00\x1aL\x04\xc4>D\x00\x00\x08\xf8\x04\xc4y%\
\x00\x00\x0ep\x04\xded\x91\x00\x000I\x04\xeb/\x0a\
\x00\x00\x18\xcc\x04\xf8\xaa\x9f\x00\x00'\xfe\x05\x01q\x8a\
\x00\x00\x05E\x05-\xd3j\x00\x00\x15T\x058\xd6j\
\x00\x00\x17\xe6\x05\x8cF\xc5\x00\x00\x0c\xdb\x05\xa3\xe59\
\x00\x00)\x13\x05\xfbc\xc9\x00\x00\x0f\x02\x06\x03e>\
\x00\x00\x00\x00\x06\x1aF\xca\x00\x00,\xfb\x06J@\x04\
\x00\x00 \xfe\x06z/\xe5\x00\x00\x12\xb9\x06zD\x17\
\x00\x00+H\x06{\x06\x03\x00\x00\x0d^\x06\x83AJ\
\x00\x00\x190\x06\x9a\xf5C\x00\x00\x16\xd6\x06\x9a\xf5C\
\x00\x00\x1f~\x06\xc2\xe0\x14\x00\x00#\x05\x06\xeb\xfdv\
\x00\x00+x\x07\x02\x87\xdf\x00\x00\x04\xf1\x07\x87\x8cJ\
\x00\x00\x0bW\x07\x95\xd0u\x00\x00!r\x07\x9e\xea\xd3\
\x00\x00\x04\x9e\x07\xbd\xb2\xe2\x00\x00.\xbb\x07\xd2ju\
\x00\x00!\xd1\x07\xe0\x11*\x00\x00%\xb0\x07\xe2\x93\x13\
\x00\x00\x14m\x08\x05\x0e\x1e\x00\x00/\x89\x08.\xba\xd5\
\x00\x00\x02y\x08<\xaa\xa4\x00\x00&\xc6\x08\x8a\x0a\xbe\
\x00\x00&\x04\x09&\xdd:\x00\x00\x14\x9e\x097\xf54\
\x00\x00,U\x09<%\xb5\x00\x000\xe8\x09<\xa0\x8e\
\x00\x00\x07|\x09]\x07\xb3\x00\x00\x0d\x88\x09n\x19\x19\
\x00\x00\x00\xb0\x09n\xf6\xdf\x00\x00/\xce\x09yeG\
\x00\x00\x15\x1d\x09\x82\x0b\xde\x00\x00\x1cW\x09\x96B>\
\x00\x00\x07:\x0a+\x85\x80\x00\x00\x03\xeb\x0a=\xc0J\
\x00\x00\x1fB\x0a]\x9b\x02\x00\x00\x1a\xc2\x0aeA\xc3\
\x00\x00!\x9f\x0ae\xb2,\x00\x00)\xc3\x0ah\x00\x07\
\x00\x00\x04\x15\x0aj\xd2\xc9\x00\x00\x0b\xe7\x0a\x88+\xe7\
\x00\x00\x05\xc7\x0a\xb1\x05\x98\x00\x00\x0c\x99\x0a\xe0\xee\x84\
\x00\x00\x09R\x0a\xe1\xf9\x19\x00\x00\x12s\x0b\x09\x07z\
\x00\x000\x90\x0b\x09ye\x00\x00\x0eA\x0b\x22t]\
\x00\x00\x06\xe1\x0bAj\xa5\x00\x00\x11@\x0b\x5c@\x5c\
\x00\x00\x0aJ\x0b\x96\xdc\xaa\x00\x00*q\x0b\xd3\x0e\xf5\
\x00\x00#9\x0b\xd4:9\x00\x00\x020\x0b\xee\xc7\x82\
\x00\x00,\x14\x0c \xaf\x9f\x00\x00\x182\x0c,\xac\xe7\
\x00\x00\x06p\x0c0\xfds\x00\x00\x13\x08\x0c>7d\
\x00\x00\x1f\xb2\x0cG\x92\xf4\x00\x00\x10\x03\x0cQ\x0b\xd2\
\x00\x00\x14.\x0cV\xb4n\x00\x00\x02\xc1\x0ceP\xa3\
\x00\x00\x1c\xab\x0cj\x8a\x93\x00\x00\x1a\x1a\x0cm_\x93\
\x00\x00\x1a\x8d\x0c\x94\x16Z\x00\x00-\xd7\x0c\xc9\xa0\x0e\
\x00\x00\x11\x13\x0c\xe5\x11\xba\x00\x00\x05\xfb\x0c\xebyc\
\x00\x00\x09\xc7\x0c\xebyc\x00\x00)\xf5\x0c\xf6)\xee\
\x00\x00\x22\xbe\x0dL\xf4\xd8\x00\x00\x1d\xc4\x0dc\xf3y\
\x00\x00)\x8a\x0dl\xcd\xf6\x00\x00+\xc7\x0d\xac\x9c\x19\
\x00\x00**\x0d\xc4\xc8<\x00\x00\x16W\x0d\xc4\xc8<\
\x00\x00\x18\x9e\x0d\xd6\xd1\xb4\x00\x00&\x87\x0e/\xbeC\
\x00\x00\x03w\x0e?\xc7\x03\x00\x00-\x97\x0ee~j\
\x00\x00\x1e\x5c\x0ei\x85\xfe\x00\x00\x04?\x0e\x7f\x98Z\
\x00\x00$\x89\x0e\x8c\xfau\x00\x00#s\x0e\xb0\x1b\x1e\
\x00\x00\x1c\x0d\x0e\xc8a\xa2\x00\x00\x1d*\x0e\xdb#r\
\x00\x00\x0fm\x0e\xe6W\xe5\x00\x00\x22A\x0e\xfa\x87\xb4\
\x00\x00*\xda\x0f\x0a\x9f\xc9\x00\x00\x0c?\x0f\x15\x9f\xdc\
\x00\x00\x09\xfd\x0f=\xcc?\x00\x00\x08\x87\x0fC\xc9\xf4\
\x00\x00\x1b\x8b\x0f\x9bs3\x00\x00\x16~\x0f\xaa\xa7-\
\x00\x001&\x0f\xfcx\xc3\x00\x00\x13C\x0f\xfcx\xc3\
\x00\x00$\xc6i\x00\x001\x95\x03\x00\x00\x00T\x00m\
\x00o\x00d\x00w\x00o\x00r\x00k\x00s\x00h\
\x00o\x00p\x00.\x00n\x00e\x00t\xac\xfc\x00 \
\x00g\x00i\x00t\x00h\x00u\x00b\xc5\xd0\xc1\x1c\
\x00 \xc8\x1c\xc5H\xd5t\x00 \xc8\xfc\xc2\xdc\xbat\
\x00 \xac\x10\xc0\xac\xd5X\xac\xa0\xc2\xb5\xb2\xc8\xb2\xe4\
\x00.\x08\x00\x00\x00\x00\x06\x00\x00\x00BSugg\
estions are grea\
tly appreciated \
on modworkshop.n\
et and github.\x07\x00\
\x00\x00\x05About\x01\x03\x00\x00\x00(\x00K\
\x00o\x00-\x00F\x00i\xc5\xd0\xc1\x1c\x00 \x00W\
\x00o\x00l\x00f\x00m\x00y\x00t\x00h\x00s\
\x00 \xc9\xc0\xc6\xd0\x08\x00\x00\x00\x00\x06\x00\x00\x00\x1a\
Support Wolfmyth\
s on Ko-Fi\x07\x00\x00\x00\x05A\
bout\x01\x03\x00\x00\x00\x86\xc7t\x00 \xd5\x04\
\xb8\x5c\xad\xf8\xb7\xa8\xc7X\x00 \xba\xa9\xd4\x5c\xb2\x94\
\x00 \xc5\xec\xb7\xec\x00 \xd3\x0c\xc7|\x00 \xd0\xd0\
\xc0\xc9\xae0\xb9|\x00 \xbc\x88\xacp\xb8m\xac\x8c\
\x00 \xc0\xac\xc6\xa9\xd5X\xc9\xc0\x00 \xc5J\xac\xe0\
\xb3\xc4\x00 \xd3\x98\xc7t\xb3p\xc7t\x00 \x002\
\x00 \xba\xa8\xb4\xdc\x00 \xad\x00\xb9\xac\x00 \xd5\x04\
\xb8\x5c\xc18\xc2\xa4\xb9|\x00 \xac\x04\xc1\x8c\xd6T\
\xd5X\xb2\x94\x00 \xac\x83\xc7\x85\xb2\xc8\xb2\xe4\x00.\
\x08\x00\x00\x00\x00\x06\x00\x00\x00\x84The go\
al of this progr\
am is to streaml\
ine the proccess\
 of PAYDAY 2 mod\
 managment witho\
ut hassle of jug\
gling multiple f\
ile explorers.\x07\x00\
\x00\x00\x05About\x01\x03\x00\x00\x00\x18\xaeC\
\xd5\xc8\xbe\x0c\x00 \xb9\xac\xd3\xec\xc9\xc0\xd1\xa0\xb9\xac\
\x00 \xbc)\xbb8\x08\x00\x00\x00\x00\x06\x00\x00\x00\x17\
Visit Github Rep\
ository\x07\x00\x00\x00\x05Abou\
t\x01\x03\x00\x00\x00\x18\xba\xa8\xb4\xdc\xc6\xcc\xd0l\xc0\
\xf5\x00 \xd3\x98\xc7t\xc9\xc0\x00 \xbc)\xbb8\x08\
\x00\x00\x00\x00\x06\x00\x00\x00\x16Visit M\
odworkshop Page\x07\
\x00\x00\x00\x05About\x01\x03\x00\x00\x00\x5c\xb2\
\x94\x00 \x00W\x00o\x00l\x00f\x00m\x00y\x00\
t\x00h\x00s\xc5\xd0\xc1\x1c\x00 \xb9\xcc\xb4\xe0\x00\
 \x00P\x00A\x00Y\x00D\x00A\x00Y\x00 \x00\
2\xc6\xa9\x00 \xc6$\xd5\x08\xc1\x8c\xc2\xa4\x00 \xba\
\xa8\xb4\xdc\x00 \xad\x00\xb9\xac\x00 \xd5\x04\xb8\x5c\xad\
\xf8\xb7\xa8\xc7\x85\xb2\xc8\xb2\xe4\x00.\x08\x00\x00\x00\x00\
\x06\x00\x00\x00@is an open-\
source mod manag\
er for PAYDAY 2 \
created by Wolfm\
yths.\x07\x00\x00\x00\x05About\x01\
\x03\x00\x00\x00,\xba\xa8\xb4\xdc\xb9|\x00 \xbc1\xc5\
\xc5\xd5X\xb2\x94\x00 \xb3\xd9\xc5H\x00 \xc6$\xb9\
X\xac\x00\x00 \xbc\x1c\xc0\xdd\xd5\x88\xc2\xb5\xb2\xc8\xb2\
\xe4\x08\x00\x00\x00\x00\x06\x00\x00\x00)An er\
ror was raised w\
hile backing up \
mods\x07\x00\x00\x00\x0aBackupM\
ods\x01\x03\x00\x00\x00\x04\xc8\x15\xb9\xac\x08\x00\x00\
\x00\x00\x06\x00\x00\x00\x07Cleanup\x07\x00\
\x00\x00\x0aBackupMods\x01\x03\x00\
\x00\x00\x04\xbc\xf5\xc0\xac\x08\x00\x00\x00\x00\x06\x00\x00\x00\
\x07Copying\x07\x00\x00\x00\x0aBac\
kupMods\x01\x03\x00\x00\x00$\xc2\xdc\xac\
\x04\xc7t\x00 \xc8\x80\x00 \xacx\xb9\xb4\x00 \xc2\
\x18\x00 \xc7\x88\xc2\xb5\xb2\xc8\xb2\xe4\x00.\x00.\x00\
.\x08\x00\x00\x00\x00\x06\x00\x00\x00\x1cThis \
might take some \
time...\x07\x00\x00\x00\x0aBack\
upMods\x01\x03\x00\x00\x00\x16\xbc1\xc5\xc5\
\x00 \xd3\xf4\xb3T\x00 \xac\xbd\xb8\x5c\x00 \xac\x80\
\xc9\x9d\x08\x00\x00\x00\x00\x06\x00\x00\x00\x1eVali\
dating backup fo\
lder paths\x07\x00\x00\x00\x0aB\
ackupMods\x01\x03\x00\x00\x00\x08\xc5\
\xd0\x00 \xc5U\xcd\x95\x08\x00\x00\x00\x00\x06\x00\x00\x00\
\x0aZipping to\x07\x00\x00\x00\x0a\
BackupMods\x01\x03\x00\x00\x00\x02\
\xc5\xd0\x08\x00\x00\x00\x00\x06\x00\x00\x00\x02to\x07\x00\
\x00\x00\x0aBackupMods\x01\x03\x00\
\x00\x004\xba\xa8\xb4\xdc\x00 \xc7 \xd6\x15\xc7D\x00\
 \xbc\xc0\xac\xbd\xd5X\xb2\x94\x00 \xb3\xd9\xc5H\x00\
 \xc6$\xb9X\xac\x00\x00 \xbc\x1c\xc0\xdd\xd5\x88\xc2\
\xb5\xb2\xc8\xb2\xe4\x00:\x08\x00\x00\x00\x00\x06\x00\x00\x00\
,An error was ra\
ised while chang\
ing mod type:\x07\x00\x00\
\x00\x0dChangeModType\x01\
\x03\x00\x00\x00\x08\xc1$\xceX\x00 \xc9\x11\x08\x00\x00\
\x00\x00\x06\x00\x00\x00\x0aInstallin\
g\x07\x00\x00\x00\x0dChangeModT\
ype\x01\x03\x00\x00\x00.\xba\xa8\xb4\xdc\xb9|\x00\
 \xc0\xad\xc8\x1c\xd5X\xb2\x94\x00 \xb3\xd9\xc5H\x00\
 \xc6$\xb9X\xac\x00\x00 \xbc\x1c\xc0\xdd\xd5\x88\xc2\
\xb5\xb2\xc8\xb2\xe4\x00:\x08\x00\x00\x00\x00\x06\x00\x00\x00\
)An error was ra\
ised while delet\
ing a mod:\x07\x00\x00\x00\x09D\
eleteMod\x01\x03\x00\x00\x00\x08\xc0\xad\
\xc8\x1c\x00 \xc9\x11\x08\x00\x00\x00\x00\x06\x00\x00\x00\x08\
Deleting\x07\x00\x00\x00\x09Del\
eteMod\x01\x03\x00\x00\x00\x10\xc5\xf4\x00 \
\xc2\x18\x00 \xc5\xc6\xc2\xb5\xb2\xc8\xb2\xe4\x08\x00\x00\x00\
\x00\x06\x00\x00\x00\x11Could not \
open to\x07\x00\x00\x00\x0dErro\
rChecking\x01\x03\x00\x00\x00 \xd5\
\x04\xb8\x5c\xad\xf8\xb7\xa8\xc7D\x00 \xc2\xdc\xc7\x91\xd5\
`\x00 \xc2\x18\x00 \xc5\xc6\xc2\xb5\xb2\xc8\xb2\xe4\x08\
\x00\x00\x00\x00\x06\x00\x00\x00\x17Could n\
ot start program\
\x07\x00\x00\x00\x0dErrorChecki\
ng\x01\x03\x00\x00\x00\x18\xc5\xd0\x00 \xc6$\xb9X\
\xac\x00\x00 \xbc\x1c\xc0\xdd\xd5\x88\xc2\xb5\xb2\xc8\xb2\xe4\
\x08\x00\x00\x00\x00\x06\x00\x00\x00\x08Error \
in\x07\x00\x00\x00\x0dErrorChec\
king\x01\x03\x00\x00\x002\xc2\xdc\xc7\x91\xd5X\
\xb8$\xb2\x94\x00 \xd5\x04\xb8\x5c\xad\xf8\xb7\xa8\xc7X\
\x00 \xc8\x04\xcc\xb4\x00 \xac\xbd\xb8\x5c\xb9|\x00 \
\xc0\xac\xc6\xa9\xd5X\xc18\xc6\x94\x00.\x08\x00\x00\x00\
\x00\x06\x00\x00\x007Please use\
 a full path to \
the program you \
are starting.\x07\x00\x00\
\x00\x0dErrorChecking\x01\
\x03\x00\x00\x002\xc6x\xbd\x80\x00 \xb3\xc4\xadl\xb9\
|\x00 \xc2\xdc\xc7\x91\xd5X\xb2\x94\x00 \xb3\xd9\xc5\
H\x00 \xc6$\xb9X\xac\x00\x00 \xbc\x1c\xc0\xdd\xd5\
\x88\xc2\xb5\xb2\xc8\xb2\xe4\x08\x00\x00\x00\x00\x06\x00\x00\x00\
-An error was ra\
ised starting an\
 external tool\x07\x00\
\x00\x00\x0cExternalTool\x01\
\x03\x00\x00\x00\x22\xc7t\x00 \xbc\x14\xb8\x5c\xac\x00\xae\
0\xb9|\x00 \xc0\xad\xc8\x1c\xd5X\xc2\xdc\xac\xa0\xc2\
\xb5\xb2\xc8\xaeL\x00?\x08\x00\x00\x00\x00\x06\x00\x00\x00\
.Are you sure yo\
u want to delete\
 this shortcut?\x07\
\x00\x00\x00\x0cExternalTool\
\x01\x03\x00\x00\x00\x1c\xc6x\xbd\x80\x00 \xb3\xc4\xadl\
\x00 \xbc\x14\xb8\x5c\x00 \xac\x00\xae0\x00 \xc0\xad\
\xc8\x1c\x08\x00\x00\x00\x00\x06\x00\x00\x00\x1dDele\
te external tool\
 shortcut\x07\x00\x00\x00\x0cEx\
ternalTool\x01\x03\x00\x00\x00\x16\
\xb3\xc4\xadl\x00 \xbc\x14\xb8\x5c\x00 \xac\x00\xae0\
\x00 \xc0\xad\xc8\x1c\x08\x00\x00\x00\x00\x06\x00\x00\x00\x14\
Delete tool shor\
tcut\x07\x00\x00\x00\x0cExterna\
lTool\x01\x03\x00\x00\x00\x04\xc6$\xb9X\x08\
\x00\x00\x00\x00\x06\x00\x00\x00\x05Error\x07\x00\
\x00\x00\x0cExternalTool\x01\
\x03\x00\x00\x00\x0a\xc2\xe4\xd5\x89\x00 \xd3\x0c\xc7|\x08\
\x00\x00\x00\x00\x06\x00\x00\x00\x0bExecuta\
bles\x07\x00\x00\x00\x0cExterna\
lTool\x01\x03\x00\x00\x00\x14\xc0\xc8\x00 \xc6\
x\xbd\x80\x00 \xb3\xc4\xadl\x00 \xc1 \xd0\xdd\x08\
\x00\x00\x00\x00\x06\x00\x00\x00\x18Select \
new external too\
l\x07\x00\x00\x00\x0cExternalTo\
ol\x01\x03\x00\x00\x00 \xc2\xac\xb8o\xc7D\x00 \
\xb2\xe4\xb9x\x00 \xc6x\xbd\x80\x00 \xb3\xc4\xadl\
\xb8\x5c\x00 \xc1$\xc8\x15\x08\x00\x00\x00\x00\x06\x00\x00\
\x00%Set slot to a \
different extern\
al tool\x07\x00\x00\x00\x0cExte\
rnalTool\x01\x03\x00\x00\x00\x10\xc6x\
\xbd\x80\x00 \xb3\xc4\xadl\x00 \xc2\xdc\xc7\x91\x08\x00\
\x00\x00\x00\x06\x00\x00\x00\x13Start ex\
ternal tool\x07\x00\x00\x00\x0c\
ExternalTool\x01\x03\x00\x00\
\x00\x22\xc9\x11\xbc\xf5\xb4\x1c\x00 \xbc\x14\xb8\x5c\xac\x00\
\xae0\xac\x00\x00 \xbc\x1c\xac\xac\xb4\x18\xc5\xc8\xc2\xb5\
\xb2\xc8\xb2\xe4\x08\x00\x00\x00\x00\x06\x00\x00\x00\x19Du\
plicate shortcut\
s found\x07\x00\x00\x00\x13Exte\
rnalToolDisplay\x01\
\x03\x00\x00\x004\xbc\x14\xb8\x5c\xac\x00\xae0\xac\x00\x00\
 \xc7t\xbb\xf8\x00 \xc8t\xc7\xac\xd5X\xbb\xc0\xb8\
\x5c\x00 \xcd\x94\xac\x00\xb4\x18\xc9\xc0\x00 \xc5J\xc5\
X\xc2\xb5\xb2\xc8\xb2\xe4\x00:\x08\x00\x00\x00\x00\x06\x00\
\x00\x004Shortcuts wer\
e not added beca\
use they already\
 exist:\x07\x00\x00\x00\x13Exte\
rnalToolDisplay\x01\
\x03\x00\x00\x00\x1c\xd3\x98\xc7t\xb3p\xc7t\x00 \x00\
2\x00 \xac\x8c\xc7\x84\x00 \xb5\x14\xb8\x09\xd1\xa0\xb9\
\xac\x08\x00\x00\x00\x00\x06\x00\x00\x00\x17PAYDA\
Y 2 Game Directo\
ry\x07\x00\x00\x00\x10GamePathN\
otFound\x01\x03\x00\x00\x00\x1c\xd3\x98\xc7\
t\xb3p\xc7t\x00 \x002\x00 \xb5\x14\xb8\x09\xd1\
\xa0\xb9\xac\x00 \xc1 \xd0\xdd\x08\x00\x00\x00\x00\x06\x00\
\x00\x00\x19Select PAYDAY\
 2 Directory\x07\x00\x00\x00\
\x10GamePathNotFoun\
d\x01\x03\x00\x00\x00\x10\xac\x8c\xc7\x84\x00 \xac\xbd\xb8\
\x5c\x00 \xc1$\xc8\x15\x08\x00\x00\x00\x00\x06\x00\x00\x00\
\x0dSet game path\x07\x00\
\x00\x00\x10GamePathNotFo\
und\x01\x03\x00\x00\x00\x04\xc8\x1c\xacp\x08\x00\x00\
\x00\x00\x06\x00\x00\x00\x06Remove\x07\x00\x00\
\x00\x10IgnoredModsQMe\
nu\x01\x03\x00\x00\x00\x04\xc8\x15\xbc\xf4\x08\x00\x00\x00\
\x00\x06\x00\x00\x00\x05About\x07\x00\x00\x00\x0a\
MainWindow\x01\x03\x00\x00\x00\x06\
\xad\x00\xb9\xac\xc7\x90\x08\x00\x00\x00\x00\x06\x00\x00\x00\x07\
Manager\x07\x00\x00\x00\x0aMain\
Window\x01\x03\x00\x00\x00\x04\xc65\xc1X\
\x08\x00\x00\x00\x00\x06\x00\x00\x00\x07Option\
s\x07\x00\x00\x00\x0aMainWindow\
\x01\x03\x00\x00\x00\x06\xd5\x04\xb8\x5c\xd5D\x08\x00\x00\x00\
\x00\x06\x00\x00\x00\x08Profiles\x07\x00\
\x00\x00\x0aMainWindow\x01\x03\x00\
\x00\x00\x04\xb3\xc4\xadl\x08\x00\x00\x00\x00\x06\x00\x00\x00\
\x05Tools\x07\x00\x00\x00\x0aMainW\
indow\x01\x03\x00\x00\x00\x0e\xc5\xc5\xb3p\xc7\
t\xd2\xb8\x00 \xd6U\xc7x\x08\x00\x00\x00\x00\x06\x00\
\x00\x00\x0cCheck Update\x07\
\x00\x00\x00\x0bManagerMenu\x01\
\x03\x00\x00\x00\x04\xc0\xad\xc8\x1c\x08\x00\x00\x00\x00\x06\x00\
\x00\x00\x06Delete\x07\x00\x00\x00\x0bMa\
nagerMenu\x01\x03\x00\x00\x00\x08\xbe\
D\xd6\x5c\xc11\xd6T\x08\x00\x00\x00\x00\x06\x00\x00\x00\
\x07Disable\x07\x00\x00\x00\x0bMan\
agerMenu\x01\x03\x00\x00\x00\x04\xc0\xac\
\xc6\xa9\x08\x00\x00\x00\x00\x06\x00\x00\x00\x06Enab\
le\x07\x00\x00\x00\x0bManagerMe\
nu\x01\x03\x00\x00\x00\x06\xc2(\xae0\xae0\x08\x00\
\x00\x00\x00\x06\x00\x00\x00\x04Hide\x07\x00\x00\x00\
\x0bManagerMenu\x01\x03\x00\x00\
\x00\x10\xd3\xf4\xb3T\x00 \xc5\xf4\xae0\x00.\x00.\
\x00.\x08\x00\x00\x00\x00\x06\x00\x00\x00\x0eOpen\
 Folder...\x07\x00\x00\x00\x0bM\
anagerMenu\x01\x03\x00\x00\x00\x0a\
\xd0\xdc\xad\xf8\x00 \xbc\xf4\xae0\x08\x00\x00\x00\x00\x06\
\x00\x00\x00\x0bView Tag(s)\x07\
\x00\x00\x00\x0bManagerMenu\x01\
\x03\x00\x00\x00\x0c\xd3\x98\xc7t\xc9\xc0\x00 \xbc)\xbb\
8\x08\x00\x00\x00\x00\x06\x00\x00\x00\x0aVisit\
 Page\x07\x00\x00\x00\x0bManage\
rMenu\x01\x03\x00\x00\x00\x1a\xc0\xc8\x00 \xbc\
\x84\xc8\x04\xc7t\x00 \xbc\x1c\xac\xac\xb4\x18\xc5\xc8\xc2\
\xb5\xb2\xc8\xb2\xe4\x08\x00\x00\x00\x00\x06\x00\x00\x00 A\
 new version has\
 been found for\x07\
\x00\x00\x00\x0dModListWidge\
t\x01\x03\x00\x00\x00\x10\x00D\x00i\x00s\x00a\x00\
b\x00l\x00e\x00d\x08\x00\x00\x00\x00\x06\x00\x00\x00\
\x08Disabled\x07\x00\x00\x00\x0dMo\
dListWidget\x01\x03\x00\x00\x00\
\x0e\x00E\x00n\x00a\x00b\x00l\x00e\x00d\x08\
\x00\x00\x00\x00\x06\x00\x00\x00\x07Enabled\
\x07\x00\x00\x00\x0dModListWidg\
et\x01\x03\x00\x00\x00\x0a\x00L\x00o\x00c\x00a\
\x00l\x08\x00\x00\x00\x00\x06\x00\x00\x00\x05Loca\
l\x07\x00\x00\x00\x0dModListWid\
get\x01\x03\x00\x00\x00\x1a\xba\xa8\xb4\xdc\x00 \xc5\
\xc5\xb3p\xc7t\xd2\xb8\x00 \xd6U\xc7x\x00 \xac\
\xb0\xac\xfc\x08\x00\x00\x00\x00\x06\x00\x00\x00\x18Mod\
 Update Check Re\
sults\x07\x00\x00\x00\x0dModLis\
tWidget\x01\x03\x00\x00\x00\x04\xc7t\xb9\
\x84\x08\x00\x00\x00\x00\x06\x00\x00\x00\x04Name\x07\
\x00\x00\x00\x0dModListWidge\
t\x01\x03\x00\x00\x00\x04\xc7 \xd6\x15\x08\x00\x00\x00\x00\
\x06\x00\x00\x00\x04Type\x07\x00\x00\x00\x0dMo\
dListWidget\x01\x03\x00\x00\x00\
\x04\xbc\x84\xc8\x04\x08\x00\x00\x00\x00\x06\x00\x00\x00\x07V\
ersion\x07\x00\x00\x00\x0dModLi\
stWidget\x01\x03\x00\x00\x00\x14\xac\x00\
\x00 \xcd\x5c\xc2\xe0\x00 \xbc\x84\xc8\x04\xc7\x85\xb2\xc8\
\xb2\xe4\x08\x00\x00\x00\x00\x06\x00\x00\x00\x0dis u\
p to date\x07\x00\x00\x00\x0dMo\
dListWidget\x01\x03\x00\x00\x00\
4\xd3\x98\xc7t\xb3p\xc7t\x00 \x002\xb9|\x00\
 \xc2\xdc\xc7\x91\xd5X\xb2\x94\x00 \xb3\xd9\xc5H\x00\
 \xc6$\xb9X\xac\x00\x00 \xbc\x1c\xc0\xdd\xd5\x88\xc2\
\xb5\xb2\xc8\xb2\xe4\x08\x00\x00\x00\x00\x06\x00\x00\x00)A\
n error occured \
trying to start \
PAYDAY 2\x07\x00\x00\x00\x0aMod\
Manager\x01\x03\x00\x00\x004\x00M\x00\
M\x00M\xc5\xd0\xc1\x1c\x00 \x00P\x00A\x00Y\x00\
D\x00A\x00Y\x00 \x002\xb9|\x00 \xc2\xdc\xc7\
\x91\xd5`\x00 \xc2\x18\x00 \xc5\xc6\xc2\xb5\xb2\xc8\xb2\
\xe4\x08\x00\x00\x00\x00\x06\x00\x00\x00!Could\
 not start PAYDA\
Y 2 from MMM\x07\x00\x00\x00\
\x0aModManager\x01\x03\x00\x00\x00\
\x14\xac\x8c\xc7\x84\x00 \xb5\x14\xb8\x09\xd1\xa0\xb9\xac\x00\
 \xc5\xf4\xae0\x08\x00\x00\x00\x00\x06\x00\x00\x00\x13O\
pen Game Directo\
ry\x07\x00\x00\x00\x0aModManage\
r\x01\x03\x00\x00\x00\x1c\xac\xbd\xb8\x5c\xac\x00\x00 \xc8\
\x08\xb3\x00\xc8\x01\xc7t\xc9\xc0\x00 \xc5J\xc2\xb5\xb2\
\xc8\xb2\xe4\x08\x00\x00\x00\x00\x06\x00\x00\x00\x14Pat\
h is not absolut\
e\x07\x00\x00\x00\x0aModManager\
\x01\x03\x00\x00\x00\x10\xba\xa8\xb4\xdc\x00 \xc0\xc8\xb8\x5c\
\x00 \xac\xe0\xceh\x08\x00\x00\x00\x00\x06\x00\x00\x00\x0c\
Refresh Mods\x07\x00\x00\x00\
\x0aModManager\x01\x03\x00\x00\x00\
t\xac\x80\xc0\xc9\x00.\x00.\x00.\x00 \xd0\xdc\xad\
\xf8\xb9|\x00 \xac\x80\xc0\xc9\xd5X\xb8$\xbat\x00\
 \xac\xf5\xbc1\x00 \xc5\xc6\xc7t\x00  \x1c\xd0\
\xdc\xad\xf8\x00: \x1d\xb9|\x00 \xc0\xac\xc6\xa9\xd5\
X\xac\xe0\x00,\x00 \xd0\xdc\xad\xf8\xb9|\x00 \xad\
l\xbd\x84\xd5X\xb8$\xbat\x00 \xc2|\xd4\x5c\x00\
  \x1c\x00, \x1d\xb9|\x00 \xc0\xac\xc6\xa9\xd5\
i\xb2\xc8\xb2\xe4\x08\x00\x00\x00\x00\x06\x00\x00\x00XS\
earch... use \x22ta\
g:\x22 with no spac\
es to search for\
 tags, use a com\
ma \x22,\x22 to sepera\
te tags\x07\x00\x00\x00\x0aModM\
anager\x01\x03\x00\x00\x00\x12\xd3\x98\xc7t\
\xb3p\xc7t\x00 \x002\x00 \xc2\xdc\xc7\x91\x08\x00\
\x00\x00\x00\x06\x00\x00\x00\x0eStart PA\
YDAY 2\x07\x00\x00\x00\x0aModMa\
nager\x01\x03\x00\x00\x00\x08\xcd\x1d\x00 \xba\
\xa8\xb4\xdc\x08\x00\x00\x00\x00\x06\x00\x00\x00\x0aTot\
al Mods\x07\x00\x00\x00\x0aModM\
anager\x01\x03\x00\x00\x002\xba\xa8\xb4\xdc\
\xb9|\x00 \xbeD\xd6\x5c\xc11\xd6T\xd5X\xb2\x94\
\x00 \xb3\xd9\xc5H\x00 \xc6$\xb9X\xac\x00\x00 \
\xbc\x1c\xc0\xdd\xd5\x88\xc2\xb5\xb2\xc8\xb2\xe4\x00:\x08\x00\
\x00\x00\x00\x06\x00\x00\x00'An error\
 occured while d\
isabling a mod:\x07\
\x00\x00\x00\x11MoveToDisabl\
edDir\x01\x03\x00\x00\x00\x08\xbeD\xd6\x5c\xc1\
1\xd6T\x08\x00\x00\x00\x00\x06\x00\x00\x00\x09Dis\
abling\x07\x00\x00\x00\x11MoveT\
oDisabledDir\x01\x03\x00\x00\
\x000\xba\xa8\xb4\xdc\xb9|\x00 \xd6\x5c\xc11\xd6T\
\xd5X\xb2\x94\x00 \xb3\xd9\xc5H\x00 \xc6$\xb9X\
\xac\x00\x00 \xbc\x1c\xc0\xdd\xd5\x88\xc2\xb5\xb2\xc8\xb2\xe4\
\x00:\x08\x00\x00\x00\x00\x06\x00\x00\x00&An e\
rror occured whi\
le enabling a mo\
d:\x07\x00\x00\x00\x13MoveToEna\
bledModDir\x01\x03\x00\x00\x00\x0a\
\xd6\x5c\xc11\xd6T\x00 \xc9\x11\x08\x00\x00\x00\x00\x06\
\x00\x00\x00\x08Enabling\x07\x00\x00\x00\
\x13MoveToEnabledMo\
dDir\x01\x03\x00\x00\x00\x04\xc8\x01\xc6\xa9\x08\x00\
\x00\x00\x00\x06\x00\x00\x00\x05Apply\x07\x00\x00\
\x00\x07Options\x01\x03\x00\x00\x00\x04\xcd\
\xe8\xc1\x8c\x08\x00\x00\x00\x00\x06\x00\x00\x00\x06Can\
cel\x07\x00\x00\x00\x07Options\x01\
\x03\x00\x00\x00\x04\xc7|\xbc\x18\x08\x00\x00\x00\x00\x06\x00\
\x00\x00\x07General\x07\x00\x00\x00\x07O\
ptions\x01\x03\x00\x00\x00\x0c\xbb4\xc2\xdc\
\xb4\x1c\x00 \xba\xa8\xb4\xdc\x08\x00\x00\x00\x00\x06\x00\x00\
\x00\x0cIgnored Mods\x07\x00\
\x00\x00\x07Options\x01\x03\x00\x00\x00\x04\
\xae0\xd0\xc0\x08\x00\x00\x00\x00\x06\x00\x00\x00\x04Mi\
sc\x07\x00\x00\x00\x07Options\x01\x03\
\x00\x00\x00\x06\xb2\xe8\xcd\x95\xd0\xa4\x08\x00\x00\x00\x00\x06\
\x00\x00\x00\x09Shortcuts\x07\x00\x00\
\x00\x07Options\x01\x03\x00\x00\x00\x0e\xc5\
\xc5\xb3p\xc7t\xd2\xb8\x00 \xd6U\xc7x\x08\x00\x00\
\x00\x00\x06\x00\x00\x00\x11Check for\
 updates\x07\x00\x00\x00\x0eOpt\
ionsGeneral\x01\x03\x00\x00\x00\
\x0e\xd6U\xc7x\x00 \xc9\x11\x00.\x00.\x00.\x08\
\x00\x00\x00\x00\x06\x00\x00\x00\x0bCheckin\
g...\x07\x00\x00\x00\x0eOptions\
General\x01\x03\x00\x00\x00\x0a\xc0\xc9\xc0\
\xc1\x00 \xd1L\xb9\xc8\x08\x00\x00\x00\x00\x06\x00\x00\x00\
\x0bColor Theme\x07\x00\x00\x00\
\x0eOptionsGeneral\x01\
\x03\x00\x00\x00\x08\x00D\x00a\x00r\x00k\x08\x00\x00\
\x00\x00\x06\x00\x00\x00\x04Dark\x07\x00\x00\x00\x0e\
OptionsGeneral\x01\x03\
\x00\x00\x00\x16\xbeD\xd6\x5c\xc11\xd6T\x00 \xba\xa8\
\xb4\xdc\x00 \xac\xbd\xb8\x5c\x00:\x08\x00\x00\x00\x00\x06\
\x00\x00\x00\x13Disabled Mod\
s Path:\x07\x00\x00\x00\x0eOpti\
onsGeneral\x01\x03\x00\x00\x00*\
\xc6$\xb9X\x00:\x00 \xc7\x90\xc18\xd5\x5c\x00 \
\xb0\xb4\xc6\xa9\xc7@\x00 \xb8\x5c\xad\xf8\xb9|\x00 \
\xd6U\xc7x\xd5X\xc18\xc6\x94\x08\x00\x00\x00\x00\x06\
\x00\x00\x00\x1fError: Check\
 logs for more i\
nfo\x07\x00\x00\x00\x0eOptionsG\
eneral\x01\x03\x00\x00\x00\x04\xc7|\xbc\x18\
\x08\x00\x00\x00\x00\x06\x00\x00\x00\x07Genera\
l\x07\x00\x00\x00\x0eOptionsGen\
eral\x01\x03\x00\x00\x00\x06\xc5\xb8\xc5\xb4\x00:\
\x08\x00\x00\x00\x00\x06\x00\x00\x00\x09Langua\
ge:\x07\x00\x00\x00\x0eOptionsG\
eneral\x01\x03\x00\x00\x00\x0a\x00L\x00i\
\x00g\x00h\x00t\x08\x00\x00\x00\x00\x06\x00\x00\x00\x05\
Light\x07\x00\x00\x00\x0eOption\
sGeneral\x01\x03\x00\x00\x00\x1e\xd3\x98\
\xc7t\xb3p\xc7t\x00 \x002\x00 \xac\x8c\xc7\x84\
\x00 \xb5\x14\xb8\x09\xd1\xa0\xb9\xac\x00:\x08\x00\x00\x00\
\x00\x06\x00\x00\x00\x18Payday 2 G\
ame Directory:\x07\x00\
\x00\x00\x0eOptionsGenera\
l\x01\x03\x00\x00\x00\x10\xc5\xc5\xb3p\xc7t\xd2\xb8\x00\
 \xc6D\xb8\xcc\x00!\x08\x00\x00\x00\x00\x06\x00\x00\x00\
\x0bUp to date!\x07\x00\x00\x00\
\x0eOptionsGeneral\x01\
\x03\x00\x00\x00\x18\xc2\xdc\xc7\x91\x00 \xc2\xdc\x00 \xc5\
\xc5\xb3p\xc7t\xd2\xb8\x00 \xc5L\xb9\xbc\x08\x00\x00\
\x00\x00\x06\x00\x00\x00\x18Update al\
erts on startup\x07\
\x00\x00\x00\x0eOptionsGener\
al\x01\x03\x00\x00\x00\x08\xc5\xc5\xb3p\xc7t\xd2\xb8\
\x08\x00\x00\x00\x00\x06\x00\x00\x00\x07Update\
s\x07\x00\x00\x00\x0eOptionsGen\
eral\x01\x03\x00\x00\x00\x0e\xc2(\xac\xa8\xc9\xc4\
\x00 \xba\xa8\xb4\xdc\x00:\x08\x00\x00\x00\x00\x06\x00\x00\
\x00\x0cHidden Mods:\x07\x00\
\x00\x00\x12OptionsIgnore\
dMods\x01\x03\x00\x00\x00\x0a\xbc1\xc5\xc5\x00\
 \xba\xa8\xb4\xdc\x08\x00\x00\x00\x00\x06\x00\x00\x00\x0bB\
ackup Mods\x07\x00\x00\x00\x0bO\
ptionsMisc\x01\x03\x00\x00\x00:\
\xba\xa8\xb4\xe0\x00 \xba\xa8\xb4\xdc\xb9|\x00 \x00M\
\x00M\x00M\xc7X\x00 \xc1$\xceX\x00 \xd3\xf4\
\xb3T\xc5\xd0\x00 \xbc\xf5\xc0\xac\xd5X\xac\xe0\x00 \
\xc5U\xcd\x95\xd5i\xb2\xc8\xb2\xe4\x08\x00\x00\x00\x00\x06\
\x00\x00\x00CCopies and c\
ompresses all of\
 your mods to MM\
M's installation\
 folder\x07\x00\x00\x00\x0bOpti\
onsMisc\x01\x03\x00\x00\x00\x08\x00M\x00\
i\x00s\x00c\x08\x00\x00\x00\x00\x06\x00\x00\x00\x04M\
isc\x07\x00\x00\x00\x0bOptionsM\
isc\x01\x03\x00\x00\x002\xc2\xe0\xd6T\x00 \xba\
\xa8\xb4\xdc\x00 \xad\x00\xb9\xac\xc7\x90\x00:\x00 \xbc\
\x14\xb2\xd0\xb7|\x00 \xd0l\xb7\x98\xc2\xdc\x00 \xb8\
\x5c\xad\xf8\x00 \xbb\xf8\xc9\xc0\xc6\xd0\x08\x00\x00\x00\x00\
\x06\x00\x00\x000Myth Mod Ma\
nager: Vanilla c\
rash logs unsupp\
orted\x07\x00\x00\x00\x0bOption\
sMisc\x01\x03\x00\x00\x00\x18\xd0l\xb7\x98\xc2\
\xdc\x00 \xb8\x5c\xad\xf8\x00 \xc5\xf4\xae0\x00.\x00\
.\x00.\x08\x00\x00\x00\x00\x06\x00\x00\x00\x12Ope\
n Crash Logs...\x07\
\x00\x00\x00\x0bOptionsMisc\x01\
\x03\x00\x00\x00\x1e\xba\xa8\xb4\xdc\x00 \xd0l\xb7\x98\xc2\
\xdc\x00 \xb8\x5c\xad\xf8\x00 \xc5\xf4\xae0\x00.\x00\
.\x00.\x08\x00\x00\x00\x00\x06\x00\x00\x00\x16Ope\
n Mod Crash Logs\
...\x07\x00\x00\x00\x0bOptionsM\
isc\x01\x03\x00\x00\x004\x00B\x00L\x00T\xac\
\x00\x00 \xc0\xac\xc6\xa9\xd5X\xb2\x94\x00 \xd0l\xb7\
\x98\xc2\xdc\x00 \xb8\x5c\xad\xf8\x00 \xb5\x14\xb8\x09\xd1\
\xa0\xb9\xac\xb9|\x00 \xc5\xfd\xb2\xc8\xb2\xe4\x08\x00\x00\
\x00\x00\x06\x00\x00\x00+Opens the\
 crash log direc\
tory that BLT us\
es\x07\x00\x00\x00\x0bOptionsMi\
sc\x01\x03\x00\x00\x00D\xbc\x14\xb2\xd0\xb7|\x00 \
\xd3\x98\xc7t\xb3p\xc7t\x00 \x002\xc5\xd0\xc1\x1c\
\x00 \xc0\xac\xc6\xa9\xd5X\xb2\x94\x00 \xd0l\xb7\x98\
\xc2\xdc\x00 \xb8\x5c\xad\xf8\x00 \xb5\x14\xb8\x09\xd1\xa0\
\xb9\xac\xb9|\x00 \xc5\xfd\xb2\xc8\xb2\xe4\x08\x00\x00\x00\
\x00\x06\x00\x00\x006Opens the \
crash log direct\
ory used by vani\
lla Payday 2\x07\x00\x00\x00\
\x0bOptionsMisc\x01\x03\x00\x00\
\x00@\xc6$\xbc\x84\xd0\xac\xc7@\x00 \xb9\xac\xb2\x05\
\xc2\xa4\xc6\xa9\x00 \xbc\x14\xb2\xd0\xb7|\x00 \xd0l\
\xb7\x98\xc2\xdc\x00 \xb8\x5c\xad\xf8\xb9|\x00 \xadl\
\xd6\x04\xd5X\xc9\xc0\x00 \xc5J\xc5X\xc2\xb5\xb2\xc8\
\xb2\xe4\x08\x00\x00\x00\x00\x06\x00\x00\x008Over\
kill did not imp\
lement a vanilla\
 crash log for l\
inux\x07\x00\x00\x00\x0bOptions\
Misc\x01\x03\x00\x00\x00\x14\xd5\x04\xb8\x5c\xd5D\
\x00 \xc7t\xb9\x84\x00 \xbc\xc0\xac\xbd\x00:\x08\x00\
\x00\x00\x00\x06\x00\x00\x00\x14Change P\
rofile Name:\x07\x00\x00\x00\
\x10OptionsShortcut\
s\x01\x03\x00\x00\x00\x1a\xba\xa8\xb4\xdc\x00 \xb6\x10\xb2\
\x94\x00 \xd5\x04\xb8\x5c\xd5D\x00 \xc0\xad\xc8\x1c\x00\
:\x08\x00\x00\x00\x00\x06\x00\x00\x00\x16Delet\
e Mod or Profile\
:\x07\x00\x00\x00\x10OptionsSho\
rtcuts\x01\x03\x00\x00\x00\x12\xba\xa8\xb4P\
\x00 \xc1 \xd0\xdd\x00 \xd5t\xc8\x1c\x00:\x08\x00\
\x00\x00\x00\x06\x00\x00\x00\x0dDeselect\
 All:\x07\x00\x00\x00\x10Option\
sShortcuts\x01\x03\x00\x00\x00\x0c\
\xba\xa8\xb4P\x00 \xc1 \xd0\xdd\x00:\x08\x00\x00\x00\
\x00\x06\x00\x00\x00\x0bSelect All\
:\x07\x00\x00\x00\x10OptionsSho\
rtcuts\x01\x03\x00\x00\x00\x06\xb2\xe8\xcd\x95\
\xd0\xa4\x08\x00\x00\x00\x00\x06\x00\x00\x00\x09Shor\
tcuts\x07\x00\x00\x00\x10Option\
sShortcuts\x01\x03\x00\x00\x002\
\xd0\xed\xc7D\x00 \xc8\x04\xd6X\xd5i\xb2\xc8\xb2\xe4\
\x00:\x00 \xc6|\xca\xbd\x00 \xd6T\xc0\xb4\xd4\x5c\
\x00,\x00 \xc6$\xb9x\xca\xbd\x00 \xd6T\xc0\xb4\
\xd4\x5c\x08\x00\x00\x00\x00\x06\x00\x00\x00$Swit\
ch tabs: Arrow l\
eft, Arrow right\
\x07\x00\x00\x00\x10OptionsShor\
tcuts\x01\x03\x00\x00\x00*\xd5t\xb2\xf9\x00\
 \xc7t\xb9\x84\xc7X\x00 \xd5\x04\xb8\x5c\xd5D\xc7\
t\x00 \xc7t\xbb\xf8\x00 \xc8t\xc7\xac\xd5i\xb2\
\xc8\xb2\xe4\x00:\x08\x00\x00\x00\x00\x06\x00\x00\x00(A\
 profile with th\
at name already \
exists:\x07\x00\x00\x00\x0bProf\
ileList\x01\x03\x00\x00\x00\x22\xc6$\xb9\
X\xc7\x85\xb2\xc8\xb2\xe4\x00:\x00 \xc9\x11\xbc\xf5\xb4\
\x1c\x00 \xd5\x04\xb8\x5c\xd5D\x00 \xc7t\xb9\x84\x08\
\x00\x00\x00\x00\x06\x00\x00\x00\x1dError: \
Duplicate profil\
e name\x07\x00\x00\x00\x0bProfi\
leList\x01\x03\x00\x00\x00\x08\xba\xa8\xb4\xdc\
\x00 \xc2\x18\x08\x00\x00\x00\x00\x06\x00\x00\x00\x09Mo\
d Count\x07\x00\x00\x00\x0bProf\
ileList\x01\x03\x00\x00\x00\x12\xc0\xc8\x00\
 \xd5\x04\xb8\x5c\xd5D\x00 \xc7t\xb9\x84\x00:\x08\
\x00\x00\x00\x00\x06\x00\x00\x00\x11New pro\
file name:\x07\x00\x00\x00\x0bP\
rofileList\x01\x03\x00\x00\x00\x06\
\xd5\x04\xb8\x5c\xd5D\x08\x00\x00\x00\x00\x06\x00\x00\x00\x07\
Profile\x07\x00\x00\x00\x0bProf\
ileList\x01\x03\x00\x00\x00\x0a\xba\xa8\xb4\
\xdc\x00 \xcd\x94\xac\x00\x08\x00\x00\x00\x00\x06\x00\x00\x00\
\x08Add Mods\x07\x00\x00\x00\x0bPr\
ofileMenu\x01\x03\x00\x00\x00\x0c\xd5\
\x04\xb8\x5c\xd5D\x00 \xcd\x94\xac\x00\x08\x00\x00\x00\x00\
\x06\x00\x00\x00\x0bAdd Profile\
\x07\x00\x00\x00\x0bProfileMenu\
\x01\x03\x00\x00\x00\x0c\xd5\x04\xb8\x5c\xd5D\x00 \xc8\x01\
\xc6\xa9\x08\x00\x00\x00\x00\x06\x00\x00\x00\x0dAppl\
y Profile\x07\x00\x00\x00\x0bPr\
ofileMenu\x01\x03\x00\x00\x00\x12\xd5\
\x04\xb8\x5c\xd5D\x00 \xc7t\xb9\x84\x00 \xbc\xc0\xac\
\xbd\x08\x00\x00\x00\x00\x06\x00\x00\x00\x13Chang\
e Profile Name\x07\x00\
\x00\x00\x0bProfileMenu\x01\x03\
\x00\x00\x00\x0c\xd5\x04\xb8\x5c\xd5D\x00 \xbc\xf5\xc0\xac\
\x08\x00\x00\x00\x00\x06\x00\x00\x00\x0cCopy P\
rofile\x07\x00\x00\x00\x0bProfi\
leMenu\x01\x03\x00\x00\x00\x16\xba\xa8\xb4\xdc\
\xb9|\x00 \xbc\xf5\xc0\xac\xd5X\xc5\xec\x00.\x00.\
\x00.\x08\x00\x00\x00\x00\x06\x00\x00\x00\x11Copy\
 mod(s) to...\x07\x00\x00\
\x00\x0bProfileMenu\x01\x03\x00\
\x00\x00\x0a\xba\xa8\xb4\xdc\x00 \xc8\x1c\xacp\x08\x00\x00\
\x00\x00\x06\x00\x00\x00\x0aRemove Mo\
d\x07\x00\x00\x00\x0bProfileMen\
u\x01\x03\x00\x00\x00\x0c\xd5\x04\xb8\x5c\xd5D\x00 \xc0\
\xad\xc8\x1c\x08\x00\x00\x00\x00\x06\x00\x00\x00\x0eRem\
ove Profile\x07\x00\x00\x00\x0b\
ProfileMenu\x01\x03\x00\x00\x00\
\x18\xcd\xe8\xc1\x8c\x00,\x00 \xac\xc4\xc1\x8d\xd5X\xb8\
$\xbat\x00 \xc8\x85\xb8\xcc\x08\x00\x00\x00\x00\x06\x00\
\x00\x00\x1aCanceled, exi\
t to continue\x07\x00\x00\
\x00\x0eProgressWidget\
\x01\x03\x00\x00\x00\x06\xc6D\xb8\xcc\x00!\x08\x00\x00\x00\
\x00\x06\x00\x00\x00\x05Done!\x07\x00\x00\x00\x0e\
ProgressWidget\x01\x03\
\x00\x00\x00\x10\xac\xc4\xc1\x8d\xd5X\xb8$\xbat\x00 \
\xc8\x85\xb8\xcc\x08\x00\x00\x00\x00\x06\x00\x00\x00\x10Ex\
it to continue\x07\x00\
\x00\x00\x0eProgressWidge\
t\x01\x03\x00\x00\x00\x18\xc2\xe0\xd6T\x00 \xba\xa8\xb4\
\xdc\x00 \xad\x00\xb9\xac\xc7\x90\x00 \xc7\x91\xc5\xc5\x08\
\x00\x00\x00\x00\x06\x00\x00\x00\x15Myth Mo\
d Manager Task\x07\x00\
\x00\x00\x0eProgressWidge\
t\x01\x03\x00\x00\x00\x0e\xcd\x94\xac\x00\xd5`\x00 \xba\
\xa8\xb4\xdc\x00:\x08\x00\x00\x00\x00\x06\x00\x00\x00\x11M\
ods to be added:\
\x07\x00\x00\x00\x09SelectMod\x01\x03\
\x00\x00\x00t\xac\x80\xc0\xc9\x00.\x00.\x00.\x00 \
\xd0\xdc\xad\xf8\xb9|\x00 \xac\x80\xc0\xc9\xd5X\xb8$\
\xbat\x00 \xac\xf5\xbc1\x00 \xc5\xc6\xc7t\x00 \
 \x1c\xd0\xdc\xad\xf8\x00: \x1d\xb9|\x00 \xc0\xac\
\xc6\xa9\xd5X\xac\xe0\x00,\x00 \xd0\xdc\xad\xf8\xb9|\
\x00 \xadl\xbd\x84\xd5X\xb8$\xbat\x00 \xc2|\
\xd4\x5c\x00  \x1c\x00, \x1d\xb9|\x00 \xc0\xac\
\xc6\xa9\xd5i\xb2\xc8\xb2\xe4\x08\x00\x00\x00\x00\x06\x00\x00\
\x00XSearch... use \
\x22tag:\x22 with no s\
paces to search \
for tags, use a \
comma \x22,\x22 to sep\
erate tags\x07\x00\x00\x00\x09S\
electMod\x01\x03\x00\x00\x00\x18\xba\xa8\
\xb4\xdc\xb9|\x00 \xbc\xf5\xc0\xac\xd5`\x00 \xd5\x04\
\xb8\x5c\xd5D\x00:\x08\x00\x00\x00\x00\x06\x00\x00\x00\x1a\
Profile to copy \
mod(s) to:\x07\x00\x00\x00\x0dS\
electProfile\x01\x03\x00\x00\
\x00\x0a\xac\x80\xc0\xc9\x00.\x00.\x00.\x08\x00\x00\x00\
\x00\x06\x00\x00\x00\x09Search...\x07\
\x00\x00\x00\x0dSelectProfil\
e\x01\x03\x00\x00\x00\x04\xc7t\xb9\x84\x08\x00\x00\x00\x00\
\x06\x00\x00\x00\x04Name\x07\x00\x00\x00\x0aTa\
gDisplay\x01\x03\x00\x00\x00\x04\xd0\xdc\
\xad\xf8\x08\x00\x00\x00\x00\x06\x00\x00\x00\x04Tags\
\x07\x00\x00\x00\x0aTagDisplay\x01\
\x03\x00\x00\x00\x12\xba\xa8\xb4\xdc\xc5\xd0\x00 \xd0\xdc\xad\
\xf8\x00 \xcd\x94\xac\x00\x08\x00\x00\x00\x00\x06\x00\x00\x00\
\x0eAdd tag to mod\x07\
\x00\x00\x00\x0aTagHandler\x01\x03\
\x00\x00\x00\x14\xba\xa8\xb4\xdc\xc5\xd0\xc1\x1c\x00 \xd0\xdc\
\xad\xf8\x00 \xc8\x1c\xacp\x08\x00\x00\x00\x00\x06\x00\x00\
\x00\x13Remove tag fro\
m mod\x07\x00\x00\x00\x0aTagHan\
dler\x01\x03\x00\x00\x00:\xc5\xec\xb7\xec\x00 \
\xac\x1c\xc7X\x00 \xd0\xdc\xad\xf8\xb9|\x00 \xc9\xc0\
\xc8\x15\xd5X\xb8$\xbat\x00 \xc2|\xd4\x5c\x00 \
 \x1c\x00, \x1d\xb8\x5c\x00 \xadl\xbd\x84\xd5X\
\xc18\xc6\x94\x08\x00\x00\x00\x00\x06\x00\x00\x007To\
 specify multipl\
e tags seperate \
them with a comm\
a \x22,\x22\x07\x00\x00\x00\x0aTagHan\
dler\x01\x03\x00\x00\x00$\x00(\xc7t\x00 \
\xc7\x91\xc5\xc5\xc7@\x00 \xb4\x18\xb3\xcc\xb9\xb4\x00 \
\xc2\x18\x00 \xc5\xc6\xc2\xb5\xb2\xc8\xb2\xe4\x00)\x08\x00\
\x00\x00\x00\x06\x00\x00\x00 (This ac\
tion cannot be r\
eversed)\x07\x00\x00\x00\x09Tag\
Viewer\x01\x03\x00\x00\x000\xba\xa8\xb4\xdc\
\xc6@\x00 \xad\x00\xb8(\xb4\x1c\x00 \xba\xa8\xb4\xe0\
\x00 \xd0\xdc\xad\xf8\xb9|\x00 \xc0\xad\xc8\x1c\xd5X\
\xc2\xdc\xac\xa0\xc2\xb5\xb2\xc8\xaeL\x00?\x08\x00\x00\x00\
\x00\x06\x00\x00\x00JAre you su\
re you want to d\
elete all of the\
 tags associated\
 with your mods?\
\x07\x00\x00\x00\x09TagViewer\x01\x03\
\x00\x00\x00\x14\xba\xa8\xb4\xe0\x00 \xd0\xdc\xad\xf8\x00 \
\xc0\xad\xc8\x1c\xd5X\xae0\x08\x00\x00\x00\x00\x06\x00\x00\
\x00\x0fDelete all tag\
s\x07\x00\x00\x00\x09TagViewer\x01\
\x03\x00\x00\x00\x10\xba\xa8\xb4\xdc\x00 \xd0\xdc\xad\xf8\x00\
 \xbd\xf0\xc5\xb4\x08\x00\x00\x00\x00\x06\x00\x00\x00\x0eM\
od Tag Viewer\x07\x00\x00\
\x00\x09TagViewer\x01\x03\x00\x00\x00\
\x0a\xd0\xdc\xad\xf8\x00 \xcd\x94\xac\x00\x08\x00\x00\x00\x00\
\x06\x00\x00\x00\x0aAdd Tag(s)\x07\
\x00\x00\x00\x0dTagViewerMen\
u\x01\x03\x00\x00\x00\x10\xba\xa8\xb4\xe0\x00 \xd0\xdc\xad\
\xf8\x00 \xc0\xad\xc8\x1c\x08\x00\x00\x00\x00\x06\x00\x00\x00\
\x0fDelete All Tags\
\x07\x00\x00\x00\x0dTagViewerMe\
nu\x01\x03\x00\x00\x00\x0a\xd0\xdc\xad\xf8\x00 \xc8\x1c\
\xacp\x08\x00\x00\x00\x00\x06\x00\x00\x00\x0dRemo\
ve Tag(s)\x07\x00\x00\x00\x0dTa\
gViewerMenu\x01\x03\x00\x00\x00\
\x0a\xb3\xc4\xadl\x00 \xcd\x94\xac\x00\x08\x00\x00\x00\x00\
\x06\x00\x00\x00\x08Add Tool\x07\x00\x00\
\x00\x0bToolManager\x01\x03\x00\
\x00\x00\x0a\xc2\xe4\xd5\x89\x00 \xd3\x0c\xc7|\x08\x00\x00\
\x00\x00\x06\x00\x00\x00\x0bExecutabl\
es\x07\x00\x00\x00\x0bToolManag\
er\x01\x03\x00\x00\x00\x10\xc6x\xbd\x80\x00 \xb3\xc4\
\xadl\x00 \xc1 \xd0\xdd\x08\x00\x00\x00\x00\x06\x00\x00\
\x00\x17Select Externa\
l Tool(s)\x07\x00\x00\x00\x0bTo\
olManager\x01\x03\x00\x00\x00,\x00\
u\x00n\x00Z\x00i\x00p\x00M\x00o\x00d\xc5\
\xd0\xc1\x1c\x00 \xc6$\xb9X\xac\x00\x00 \xbc\x1c\xc0\
\xdd\xd5\x88\xc2\xb5\xb2\xc8\xb2\xe4\x00:\x08\x00\x00\x00\x00\
\x06\x00\x00\x00 An error wa\
s raised in unZi\
pMod:\x07\x00\x00\x00\x08UnZipM\
od\x01\x03\x00\x00\x00,\xba<\xc8\x00\x00 \xc2\x18\
\xb3\xd9\xc7<\xb8\x5c\x00 \xba\xa8\xb4\xdc\xb9|\x00 \
\xc5U\xcd\x95\x00 \xd5t\xc8\x1c\xd5t\x00 \xbc\xf4\
\xc18\xc6\x94\x08\x00\x00\x00\x00\x06\x00\x00\x00%Tr\
y extracting the\
 mod manually fi\
rst\x07\x00\x00\x00\x08UnZipMod\
\x01\x03\x00\x00\x00\x0a\xc5U\xcd\x95\x00 \xd4\x80\xae0\
\x08\x00\x00\x00\x00\x06\x00\x00\x00\x09Unpack\
ing\x07\x00\x00\x00\x08UnZipMod\
\x01\x03\x00\x00\x00\x18\xc7X\x00 \xd3\x0c\xc7|\x00 \
\xad\x8c\xd5\x5c\x00 \xd6U\xc7x\x00 \xc9\x11\x08\x00\
\x00\x00\x00\x06\x00\x00\x00\x1cChecking\
 file permission\
s of\x07\x00\x00\x00\x06Worker\x01\
\x03\x00\x00\x00\x14\xd3\xf4\xb3T\x00 \xad\x8c\xd5\x5c\x00\
 \xd6U\xc7x\x00 \xc9\x11\x08\x00\x00\x00\x00\x06\x00\
\x00\x00\x1eChecking fold\
er permissions o\
f\x07\x00\x00\x00\x06Worker\x01\x03\x00\x00\
\x00\x14\xc5\xd0\x00 \xb3\x00\xd5\x5c\x00 \xc1$\xceX\
\x00 \xc2\x18\xc8\x15\x08\x00\x00\x00\x00\x06\x00\x00\x00\x12\
Fixing install f\
or\x07\x00\x00\x00\x06Worker\x01\x03\x00\
\x00\x00\x0c\xd1M\xc2\xa4\xd2\xb8\x00 \xc0\xbd\xc7\x85\x08\
\x00\x00\x00\x00\x06\x00\x00\x00\x0bInsert \
text\x07\x00\x00\x00\x0cinsertS\
tring\x01\x03\x00\x00\x00,\xd5\x04\xb8\x5c\xd5\
D\x00:\x00 \xc7|\xbd\x80\x00 \xba\xa8\xb4\xdc\xac\
\x00\x00 \xc8\x01\xc6\xa9\xb4\x18\xc9\xc0\x00 \xc5J\xc5\
X\xc2\xb5\xb2\xc8\xb2\xe4\x08\x00\x00\x00\x00\x06\x00\x00\x00\
#Profile: Some m\
ods were not app\
lied\x07\x00\x00\x00\x0amodProf\
ile\x01\x03\x00\x00\x00:\xb2\xe4\xc7L\x00 \xba\
\xa8\xb4\xdc\xb2\x94\x00 \xc1$\xceX\xb4\x18\xc5\xb4\x00\
 \xc7\x88\xc9\xc0\x00 \xc5J\xc5D\x00 \xc8\x01\xc6\
\xa9\xb4\x18\xc9\xc0\x00 \xc5J\xc5X\xc2\xb5\xb2\xc8\xb2\
\xe4\x00:\x08\x00\x00\x00\x00\x06\x00\x00\x00CThe\
 following mods \
were not applied\
 because they ar\
e not installed:\
\x07\x00\x00\x00\x0amodProfile\x01\
\x03\x00\x00\x00\x0e\xba\xa8\xb4\xdc\x00 \xc1$\xceX\x00\
 \xc9\x11\x08\x00\x00\x00\x00\x06\x00\x00\x00\x0fIns\
talling mods\x07\x00\x00\x00\
\x0enewModLocation\x01\
\x03\x00\x00\x00$\xba\xa8\xb4\xdc\xb9|\x00 \xc1$\xce\
X\xd5`\x00 \xc7\x04\xceX\xb9|\x00 \xc1 \xd0\
\xdd\xd5X\xc18\xc6\x94\x00:\x08\x00\x00\x00\x00\x06\x00\
\x00\x001Please select\
 where the mods \
should be instal\
led:\x07\x00\x00\x00\x0enewModL\
ocation\x01\x03\x00\x00\x00$\xcd\xe8\xc1\
\x8c\x00 \xc9\x11\x00.\x00.\x00.\x00 \x00(\xd6\
\x04\xc7\xac\x00 \xb2\xe8\xac\xc4\x00 \xc6D\xb8\xcc\x00\
)\x08\x00\x00\x00\x00\x06\x00\x00\x00%Cance\
ling... (Finishi\
ng current step)\
\x07\x00\x00\x00\x0eupdateDetec\
ted\x01\x03\x00\x00\x00@\xd6U\xc7x\xc7D\x00\
 \xd0t\xb9\xad\xd5X\xc5\xec\x00 \xc8\x85\xb8\xcc\xd5\
X\xac\xe0\x00 \xc2\xe0\xd6T\x00 \xba\xa8\xb4\xdc\x00\
 \xad\x00\xb9\xac\xc7\x90\xb9|\x00 \xc5\xc5\xb3p\xc7\
t\xd2\xb8\xd5i\xb2\xc8\xb2\xe4\x08\x00\x00\x00\x00\x06\x00\
\x00\x00,Click ok to e\
xit and update M\
yth Mod Manager\x07\
\x00\x00\x00\x0eupdateDetect\
ed\x01\x03\x00\x00\x00\x0c\xd6\x04\xc7\xac\x00 \xbc\x84\
\xc8\x04\x00:\x08\x00\x00\x00\x00\x06\x00\x00\x00\x10Cu\
rrent Version:\x07\x00\
\x00\x00\x0eupdateDetecte\
d\x01\x03\x00\x00\x00\x12\xb2\xe4\xc2\xdc\x00 \xbb;\xc9\
\xc0\x00 \xb9\xc8\xc18\xc6\x94\x08\x00\x00\x00\x00\x06\x00\
\x00\x00\x10Do not ask ag\
ain\x07\x00\x00\x00\x0eupdateDe\
tected\x01\x03\x00\x00\x00\x16\xc5\xc5\xb3p\
\xc7t\xd2\xb8\xd5X\xc2\xdc\xac\xa0\xc2\xb5\xb2\xc8\xaeL\
\x00?\x08\x00\x00\x00\x00\x06\x00\x00\x00\x16Do y\
ou want to Updat\
e?\x07\x00\x00\x00\x0eupdateDet\
ected\x01\x03\x00\x00\x00\x04\xc6$\xb9X\x08\
\x00\x00\x00\x00\x06\x00\x00\x00\x05Error\x07\x00\
\x00\x00\x0eupdateDetecte\
d\x01\x03\x00\x00\x00\x0c\xc1$\xceX\x00 \xc11\xac\
\xf5\x00!\x08\x00\x00\x00\x00\x06\x00\x00\x00\x18Ins\
tallation Succes\
sful!\x07\x00\x00\x00\x0eupdate\
Detected\x01\x03\x00\x00\x00$\xc0\xc8\
\xb8\x5c\xc6\xb4\x00 \xc5\xc5\xb3p\xc7t\xd2\xb8\xac\x00\
\x00 \xbc\x1c\xac\xac\xb4\x18\xc5\xc8\xc2\xb5\xb2\xc8\xb2\xe4\
\x00:\x08\x00\x00\x00\x00\x06\x00\x00\x00\x11New \
update found:\x07\x00\x00\
\x00\x0eupdateDetected\
\x01\x03\x00\x00\x00\x0e\xc5\xc5\xb3p\xc7t\xd2\xb8\x00 \
\xc5L\xb9\xbc\x08\x00\x00\x00\x00\x06\x00\x00\x00\x0dUp\
date Notice\x07\x00\x00\x00\x0e\
updateDetected\x01\x03\
\x00\x00\x00,\x00g\x00i\x00t\x00h\x00u\x00b\
\x00.\x00c\x00o\x00m\xc5\xd0\xc1\x1c\x00 \xb9\xb4\
\xb9\xac\xc2\xa4\x00 \xb1x\xd2\xb8\x00 \xbc\xf4\xae0\
\x08\x00\x00\x00\x00\x06\x00\x00\x00 View R\
elease Notes on \
github.com\x07\x00\x00\x00\x0eu\
pdateDetected\x01\
\x00\x00J&\
<\
\xb8d\x18\xca\xef\x9c\x95\xcd!\x1c\xbf`\xa1\xbd\xddB\
\x00\x00\x05\x10\x00\x00\x07\xaf\x00\x00\x07f\x00\x02\xf5\x05\
\x00\x00/\x94\x00\x04\xa8\x8b\x00\x00!\x8b\x00\x04\xef\xa5\
\x00\x00\x15D\x00\x05@\x93\x00\x00 2\x00\x05@\x93\
\x00\x00&w\x00\x05H5\x00\x00\x18E\x00\x05H5\
\x00\x005\x11\x00\x05\xa7\xe3\x00\x005<\x00\x05\xc0e\
\x00\x00\x18s\x00 n\x0a\x00\x00-\x1b\x00-\x9b#\
\x00\x008d\x00/\x99#\x00\x009W\x00G\x96\xc4\
\x00\x00\x13(\x00Hw9\x00\x00\x1fV\x00Kdq\
\x00\x001\xe6\x00L\x99b\x00\x00\x0e)\x00L\x99b\
\x00\x00B\xed\x00R\xfd\xf4\x00\x00#N\x00SY|\
\x00\x00\x17f\x00U\x0d\xff\x00\x00\x09\x9a\x00[f3\
\x00\x00\x14\x07\x00]\x05y\x00\x00@\x8b\x00`\xb7u\
\x00\x00\x16\x11\x00\x95\x84\xda\x00\x00.s\x00\x97\x92\xb4\
\x00\x00\x100\x00\x97\x96\x04\x00\x00\x16\xe9\x00\xaao\x12\
\x00\x008\xbd\x00\xad\xc0\x0a\x00\x00+\x8a\x00\xcd0>\
\x00\x00\x01H\x016\xad\xc1\x00\x00#\xf7\x017\xfe\xb2\
\x00\x006\x1e\x01L\x05#\x00\x00 \x97\x01X\x11u\
\x00\x00\x14=\x01\xb6\x0b,\x00\x00\x0f\xc4\x01\xcd\x8c\xae\
\x00\x00!\x01\x02;\x9c,\x00\x00\x0b\x87\x02}\xb5\x95\
\x00\x00-\xaf\x02\xcc\xfcc\x00\x00\x17\x99\x02\xe3/b\
\x00\x00\x19!\x02\xfb\xd1T\x00\x00>\x11\x033\xb5u\
\x00\x000F\x03]\x7f\x80\x00\x00$;\x03k\x81\x09\
\x00\x006\xe0\x03\x84}\x92\x00\x00\x13j\x03\x8e\xc7\x8a\
\x00\x00+#\x03\xd6\x9f+\x00\x002s\x03\xe5\x0e\xdd\
\x00\x00\x19\xdf\x04\x10\x89U\x00\x00!G\x04%<\x15\
\x00\x002\x1a\x04XMJ\x00\x00A\xe2\x04l\x1bN\
\x00\x00\x15x\x04y,\x87\x00\x00\x1f\x0e\x04\x98I\xbc\
\x00\x00\x1f\x85\x04\xac,\xa5\x00\x00\x14\x95\x04\xbd\xf1\xaa\
\x00\x00$\xfc\x04\xc4>D\x00\x00\x0d\x04\x04\xc4y%\
\x00\x00\x15\x0c\x04\xded\x91\x00\x00C!\x04\xeb/\x0a\
\x00\x00#\x14\x04\xf8\xaa\x9f\x00\x007n\x05\x01q\x8a\
\x00\x00\x07\x89\x05-\xd3j\x00\x00\x1eH\x058\xd6j\
\x00\x00!\xbc\x05\x8cF\xc5\x00\x00\x12\xeb\x05\xa3\xe59\
\x00\x009\x13\x05\xfbc\xc9\x00\x00\x15\xca\x06\x03e>\
\x00\x00\x00\x00\x06\x1aF\xca\x00\x00>\xab\x06J@\x04\
\x00\x00.(\x06z/\xe5\x00\x00\x1a\xcb\x06zD\x17\
\x00\x00<\x18\x06{\x06\x03\x00\x00\x13\x9e\x06\x83AJ\
\x00\x00#\x82\x06\x9a\xf5C\x00\x00 \x5c\x06\x9a\xf5C\
\x00\x00,0\x06\xc2\xe0\x14\x00\x000\xe1\x06\xeb\xfdv\
\x00\x00<Z\x07\x02\x87\xdf\x00\x00\x07)\x07\x87\x8cJ\
\x00\x00\x10\xad\x07\x95\xd0u\x00\x00.\xd2\x07\x9e\xea\xd3\
\x00\x00\x06\x8e\x07\xbd\xb2\xe2\x00\x00A)\x07\xd2ju\
\x00\x00/I\x07\xe0\x11*\x00\x004^\x07\xe2\x93\x13\
\x00\x00\x1c\xef\x08\x05\x0e\x1e\x00\x00B7\x08.\xba\xd5\
\x00\x00\x03\x9b\x08<\xaa\xa4\x00\x005\xbc\x08\x8a\x0a\xbe\
\x00\x004\xd6\x09&\xdd:\x00\x00\x1d.\x097\xf54\
\x00\x00=\xc7\x09<%\xb5\x00\x00C\xfc\x09<\xa0\x8e\
\x00\x00\x0a\xaa\x09]\x07\xb3\x00\x00\x13\xd2\x09n\x19\x19\
\x00\x00\x00\xde\x09n\xf6\xdf\x00\x00B\x94\x09yeG\
\x00\x00\x1d\xfb\x09\x82\x0b\xde\x00\x00'\xe1\x09\x96B>\
\x00\x00\x0an\x0a+\x85\x80\x00\x00\x05\x95\x0a=\xc0J\
\x00\x00+\xe0\x0a]\x9b\x02\x00\x00%\x8c\x0aeA\xc3\
\x00\x00/\x07\x0ae\xb2,\x00\x009\xf3\x0ah\x00\x07\
\x00\x00\x05\xc9\x0aj\xd2\xc9\x00\x00\x11\x81\x0a\x88+\xe7\
\x00\x00\x08S\x0a\xb1\x05\x98\x00\x00\x12{\x0a\xe0\xee\x84\
\x00\x00\x0d\xa4\x0a\xe1\xf9\x19\x00\x00\x1ae\x0b\x09\x07z\
\x00\x00C\x8a\x0b\x09ye\x00\x00\x14\xcf\x0b\x22t]\
\x00\x00\x09\xf5\x0bAj\xa5\x00\x00\x18\xda\x0b\x5c@\x5c\
\x00\x00\x0f \x0b\x96\xdc\xaa\x00\x00:\xf7\x0b\xd3\x0e\xf5\
\x00\x001!\x0b\xd4:9\x00\x00\x034\x0b\xee\xc7\x82\
\x00\x00=^\x0c \xaf\x9f\x00\x00\x22(\x0c,\xac\xe7\
\x00\x00\x09\x5c\x0c0\xfds\x00\x00\x1b2\x0c>7d\
\x00\x00,t\x0cG\x92\xf4\x00\x00\x17+\x0cQ\x0b\xd2\
\x00\x00\x1c\xa4\x0cV\xb4n\x00\x00\x04\x0b\x0ceP\xa3\
\x00\x00(K\x0cj\x8a\x93\x00\x00$\xb8\x0cm_\x93\
\x00\x00%K\x0c\x94\x16Z\x00\x00?\xf5\x0c\xc9\xa0\x0e\
\x00\x00\x18\xa1\x0c\xe5\x11\xba\x00\x00\x08\x99\x0c\xebyc\
\x00\x00\x0e[\x0c\xebyc\x00\x00:?\x0c\xf6)\xee\
\x00\x000\x8c\x0dL\xf4\xd8\x00\x00)\xee\x0dc\xf3y\
\x00\x009\xae\x0dl\xcd\xf6\x00\x00<\xd5\x0d\xac\x9c\x19\
\x00\x00:~\x0d\xc4\xc8<\x00\x00\x1f\xbf\x0d\xc4\xc8<\
\x00\x00\x22\xda\x0d\xd6\xd1\xb4\x00\x005e\x0e/\xbeC\
\x00\x00\x04\xe1\x0e?\xc7\x03\x00\x00?\x95\x0ee~j\
\x00\x00*\xbc\x0ei\x85\xfe\x00\x00\x05\xf9\x0e\x7f\x98Z\
\x00\x002\xe3\x0e\x8c\xfau\x00\x001m\x0e\xb0\x1b\x1e\
\x00\x00'k\x0e\xc8a\xa2\x00\x00)\x08\x0e\xdb#r\
\x00\x00\x16[\x0e\xe6W\xe5\x00\x00/\xdf\x0e\xfa\x87\xb4\
\x00\x00;\x80\x0f\x0a\x9f\xc9\x00\x00\x11\xf5\x0f\x15\x9f\xdc\
\x00\x00\x0e\x9b\x0f=\xcc?\x00\x00\x0cM\x0fC\xc9\xf4\
\x00\x00&\xa3\x0f\x9bs3\x00\x00\x1f\xf2\x0f\xaa\xa7-\
\x00\x00DZ\x0f\xfcx\xc3\x00\x00\x1bw\x0f\xfcx\xc3\
\x00\x0036i\x00\x00D\xf5\x03\x00\x00\x00\x82\x00I\
\x00 \x00s\x00u\x00g\x00g\x00e\x00r\x00i\
\x00m\x00e\x00n\x00t\x00i\x00 \x00s\x00o\
\x00n\x00o\x00 \x00m\x00o\x00l\x00t\x00o\
\x00 \x00a\x00p\x00p\x00r\x00e\x00z\x00z\
\x00a\x00t\x00i\x00 \x00s\x00u\x00 \x00m\
\x00o\x00d\x00w\x00o\x00r\x00k\x00s\x00h\
\x00o\x00p\x00.\x00n\x00e\x00t\x00 \x00e\
\x00 \x00g\x00i\x00t\x00h\x00u\x00b\x00.\
\x08\x00\x00\x00\x00\x06\x00\x00\x00BSugges\
tions are greatl\
y appreciated on\
 modworkshop.net\
 and github.\x07\x00\x00\x00\
\x05About\x01\x03\x00\x00\x006\x00S\x00u\
\x00p\x00p\x00o\x00r\x00t\x00a\x00 \x00W\
\x00o\x00l\x00f\x00m\x00y\x00t\x00h\x00s\
\x00 \x00s\x00u\x00 \x00K\x00o\x00-\x00F\
\x00i\x08\x00\x00\x00\x00\x06\x00\x00\x00\x1aSupp\
ort Wolfmyths on\
 Ko-Fi\x07\x00\x00\x00\x05About\
\x01\x03\x00\x00\x01N\x00L\x00'\x00o\x00b\x00i\
\x00e\x00t\x00t\x00i\x00v\x00o\x00 \x00d\
\x00i\x00 \x00q\x00u\x00e\x00s\x00t\x00o\
\x00 \x00p\x00r\x00o\x00g\x00r\x00a\x00m\
\x00m\x00a\x00 \x00\xe8\x00 \x00q\x00u\x00e\
\x00l\x00l\x00o\x00 \x00d\x00i\x00 \x00s\
\x00e\x00m\x00p\x00l\x00i\x00f\x00i\x00c\
\x00a\x00r\x00e\x00 \x00i\x00l\x00 \x00p\
\x00r\x00o\x00c\x00e\x00s\x00s\x00o\x00 \
\x00d\x00i\x00 \x00g\x00e\x00s\x00t\x00i\
\x00o\x00n\x00e\x00 \x00d\x00e\x00l\x00l\
\x00e\x00 \x00m\x00o\x00d\x00 \x00d\x00i\
\x00 \x00P\x00A\x00Y\x00D\x00A\x00Y\x00 \
\x002\x00 \x00s\x00e\x00n\x00z\x00a\x00 \
\x00i\x00l\x00 \x00f\x00a\x00s\x00t\x00i\
\x00d\x00i\x00o\x00 \x00d\x00i\x00 \x00d\
\x00o\x00v\x00e\x00r\x00s\x00i\x00 \x00d\
\x00e\x00s\x00t\x00r\x00e\x00g\x00g\x00i\
\x00a\x00r\x00e\x00 \x00t\x00r\x00a\x00 \
\x00p\x00i\x00\xf9\x00 \x00f\x00i\x00l\x00e\
\x00 \x00e\x00x\x00p\x00l\x00o\x00r\x00e\
\x00r\x00.\x08\x00\x00\x00\x00\x06\x00\x00\x00\x84Th\
e goal of this p\
rogram is to str\
eamline the proc\
cess of PAYDAY 2\
 mod managment w\
ithout hassle of\
 juggling multip\
le file explorer\
s.\x07\x00\x00\x00\x05About\x01\x03\x00\x00\
\x006\x00V\x00i\x00s\x00i\x00t\x00a\x00 \
\x00i\x00l\x00 \x00r\x00e\x00p\x00o\x00s\
\x00i\x00t\x00o\x00r\x00y\x00 \x00G\x00i\
\x00t\x00h\x00u\x00b\x08\x00\x00\x00\x00\x06\x00\x00\
\x00\x17Visit Github R\
epository\x07\x00\x00\x00\x05Ab\
out\x01\x03\x00\x00\x00@\x00V\x00i\x00s\x00\
i\x00t\x00a\x00 \x00l\x00a\x00 \x00p\x00\
a\x00g\x00i\x00n\x00a\x00 \x00d\x00e\x00\
l\x00 \x00M\x00o\x00d\x00w\x00o\x00r\x00\
k\x00s\x00h\x00o\x00p\x08\x00\x00\x00\x00\x06\x00\
\x00\x00\x16Visit Modwork\
shop Page\x07\x00\x00\x00\x05Ab\
out\x01\x03\x00\x00\x00|\x00\xe8\x00 \x00u\x00\
n\x00 \x00m\x00o\x00d\x00 \x00m\x00a\x00\
n\x00a\x00g\x00e\x00r\x00 \x00o\x00p\x00\
e\x00n\x00-\x00s\x00o\x00u\x00r\x00c\x00\
e\x00 \x00p\x00e\x00r\x00 \x00P\x00A\x00\
Y\x00D\x00A\x00Y\x00 \x002\x00 \x00c\x00\
r\x00e\x00a\x00t\x00o\x00 \x00d\x00a\x00\
 \x00W\x00o\x00l\x00f\x00m\x00y\x00t\x00\
h\x00s\x00.\x08\x00\x00\x00\x00\x06\x00\x00\x00@i\
s an open-source\
 mod manager for\
 PAYDAY 2 create\
d by Wolfmyths.\x07\
\x00\x00\x00\x05About\x01\x03\x00\x00\x00l\x00\
S\x00i\x00 \x00\xe8\x00 \x00v\x00e\x00r\x00\
i\x00f\x00i\x00c\x00a\x00t\x00o\x00 \x00\
u\x00n\x00 \x00e\x00r\x00r\x00o\x00r\x00\
e\x00 \x00d\x00u\x00r\x00a\x00n\x00t\x00\
e\x00 \x00i\x00l\x00 \x00b\x00a\x00c\x00\
k\x00u\x00p\x00 \x00d\x00e\x00l\x00l\x00\
e\x00 \x00m\x00o\x00d\x00s\x08\x00\x00\x00\x00\
\x06\x00\x00\x00)An error wa\
s raised while b\
acking up mods\x07\x00\
\x00\x00\x0aBackupMods\x01\x03\x00\
\x00\x00\x0e\x00P\x00u\x00l\x00i\x00z\x00i\x00\
a\x08\x00\x00\x00\x00\x06\x00\x00\x00\x07Clean\
up\x07\x00\x00\x00\x0aBackupMod\
s\x01\x03\x00\x00\x00\x0a\x00C\x00o\x00p\x00i\x00\
a\x08\x00\x00\x00\x00\x06\x00\x00\x00\x07Copyi\
ng\x07\x00\x00\x00\x0aBackupMod\
s\x01\x03\x00\x00\x00Z\x00Q\x00u\x00e\x00s\x00\
t\x00o\x00 \x00p\x00o\x00t\x00r\x00e\x00\
b\x00b\x00e\x00 \x00r\x00i\x00c\x00h\x00\
i\x00e\x00d\x00e\x00r\x00e\x00 \x00u\x00\
n\x00 \x00p\x00o\x00'\x00 \x00d\x00i\x00\
 \x00t\x00e\x00m\x00p\x00o\x00.\x00.\x00\
.\x08\x00\x00\x00\x00\x06\x00\x00\x00\x1cThis \
might take some \
time...\x07\x00\x00\x00\x0aBack\
upMods\x01\x03\x00\x00\x00^\x00C\x00o\
\x00n\x00v\x00a\x00l\x00i\x00d\x00a\x00 \
\x00d\x00e\x00i\x00 \x00p\x00e\x00r\x00c\
\x00o\x00r\x00s\x00i\x00 \x00d\x00e\x00l\
\x00l\x00e\x00 \x00c\x00a\x00r\x00t\x00e\
\x00l\x00l\x00e\x00 \x00d\x00i\x00 \x00b\
\x00a\x00c\x00k\x00u\x00p\x08\x00\x00\x00\x00\x06\
\x00\x00\x00\x1eValidating b\
ackup folder pat\
hs\x07\x00\x00\x00\x0aBackupMod\
s\x01\x03\x00\x00\x00\x14\x00Z\x00i\x00p\x00p\x00\
a\x00r\x00e\x00 \x00i\x00n\x08\x00\x00\x00\x00\
\x06\x00\x00\x00\x0aZipping to\x07\
\x00\x00\x00\x0aBackupMods\x01\x03\
\x00\x00\x00\x02\x00a\x08\x00\x00\x00\x00\x06\x00\x00\x00\x02\
to\x07\x00\x00\x00\x0aBackupMod\
s\x01\x03\x00\x00\x00|\x00S\x00i\x00 \x00\xe8\x00\
 \x00v\x00e\x00r\x00i\x00f\x00i\x00c\x00\
a\x00t\x00o\x00 \x00u\x00n\x00 \x00e\x00\
r\x00r\x00o\x00r\x00e\x00 \x00d\x00u\x00\
r\x00a\x00n\x00t\x00e\x00 \x00l\x00a\x00\
 \x00m\x00o\x00d\x00i\x00f\x00i\x00c\x00\
a\x00 \x00d\x00e\x00l\x00 \x00t\x00i\x00\
p\x00o\x00 \x00d\x00i\x00 \x00m\x00o\x00\
d\x00:\x08\x00\x00\x00\x00\x06\x00\x00\x00,An \
error was raised\
 while changing \
mod type:\x07\x00\x00\x00\x0dCh\
angeModType\x01\x03\x00\x00\x00\
\x1a\x00I\x00n\x00s\x00t\x00a\x00l\x00l\x00\
a\x00z\x00i\x00o\x00n\x00e\x08\x00\x00\x00\x00\
\x06\x00\x00\x00\x0aInstalling\x07\
\x00\x00\x00\x0dChangeModTyp\
e\x01\x03\x00\x00\x00|\x00S\x00i\x00 \x00\xe8\x00\
 \x00v\x00e\x00r\x00i\x00f\x00i\x00c\x00\
a\x00t\x00o\x00 \x00u\x00n\x00 \x00e\x00\
r\x00r\x00o\x00r\x00e\x00 \x00d\x00u\x00\
r\x00a\x00n\x00t\x00e\x00 \x00l\x00a\x00\
 \x00c\x00a\x00n\x00c\x00e\x00l\x00l\x00\
a\x00z\x00i\x00o\x00n\x00e\x00 \x00d\x00\
i\x00 \x00u\x00n\x00a\x00 \x00m\x00o\x00\
d\x00:\x08\x00\x00\x00\x00\x06\x00\x00\x00)An \
error was raised\
 while deleting \
a mod:\x07\x00\x00\x00\x09Delet\
eMod\x01\x03\x00\x00\x00\x18\x00E\x00l\x00i\
\x00m\x00i\x00n\x00a\x00z\x00i\x00o\x00n\
\x00e\x08\x00\x00\x00\x00\x06\x00\x00\x00\x08Dele\
ting\x07\x00\x00\x00\x09DeleteM\
od\x01\x03\x00\x00\x00(\x00I\x00m\x00p\x00o\
\x00s\x00s\x00i\x00b\x00i\x00l\x00e\x00 \
\x00a\x00p\x00r\x00i\x00r\x00e\x00 \x00a\
\x08\x00\x00\x00\x00\x06\x00\x00\x00\x11Could \
not open to\x07\x00\x00\x00\x0d\
ErrorChecking\x01\x03\x00\
\x00\x00@\x00I\x00m\x00p\x00o\x00s\x00s\x00\
i\x00b\x00i\x00l\x00e\x00 \x00a\x00v\x00\
v\x00i\x00a\x00r\x00e\x00 \x00i\x00l\x00\
 \x00p\x00r\x00o\x00g\x00r\x00a\x00m\x00\
m\x00a\x08\x00\x00\x00\x00\x06\x00\x00\x00\x17Cou\
ld not start pro\
gram\x07\x00\x00\x00\x0dErrorCh\
ecking\x01\x03\x00\x00\x00\x12\x00E\x00r\
\x00r\x00o\x00r\x00e\x00 \x00i\x00n\x08\x00\
\x00\x00\x00\x06\x00\x00\x00\x08Error in\
\x07\x00\x00\x00\x0dErrorChecki\
ng\x01\x03\x00\x00\x00\x84\x00U\x00t\x00i\x00l\
\x00i\x00z\x00z\x00a\x00r\x00e\x00 \x00i\
\x00l\x00 \x00p\x00e\x00r\x00c\x00o\x00r\
\x00s\x00o\x00 \x00c\x00o\x00m\x00p\x00l\
\x00e\x00t\x00o\x00 \x00d\x00e\x00l\x00 \
\x00p\x00r\x00o\x00g\x00r\x00a\x00m\x00m\
\x00a\x00 \x00c\x00h\x00e\x00 \x00s\x00i\
\x00 \x00s\x00t\x00a\x00 \x00a\x00v\x00v\
\x00i\x00a\x00n\x00d\x00o\x00.\x08\x00\x00\x00\
\x00\x06\x00\x00\x007Please use\
 a full path to \
the program you \
are starting.\x07\x00\x00\
\x00\x0dErrorChecking\x01\
\x03\x00\x00\x00x\x00S\x00i\x00 \x00\xe8\x00 \x00\
v\x00e\x00r\x00i\x00f\x00i\x00c\x00a\x00\
t\x00o\x00 \x00u\x00n\x00 \x00e\x00r\x00\
r\x00o\x00r\x00e\x00 \x00a\x00l\x00l\x00\
'\x00a\x00v\x00v\x00i\x00o\x00 \x00d\x00\
i\x00 \x00u\x00n\x00o\x00 \x00s\x00t\x00\
r\x00u\x00m\x00e\x00n\x00t\x00o\x00 \x00\
e\x00s\x00t\x00e\x00r\x00n\x00o\x08\x00\x00\
\x00\x00\x06\x00\x00\x00-An error \
was raised start\
ing an external \
tool\x07\x00\x00\x00\x0cExterna\
lTool\x01\x03\x00\x00\x00h\x00S\x00i\x00\
e\x00t\x00e\x00 \x00s\x00i\x00c\x00u\x00\
r\x00i\x00 \x00d\x00i\x00 \x00v\x00o\x00\
l\x00e\x00r\x00 \x00e\x00l\x00i\x00m\x00\
i\x00n\x00a\x00r\x00e\x00 \x00q\x00u\x00\
e\x00s\x00t\x00o\x00 \x00c\x00o\x00l\x00\
l\x00e\x00g\x00a\x00m\x00e\x00n\x00t\x00\
o\x00?\x08\x00\x00\x00\x00\x06\x00\x00\x00.Are\
 you sure you wa\
nt to delete thi\
s shortcut?\x07\x00\x00\x00\x0c\
ExternalTool\x01\x03\x00\x00\
\x00b\x00C\x00a\x00n\x00c\x00e\x00l\x00l\
\x00a\x00r\x00e\x00 \x00i\x00l\x00 \x00c\
\x00o\x00l\x00l\x00e\x00g\x00a\x00m\x00e\
\x00n\x00t\x00o\x00 \x00a\x00l\x00l\x00o\
\x00 \x00s\x00t\x00r\x00u\x00m\x00e\x00n\
\x00t\x00o\x00 \x00e\x00s\x00t\x00e\x00r\
\x00n\x00o\x08\x00\x00\x00\x00\x06\x00\x00\x00\x1dDe\
lete external to\
ol shortcut\x07\x00\x00\x00\x0c\
ExternalTool\x01\x03\x00\x00\
\x00P\x00E\x00l\x00i\x00m\x00i\x00n\x00a\
\x00r\x00e\x00 \x00i\x00l\x00 \x00c\x00o\
\x00l\x00l\x00e\x00g\x00a\x00m\x00e\x00n\
\x00t\x00o\x00 \x00a\x00l\x00l\x00o\x00 \
\x00s\x00t\x00r\x00u\x00m\x00e\x00n\x00t\
\x00o\x08\x00\x00\x00\x00\x06\x00\x00\x00\x14Dele\
te tool shortcut\
\x07\x00\x00\x00\x0cExternalToo\
l\x01\x03\x00\x00\x00\x0c\x00E\x00r\x00r\x00o\x00\
r\x00e\x08\x00\x00\x00\x00\x06\x00\x00\x00\x05Err\
or\x07\x00\x00\x00\x0cExternalT\
ool\x01\x03\x00\x00\x00\x14\x00E\x00s\x00e\x00\
g\x00u\x00i\x00b\x00i\x00l\x00e\x08\x00\x00\
\x00\x00\x06\x00\x00\x00\x0bExecutabl\
es\x07\x00\x00\x00\x0cExternalT\
ool\x01\x03\x00\x00\x00L\x00S\x00e\x00l\x00\
e\x00z\x00i\x00o\x00n\x00a\x00r\x00e\x00\
 \x00u\x00n\x00 \x00n\x00u\x00o\x00v\x00\
o\x00 \x00s\x00t\x00r\x00u\x00m\x00e\x00\
n\x00t\x00o\x00 \x00e\x00s\x00t\x00e\x00\
r\x00n\x00o\x08\x00\x00\x00\x00\x06\x00\x00\x00\x18S\
elect new extern\
al tool\x07\x00\x00\x00\x0cExte\
rnalTool\x01\x03\x00\x00\x00^\x00I\
\x00m\x00p\x00o\x00s\x00t\x00a\x00r\x00e\
\x00 \x00l\x00o\x00 \x00s\x00l\x00o\x00t\
\x00 \x00s\x00u\x00 \x00u\x00n\x00 \x00a\
\x00l\x00t\x00r\x00o\x00 \x00s\x00t\x00r\
\x00u\x00m\x00e\x00n\x00t\x00o\x00 \x00e\
\x00s\x00t\x00e\x00r\x00n\x00o\x08\x00\x00\x00\
\x00\x06\x00\x00\x00%Set slot t\
o a different ex\
ternal tool\x07\x00\x00\x00\x0c\
ExternalTool\x01\x03\x00\x00\
\x008\x00A\x00v\x00v\x00i\x00a\x00r\x00e\
\x00 \x00l\x00o\x00 \x00s\x00t\x00r\x00u\
\x00m\x00e\x00n\x00t\x00o\x00 \x00e\x00s\
\x00t\x00e\x00r\x00n\x00o\x08\x00\x00\x00\x00\x06\
\x00\x00\x00\x13Start extern\
al tool\x07\x00\x00\x00\x0cExte\
rnalTool\x01\x03\x00\x00\x00<\x00T\
\x00r\x00o\x00v\x00a\x00t\x00i\x00 \x00c\
\x00o\x00l\x00l\x00e\x00g\x00a\x00m\x00e\
\x00n\x00t\x00i\x00 \x00d\x00u\x00p\x00l\
\x00i\x00c\x00a\x00t\x00i\x08\x00\x00\x00\x00\x06\
\x00\x00\x00\x19Duplicate sh\
ortcuts found\x07\x00\x00\
\x00\x13ExternalToolDi\
splay\x01\x03\x00\x00\x00x\x00I\x00 \x00\
c\x00o\x00l\x00l\x00e\x00g\x00a\x00m\x00\
e\x00n\x00t\x00i\x00 \x00n\x00o\x00n\x00\
 \x00s\x00o\x00n\x00o\x00 \x00s\x00t\x00\
a\x00t\x00i\x00 \x00a\x00g\x00g\x00i\x00\
u\x00n\x00t\x00i\x00 \x00p\x00e\x00r\x00\
c\x00h\x00\xe9\x00 \x00g\x00i\x00\xe0\x00 \x00\
e\x00s\x00i\x00s\x00t\x00e\x00n\x00t\x00\
i\x00:\x08\x00\x00\x00\x00\x06\x00\x00\x004Sho\
rtcuts were not \
added because th\
ey already exist\
:\x07\x00\x00\x00\x13ExternalTo\
olDisplay\x01\x03\x00\x00\x008\x00\
D\x00i\x00r\x00e\x00c\x00t\x00o\x00r\x00\
y\x00 \x00d\x00e\x00l\x00 \x00g\x00i\x00\
o\x00c\x00o\x00 \x00P\x00A\x00Y\x00D\x00\
A\x00Y\x00 \x002\x08\x00\x00\x00\x00\x06\x00\x00\x00\
\x17PAYDAY 2 Game D\
irectory\x07\x00\x00\x00\x10Gam\
ePathNotFound\x01\x03\x00\
\x00\x00H\x00S\x00e\x00l\x00e\x00z\x00i\x00\
o\x00n\x00a\x00r\x00e\x00 \x00l\x00a\x00\
 \x00d\x00i\x00r\x00e\x00c\x00t\x00o\x00\
r\x00y\x00 \x00d\x00i\x00 \x00P\x00A\x00\
Y\x00D\x00A\x00Y\x00 \x002\x08\x00\x00\x00\x00\
\x06\x00\x00\x00\x19Select PAYD\
AY 2 Directory\x07\x00\
\x00\x00\x10GamePathNotFo\
und\x01\x03\x00\x00\x00>\x00I\x00m\x00p\x00\
o\x00s\x00t\x00a\x00r\x00e\x00 \x00i\x00\
l\x00 \x00p\x00e\x00r\x00c\x00o\x00r\x00\
s\x00o\x00 \x00d\x00e\x00l\x00 \x00g\x00\
i\x00o\x00c\x00o\x08\x00\x00\x00\x00\x06\x00\x00\x00\
\x0dSet game path\x07\x00\
\x00\x00\x10GamePathNotFo\
und\x01\x03\x00\x00\x00\x12\x00R\x00i\x00m\x00\
u\x00o\x00v\x00e\x00r\x00e\x08\x00\x00\x00\x00\
\x06\x00\x00\x00\x06Remove\x07\x00\x00\x00\x10\
IgnoredModsQMenu\
\x01\x03\x00\x00\x00\x1e\x00I\x00n\x00f\x00o\x00r\
\x00m\x00a\x00z\x00i\x00o\x00n\x00i\x00 \
\x00s\x00u\x08\x00\x00\x00\x00\x06\x00\x00\x00\x05Ab\
out\x07\x00\x00\x00\x0aMainWind\
ow\x01\x03\x00\x00\x00\x0e\x00M\x00a\x00n\x00a\
\x00g\x00e\x00r\x08\x00\x00\x00\x00\x06\x00\x00\x00\x07\
Manager\x07\x00\x00\x00\x0aMain\
Window\x01\x03\x00\x00\x00\x0e\x00O\x00p\
\x00z\x00i\x00o\x00n\x00i\x08\x00\x00\x00\x00\x06\
\x00\x00\x00\x07Options\x07\x00\x00\x00\x0a\
MainWindow\x01\x03\x00\x00\x00\x0e\
\x00P\x00r\x00o\x00f\x00i\x00l\x00i\x08\x00\
\x00\x00\x00\x06\x00\x00\x00\x08Profiles\
\x07\x00\x00\x00\x0aMainWindow\x01\
\x03\x00\x00\x00\x12\x00S\x00t\x00r\x00u\x00m\x00\
e\x00n\x00t\x00i\x08\x00\x00\x00\x00\x06\x00\x00\x00\
\x05Tools\x07\x00\x00\x00\x0aMainW\
indow\x01\x03\x00\x00\x00,\x00V\x00e\x00\
r\x00i\x00f\x00i\x00c\x00a\x00 \x00a\x00\
g\x00g\x00i\x00o\x00r\x00n\x00a\x00m\x00\
e\x00n\x00t\x00o\x08\x00\x00\x00\x00\x06\x00\x00\x00\
\x0cCheck Update\x07\x00\x00\
\x00\x0bManagerMenu\x01\x03\x00\
\x00\x00\x14\x00C\x00a\x00n\x00c\x00e\x00l\x00\
l\x00a\x00r\x00e\x08\x00\x00\x00\x00\x06\x00\x00\x00\
\x06Delete\x07\x00\x00\x00\x0bMana\
gerMenu\x01\x03\x00\x00\x00\x16\x00D\x00\
i\x00s\x00a\x00t\x00t\x00i\x00v\x00a\x00\
r\x00e\x08\x00\x00\x00\x00\x06\x00\x00\x00\x07Dis\
able\x07\x00\x00\x00\x0bManager\
Menu\x01\x03\x00\x00\x00\x12\x00A\x00b\x00i\
\x00l\x00i\x00t\x00a\x00r\x00e\x08\x00\x00\x00\
\x00\x06\x00\x00\x00\x06Enable\x07\x00\x00\x00\
\x0bManagerMenu\x01\x03\x00\x00\
\x00\x10\x00N\x00a\x00s\x00c\x00o\x00n\x00d\
\x00i\x08\x00\x00\x00\x00\x06\x00\x00\x00\x04Hide\
\x07\x00\x00\x00\x0bManagerMenu\
\x01\x03\x00\x00\x00$\x00A\x00p\x00r\x00i\x00r\
\x00e\x00 \x00c\x00a\x00r\x00t\x00e\x00l\
\x00l\x00a\x00.\x00.\x00.\x08\x00\x00\x00\x00\x06\
\x00\x00\x00\x0eOpen Folder.\
..\x07\x00\x00\x00\x0bManagerMe\
nu\x01\x03\x00\x00\x00\x1c\x00V\x00i\x00s\x00u\
\x00a\x00l\x00i\x00z\x00z\x00a\x00 \x00T\
\x00a\x00g\x08\x00\x00\x00\x00\x06\x00\x00\x00\x0bVi\
ew Tag(s)\x07\x00\x00\x00\x0bMa\
nagerMenu\x01\x03\x00\x00\x00 \x00\
V\x00i\x00s\x00i\x00t\x00a\x00 \x00l\x00\
a\x00 \x00p\x00a\x00g\x00i\x00n\x00a\x08\
\x00\x00\x00\x00\x06\x00\x00\x00\x0aVisit P\
age\x07\x00\x00\x00\x0bManagerM\
enu\x01\x03\x00\x00\x00L\x00\xc8\x00 \x00s\x00\
t\x00a\x00t\x00a\x00 \x00t\x00r\x00o\x00\
v\x00a\x00t\x00a\x00 \x00u\x00n\x00a\x00\
 \x00n\x00u\x00o\x00v\x00a\x00 \x00v\x00\
e\x00r\x00s\x00i\x00o\x00n\x00e\x00 \x00\
p\x00e\x00r\x08\x00\x00\x00\x00\x06\x00\x00\x00 A\
 new version has\
 been found for\x07\
\x00\x00\x00\x0dModListWidge\
t\x01\x03\x00\x00\x00\x18\x00D\x00i\x00s\x00a\x00\
b\x00i\x00l\x00i\x00t\x00a\x00t\x00o\x08\
\x00\x00\x00\x00\x06\x00\x00\x00\x08Disable\
d\x07\x00\x00\x00\x0dModListWid\
get\x01\x03\x00\x00\x00\x12\x00A\x00b\x00i\x00\
l\x00i\x00t\x00a\x00t\x00o\x08\x00\x00\x00\x00\
\x06\x00\x00\x00\x07Enabled\x07\x00\x00\x00\
\x0dModListWidget\x01\x03\
\x00\x00\x00\x0c\x00L\x00o\x00c\x00a\x00l\x00e\
\x08\x00\x00\x00\x00\x06\x00\x00\x00\x05Local\x07\
\x00\x00\x00\x0dModListWidge\
t\x01\x03\x00\x00\x00r\x00R\x00i\x00s\x00u\x00\
l\x00t\x00a\x00t\x00i\x00 \x00d\x00e\x00\
l\x00 \x00c\x00o\x00n\x00t\x00r\x00o\x00\
l\x00l\x00o\x00 \x00d\x00e\x00l\x00l\x00\
'\x00a\x00g\x00g\x00i\x00o\x00r\x00n\x00\
a\x00m\x00e\x00n\x00t\x00o\x00 \x00d\x00\
e\x00l\x00l\x00a\x00 \x00v\x00e\x00r\x00\
s\x00i\x00o\x00n\x00e\x08\x00\x00\x00\x00\x06\x00\
\x00\x00\x18Mod Update Ch\
eck Results\x07\x00\x00\x00\x0d\
ModListWidget\x01\x03\x00\
\x00\x00\x08\x00N\x00o\x00m\x00e\x08\x00\x00\x00\x00\
\x06\x00\x00\x00\x04Name\x07\x00\x00\x00\x0dMo\
dListWidget\x01\x03\x00\x00\x00\
\x08\x00T\x00i\x00p\x00o\x08\x00\x00\x00\x00\x06\x00\
\x00\x00\x04Type\x07\x00\x00\x00\x0dModL\
istWidget\x01\x03\x00\x00\x00\x10\x00\
V\x00e\x00r\x00s\x00i\x00o\x00n\x00e\x08\
\x00\x00\x00\x00\x06\x00\x00\x00\x07Version\
\x07\x00\x00\x00\x0dModListWidg\
et\x01\x03\x00\x00\x00\x18\x00\xe8\x00 \x00a\x00g\
\x00g\x00i\x00o\x00r\x00n\x00a\x00t\x00o\
\x08\x00\x00\x00\x00\x06\x00\x00\x00\x0dis up \
to date\x07\x00\x00\x00\x0dModL\
istWidget\x01\x03\x00\x00\x00v\x00\
S\x00i\x00 \x00\xe8\x00 \x00v\x00e\x00r\x00\
i\x00f\x00i\x00c\x00a\x00t\x00o\x00 \x00\
u\x00n\x00 \x00e\x00r\x00r\x00o\x00r\x00\
e\x00 \x00n\x00e\x00l\x00 \x00t\x00e\x00\
n\x00t\x00a\x00t\x00i\x00v\x00o\x00 \x00\
d\x00i\x00 \x00a\x00v\x00v\x00i\x00a\x00\
r\x00e\x00 \x00P\x00A\x00Y\x00D\x00A\x00\
Y\x00 \x002\x08\x00\x00\x00\x00\x06\x00\x00\x00)A\
n error occured \
trying to start \
PAYDAY 2\x07\x00\x00\x00\x0aMod\
Manager\x01\x03\x00\x00\x00F\x00I\x00\
m\x00p\x00o\x00s\x00s\x00i\x00b\x00i\x00\
l\x00e\x00 \x00a\x00v\x00v\x00i\x00a\x00\
r\x00e\x00 \x00P\x00A\x00Y\x00D\x00A\x00\
Y\x00 \x002\x00 \x00d\x00a\x00 \x00M\x00\
M\x00M\x08\x00\x00\x00\x00\x06\x00\x00\x00!Cou\
ld not start PAY\
DAY 2 from MMM\x07\x00\
\x00\x00\x0aModManager\x01\x03\x00\
\x00\x004\x00A\x00p\x00r\x00i\x00r\x00e\x00\
 \x00l\x00'\x00e\x00l\x00e\x00n\x00c\x00\
o\x00 \x00d\x00e\x00i\x00 \x00g\x00i\x00\
o\x00c\x00h\x00i\x08\x00\x00\x00\x00\x06\x00\x00\x00\
\x13Open Game Direc\
tory\x07\x00\x00\x00\x0aModMana\
ger\x01\x03\x00\x00\x004\x00I\x00l\x00 \x00\
p\x00e\x00r\x00c\x00o\x00r\x00s\x00o\x00\
 \x00n\x00o\x00n\x00 \x00\xe8\x00 \x00a\x00\
s\x00s\x00o\x00l\x00u\x00t\x00o\x08\x00\x00\
\x00\x00\x06\x00\x00\x00\x14Path is n\
ot absolute\x07\x00\x00\x00\x0a\
ModManager\x01\x03\x00\x00\x00\x1a\
\x00A\x00g\x00g\x00i\x00o\x00r\x00n\x00a\
\x00 \x00M\x00o\x00d\x00s\x08\x00\x00\x00\x00\x06\
\x00\x00\x00\x0cRefresh Mods\
\x07\x00\x00\x00\x0aModManager\x01\
\x03\x00\x00\x00\xb6\x00R\x00i\x00c\x00e\x00r\x00\
c\x00a\x00.\x00.\x00.\x00 \x00u\x00s\x00\
a\x00  \x1c\x00t\x00a\x00g\x00: \x1d\x00\
 \x00s\x00e\x00n\x00z\x00a\x00 \x00s\x00\
p\x00a\x00z\x00i\x00 \x00p\x00e\x00r\x00\
 \x00c\x00e\x00r\x00c\x00a\x00r\x00e\x00\
 \x00i\x00 \x00t\x00a\x00g\x00,\x00 \x00\
u\x00s\x00a\x00 \x00u\x00n\x00a\x00 \x00\
v\x00i\x00r\x00g\x00o\x00l\x00a\x00  \
\x1c\x00, \x1d\x00 \x00p\x00e\x00r\x00 \x00\
s\x00e\x00p\x00a\x00r\x00a\x00r\x00e\x00\
 \x00i\x00 \x00t\x00a\x00g\x08\x00\x00\x00\x00\
\x06\x00\x00\x00XSearch... u\
se \x22tag:\x22 with n\
o spaces to sear\
ch for tags, use\
 a comma \x22,\x22 to \
seperate tags\x07\x00\x00\
\x00\x0aModManager\x01\x03\x00\x00\
\x00\x1e\x00I\x00n\x00i\x00z\x00i\x00a\x00 \
\x00P\x00A\x00Y\x00D\x00A\x00Y\x00 \x002\
\x08\x00\x00\x00\x00\x06\x00\x00\x00\x0eStart \
PAYDAY 2\x07\x00\x00\x00\x0aMod\
Manager\x01\x03\x00\x00\x00\x16\x00T\x00\
o\x00t\x00a\x00l\x00e\x00 \x00M\x00o\x00\
d\x00s\x08\x00\x00\x00\x00\x06\x00\x00\x00\x0aTot\
al Mods\x07\x00\x00\x00\x0aModM\
anager\x01\x03\x00\x00\x00\x80\x00S\x00i\
\x00 \x00\xe8\x00 \x00v\x00e\x00r\x00i\x00f\
\x00i\x00c\x00a\x00t\x00o\x00 \x00u\x00n\
\x00 \x00e\x00r\x00r\x00o\x00r\x00e\x00 \
\x00d\x00u\x00r\x00a\x00n\x00t\x00e\x00 \
\x00l\x00a\x00 \x00d\x00i\x00s\x00a\x00b\
\x00i\x00l\x00i\x00t\x00a\x00z\x00i\x00o\
\x00n\x00e\x00 \x00d\x00i\x00 \x00u\x00n\
\x00a\x00 \x00m\x00o\x00d\x00:\x08\x00\x00\x00\
\x00\x06\x00\x00\x00'An error o\
ccured while dis\
abling a mod:\x07\x00\x00\
\x00\x11MoveToDisabled\
Dir\x01\x03\x00\x00\x00\x1e\x00D\x00i\x00s\x00\
a\x00b\x00i\x00l\x00i\x00t\x00a\x00z\x00\
i\x00o\x00n\x00e\x08\x00\x00\x00\x00\x06\x00\x00\x00\
\x09Disabling\x07\x00\x00\x00\x11M\
oveToDisabledDir\
\x01\x03\x00\x00\x00x\x00S\x00i\x00 \x00\xe8\x00 \
\x00v\x00e\x00r\x00i\x00f\x00i\x00c\x00a\
\x00t\x00o\x00 \x00u\x00n\x00 \x00e\x00r\
\x00r\x00o\x00r\x00e\x00 \x00d\x00u\x00r\
\x00a\x00n\x00t\x00e\x00 \x00l\x00'\x00a\
\x00b\x00i\x00l\x00i\x00t\x00a\x00z\x00i\
\x00o\x00n\x00e\x00 \x00d\x00i\x00 \x00u\
\x00n\x00a\x00 \x00m\x00o\x00d\x00:\x08\x00\
\x00\x00\x00\x06\x00\x00\x00&An error\
 occured while e\
nabling a mod:\x07\x00\
\x00\x00\x13MoveToEnabled\
ModDir\x01\x03\x00\x00\x00\x18\x00A\x00b\
\x00i\x00l\x00i\x00t\x00a\x00z\x00i\x00o\
\x00n\x00e\x08\x00\x00\x00\x00\x06\x00\x00\x00\x08En\
abling\x07\x00\x00\x00\x13MoveT\
oEnabledModDir\x01\x03\
\x00\x00\x00\x0e\x00A\x00p\x00p\x00l\x00i\x00c\
\x00a\x08\x00\x00\x00\x00\x06\x00\x00\x00\x05Appl\
y\x07\x00\x00\x00\x07Options\x01\x03\x00\
\x00\x00\x18\x00A\x00n\x00n\x00u\x00l\x00l\x00\
a\x00m\x00e\x00n\x00t\x00o\x08\x00\x00\x00\x00\
\x06\x00\x00\x00\x06Cancel\x07\x00\x00\x00\x07\
Options\x01\x03\x00\x00\x00\x10\x00G\x00\
e\x00n\x00e\x00r\x00a\x00l\x00e\x08\x00\x00\
\x00\x00\x06\x00\x00\x00\x07General\x07\x00\
\x00\x00\x07Options\x01\x03\x00\x00\x00\x18\
\x00M\x00o\x00d\x00 \x00i\x00g\x00n\x00o\
\x00r\x00a\x00t\x00e\x08\x00\x00\x00\x00\x06\x00\x00\
\x00\x0cIgnored Mods\x07\x00\
\x00\x00\x07Options\x01\x03\x00\x00\x00\x0a\
\x00V\x00a\x00r\x00i\x00e\x08\x00\x00\x00\x00\x06\
\x00\x00\x00\x04Misc\x07\x00\x00\x00\x07Opt\
ions\x01\x03\x00\x00\x00\x16\x00S\x00c\x00o\
\x00r\x00c\x00i\x00a\x00t\x00o\x00i\x00e\
\x08\x00\x00\x00\x00\x06\x00\x00\x00\x09Shortc\
uts\x07\x00\x00\x00\x07Options\x01\
\x03\x00\x00\x006\x00C\x00o\x00n\x00t\x00r\x00\
o\x00l\x00l\x00a\x00 \x00g\x00l\x00i\x00\
 \x00a\x00g\x00g\x00i\x00o\x00r\x00n\x00\
a\x00m\x00e\x00n\x00t\x00i\x08\x00\x00\x00\x00\
\x06\x00\x00\x00\x11Check for u\
pdates\x07\x00\x00\x00\x0eOptio\
nsGeneral\x01\x03\x00\x00\x00\x18\x00\
C\x00o\x00n\x00t\x00r\x00o\x00l\x00l\x00\
o\x00.\x00.\x00.\x08\x00\x00\x00\x00\x06\x00\x00\x00\
\x0bChecking...\x07\x00\x00\x00\
\x0eOptionsGeneral\x01\
\x03\x00\x00\x00\x16\x00T\x00e\x00m\x00a\x00 \x00\
c\x00o\x00l\x00o\x00r\x00e\x08\x00\x00\x00\x00\
\x06\x00\x00\x00\x0bColor Theme\
\x07\x00\x00\x00\x0eOptionsGene\
ral\x01\x03\x00\x00\x00\x0a\x00S\x00c\x00u\x00\
r\x00o\x08\x00\x00\x00\x00\x06\x00\x00\x00\x04Dar\
k\x07\x00\x00\x00\x0eOptionsGen\
eral\x01\x03\x00\x00\x006\x00P\x00e\x00r\
\x00c\x00o\x00r\x00s\x00o\x00 \x00M\x00o\
\x00d\x00s\x00 \x00d\x00i\x00s\x00a\x00b\
\x00i\x00l\x00i\x00t\x00a\x00t\x00o\x00:\
\x08\x00\x00\x00\x00\x06\x00\x00\x00\x13Disabl\
ed Mods Path:\x07\x00\x00\
\x00\x0eOptionsGeneral\
\x01\x03\x00\x00\x00p\x00E\x00r\x00r\x00o\x00r\
\x00e\x00:\x00 \x00C\x00o\x00n\x00t\x00r\
\x00o\x00l\x00l\x00a\x00r\x00e\x00 \x00i\
\x00 \x00r\x00e\x00g\x00i\x00s\x00t\x00r\
\x00i\x00 \x00p\x00e\x00r\x00 \x00m\x00a\
\x00g\x00g\x00i\x00o\x00r\x00i\x00 \x00i\
\x00n\x00f\x00o\x00r\x00m\x00a\x00z\x00i\
\x00o\x00n\x00i\x08\x00\x00\x00\x00\x06\x00\x00\x00\x1f\
Error: Check log\
s for more info\x07\
\x00\x00\x00\x0eOptionsGener\
al\x01\x03\x00\x00\x00\x10\x00G\x00e\x00n\x00e\
\x00r\x00a\x00l\x00e\x08\x00\x00\x00\x00\x06\x00\x00\
\x00\x07General\x07\x00\x00\x00\x0eOp\
tionsGeneral\x01\x03\x00\x00\
\x00\x0e\x00L\x00i\x00n\x00g\x00u\x00a\x00:\
\x08\x00\x00\x00\x00\x06\x00\x00\x00\x09Langua\
ge:\x07\x00\x00\x00\x0eOptionsG\
eneral\x01\x03\x00\x00\x00\x0c\x00C\x00h\
\x00i\x00a\x00r\x00o\x08\x00\x00\x00\x00\x06\x00\x00\
\x00\x05Light\x07\x00\x00\x00\x0eOpti\
onsGeneral\x01\x03\x00\x00\x00:\
\x00P\x00a\x00y\x00d\x00a\x00y\x00 \x002\
\x00 \x00D\x00i\x00r\x00e\x00c\x00t\x00o\
\x00r\x00y\x00 \x00d\x00e\x00l\x00 \x00g\
\x00i\x00o\x00c\x00o\x00:\x08\x00\x00\x00\x00\x06\
\x00\x00\x00\x18Payday 2 Gam\
e Directory:\x07\x00\x00\x00\
\x0eOptionsGeneral\x01\
\x03\x00\x00\x00\x16\x00A\x00g\x00g\x00i\x00o\x00\
r\x00n\x00a\x00t\x00o\x00!\x08\x00\x00\x00\x00\
\x06\x00\x00\x00\x0bUp to date!\
\x07\x00\x00\x00\x0eOptionsGene\
ral\x01\x03\x00\x00\x00B\x00A\x00v\x00v\x00\
i\x00s\x00i\x00 \x00d\x00i\x00 \x00a\x00\
g\x00g\x00i\x00o\x00r\x00n\x00a\x00m\x00\
e\x00n\x00t\x00o\x00 \x00a\x00l\x00l\x00\
'\x00a\x00v\x00v\x00i\x00o\x08\x00\x00\x00\x00\
\x06\x00\x00\x00\x18Update aler\
ts on startup\x07\x00\x00\
\x00\x0eOptionsGeneral\
\x01\x03\x00\x00\x00\x1a\x00A\x00g\x00g\x00i\x00o\
\x00r\x00n\x00a\x00m\x00e\x00n\x00t\x00i\
\x08\x00\x00\x00\x00\x06\x00\x00\x00\x07Update\
s\x07\x00\x00\x00\x0eOptionsGen\
eral\x01\x03\x00\x00\x00\x1c\x00M\x00o\x00d\
\x00s\x00 \x00n\x00a\x00s\x00c\x00o\x00s\
\x00t\x00i\x00:\x08\x00\x00\x00\x00\x06\x00\x00\x00\x0c\
Hidden Mods:\x07\x00\x00\x00\
\x12OptionsIgnoredM\
ods\x01\x03\x00\x00\x00\x16\x00B\x00a\x00c\x00\
k\x00u\x00p\x00 \x00M\x00o\x00d\x00s\x08\
\x00\x00\x00\x00\x06\x00\x00\x00\x0bBackup \
Mods\x07\x00\x00\x00\x0bOptions\
Misc\x01\x03\x00\x00\x00\x88\x00C\x00o\x00p\
\x00i\x00a\x00 \x00e\x00 \x00c\x00o\x00m\
\x00p\x00r\x00i\x00m\x00e\x00 \x00t\x00u\
\x00t\x00t\x00e\x00 \x00l\x00e\x00 \x00m\
\x00o\x00d\x00 \x00n\x00e\x00l\x00l\x00a\
\x00 \x00c\x00a\x00r\x00t\x00e\x00l\x00l\
\x00a\x00 \x00d\x00i\x00 \x00i\x00n\x00s\
\x00t\x00a\x00l\x00l\x00a\x00z\x00i\x00o\
\x00n\x00e\x00 \x00d\x00i\x00 \x00M\x00M\
\x00M\x08\x00\x00\x00\x00\x06\x00\x00\x00CCopi\
es and compresse\
s all of your mo\
ds to MMM's inst\
allation folder\x07\
\x00\x00\x00\x0bOptionsMisc\x01\
\x03\x00\x00\x00\x08\x00M\x00i\x00s\x00c\x08\x00\x00\
\x00\x00\x06\x00\x00\x00\x04Misc\x07\x00\x00\x00\x0b\
OptionsMisc\x01\x03\x00\x00\x00\
x\x00M\x00y\x00t\x00h\x00 \x00M\x00o\x00\
d\x00 \x00M\x00a\x00n\x00a\x00g\x00e\x00\
r\x00:\x00 \x00L\x00o\x00g\x00 \x00d\x00\
e\x00g\x00l\x00i\x00 \x00i\x00n\x00c\x00\
i\x00d\x00e\x00n\x00t\x00i\x00 \x00v\x00\
a\x00n\x00i\x00l\x00l\x00a\x00 \x00n\x00\
o\x00n\x00 \x00s\x00u\x00p\x00p\x00o\x00\
r\x00t\x00a\x00t\x00i\x08\x00\x00\x00\x00\x06\x00\
\x00\x000Myth Mod Mana\
ger: Vanilla cra\
sh logs unsuppor\
ted\x07\x00\x00\x00\x0bOptionsM\
isc\x01\x03\x00\x00\x00D\x00A\x00p\x00r\x00\
i\x00 \x00i\x00 \x00r\x00e\x00g\x00i\x00\
s\x00t\x00r\x00i\x00 \x00d\x00e\x00g\x00\
l\x00i\x00 \x00i\x00n\x00c\x00i\x00d\x00\
e\x00n\x00t\x00i\x00.\x00.\x00.\x08\x00\x00\
\x00\x00\x06\x00\x00\x00\x12Open Cras\
h Logs...\x07\x00\x00\x00\x0bOp\
tionsMisc\x01\x03\x00\x00\x004\x00\
A\x00p\x00r\x00i\x00 \x00r\x00e\x00g\x00\
i\x00s\x00t\x00r\x00i\x00 \x00c\x00r\x00\
a\x00s\x00h\x00 \x00m\x00o\x00d\x00.\x00\
.\x00.\x08\x00\x00\x00\x00\x06\x00\x00\x00\x16Ope\
n Mod Crash Logs\
...\x07\x00\x00\x00\x0bOptionsM\
isc\x01\x03\x00\x00\x00r\x00A\x00p\x00r\x00\
e\x00 \x00l\x00a\x00 \x00d\x00i\x00r\x00\
e\x00c\x00t\x00o\x00r\x00y\x00 \x00d\x00\
e\x00i\x00 \x00r\x00e\x00g\x00i\x00s\x00\
t\x00r\x00i\x00 \x00d\x00i\x00 \x00c\x00\
r\x00a\x00s\x00h\x00 \x00u\x00t\x00i\x00\
l\x00i\x00z\x00z\x00a\x00t\x00a\x00 \x00\
d\x00a\x00 \x00B\x00L\x00T\x08\x00\x00\x00\x00\
\x06\x00\x00\x00+Opens the c\
rash log directo\
ry that BLT uses\
\x07\x00\x00\x00\x0bOptionsMisc\
\x01\x03\x00\x00\x00\x90\x00A\x00p\x00r\x00e\x00 \
\x00l\x00a\x00 \x00d\x00i\x00r\x00e\x00c\
\x00t\x00o\x00r\x00y\x00 \x00d\x00e\x00i\
\x00 \x00r\x00e\x00g\x00i\x00s\x00t\x00r\
\x00i\x00 \x00d\x00e\x00g\x00l\x00i\x00 \
\x00i\x00n\x00c\x00i\x00d\x00e\x00n\x00t\
\x00i\x00 \x00u\x00s\x00a\x00t\x00a\x00 \
\x00d\x00a\x00 \x00P\x00a\x00y\x00d\x00a\
\x00y\x00 \x002\x00 \x00v\x00a\x00n\x00i\
\x00l\x00l\x00a\x08\x00\x00\x00\x00\x06\x00\x00\x006\
Opens the crash \
log directory us\
ed by vanilla Pa\
yday 2\x07\x00\x00\x00\x0bOptio\
nsMisc\x01\x03\x00\x00\x00v\x00O\x00v\
\x00e\x00r\x00k\x00i\x00l\x00l\x00 \x00n\
\x00o\x00n\x00 \x00h\x00a\x00 \x00i\x00m\
\x00p\x00l\x00e\x00m\x00e\x00n\x00t\x00a\
\x00t\x00o\x00 \x00u\x00n\x00 \x00c\x00r\
\x00a\x00s\x00h\x00 \x00l\x00o\x00g\x00 \
\x00v\x00a\x00n\x00i\x00l\x00l\x00a\x00 \
\x00p\x00e\x00r\x00 \x00L\x00i\x00n\x00u\
\x00x\x08\x00\x00\x00\x00\x06\x00\x00\x008Over\
kill did not imp\
lement a vanilla\
 crash log for l\
inux\x07\x00\x00\x00\x0bOptions\
Misc\x01\x03\x00\x00\x00.\x00C\x00a\x00m\
\x00b\x00i\x00a\x00 \x00n\x00o\x00m\x00e\
\x00 \x00a\x00l\x00 \x00p\x00r\x00o\x00f\
\x00i\x00l\x00o\x00:\x08\x00\x00\x00\x00\x06\x00\x00\
\x00\x14Change Profile\
 Name:\x07\x00\x00\x00\x10Optio\
nsShortcuts\x01\x03\x00\x00\x00\
,\x00E\x00l\x00i\x00m\x00i\x00n\x00a\x00\
 \x00m\x00o\x00d\x00 \x00o\x00 \x00p\x00\
r\x00o\x00f\x00i\x00l\x00o\x00:\x08\x00\x00\
\x00\x00\x06\x00\x00\x00\x16Delete Mo\
d or Profile:\x07\x00\x00\
\x00\x10OptionsShortcu\
ts\x01\x03\x00\x00\x00$\x00D\x00e\x00s\x00e\
\x00l\x00e\x00z\x00i\x00o\x00n\x00a\x00 \
\x00t\x00u\x00t\x00t\x00o\x00:\x08\x00\x00\x00\
\x00\x06\x00\x00\x00\x0dDeselect A\
ll:\x07\x00\x00\x00\x10OptionsS\
hortcuts\x01\x03\x00\x00\x00 \x00S\
\x00e\x00l\x00e\x00z\x00i\x00o\x00n\x00a\
\x00 \x00t\x00u\x00t\x00t\x00o\x00:\x08\x00\
\x00\x00\x00\x06\x00\x00\x00\x0bSelect A\
ll:\x07\x00\x00\x00\x10OptionsS\
hortcuts\x01\x03\x00\x00\x00\x16\x00S\
\x00c\x00o\x00r\x00c\x00i\x00a\x00t\x00o\
\x00i\x00e\x08\x00\x00\x00\x00\x06\x00\x00\x00\x09Sh\
ortcuts\x07\x00\x00\x00\x10Opti\
onsShortcuts\x01\x03\x00\x00\
\x00^\x00C\x00a\x00m\x00b\x00i\x00a\x00 \
\x00s\x00c\x00h\x00e\x00d\x00a\x00:\x00 \
\x00F\x00r\x00e\x00c\x00c\x00i\x00a\x00 \
\x00s\x00i\x00n\x00i\x00s\x00t\x00r\x00a\
\x00,\x00 \x00F\x00r\x00e\x00c\x00c\x00i\
\x00a\x00 \x00d\x00e\x00s\x00t\x00r\x00a\
\x08\x00\x00\x00\x00\x06\x00\x00\x00$Switch\
 tabs: Arrow lef\
t, Arrow right\x07\x00\
\x00\x00\x10OptionsShortc\
uts\x01\x03\x00\x00\x00L\x00E\x00s\x00i\x00\
s\x00t\x00e\x00 \x00g\x00i\x00\xe0\x00 \x00\
u\x00n\x00 \x00p\x00r\x00o\x00f\x00i\x00\
l\x00o\x00 \x00c\x00o\x00n\x00 \x00q\x00\
u\x00e\x00s\x00t\x00o\x00 \x00n\x00o\x00\
m\x00e\x00:\x08\x00\x00\x00\x00\x06\x00\x00\x00(A\
 profile with th\
at name already \
exists:\x07\x00\x00\x00\x0bProf\
ileList\x01\x03\x00\x00\x00<\x00E\x00\
r\x00r\x00o\x00r\x00e\x00:\x00 \x00N\x00\
o\x00m\x00e\x00 \x00p\x00r\x00o\x00f\x00\
i\x00l\x00o\x00 \x00d\x00u\x00p\x00l\x00\
i\x00c\x00a\x00t\x00o\x08\x00\x00\x00\x00\x06\x00\
\x00\x00\x1dError: Duplic\
ate profile name\
\x07\x00\x00\x00\x0bProfileList\
\x01\x03\x00\x00\x00\x22\x00C\x00o\x00n\x00t\x00e\
\x00g\x00g\x00i\x00o\x00 \x00d\x00e\x00i\
\x00 \x00M\x00o\x00d\x08\x00\x00\x00\x00\x06\x00\x00\
\x00\x09Mod Count\x07\x00\x00\x00\x0b\
ProfileList\x01\x03\x00\x00\x00\
.\x00N\x00u\x00o\x00v\x00o\x00 \x00n\x00\
o\x00m\x00e\x00 \x00d\x00e\x00l\x00 \x00\
p\x00r\x00o\x00f\x00i\x00l\x00o\x00:\x08\
\x00\x00\x00\x00\x06\x00\x00\x00\x11New pro\
file name:\x07\x00\x00\x00\x0bP\
rofileList\x01\x03\x00\x00\x00\x0e\
\x00P\x00r\x00o\x00f\x00i\x00l\x00o\x08\x00\
\x00\x00\x00\x06\x00\x00\x00\x07Profile\x07\
\x00\x00\x00\x0bProfileList\x01\
\x03\x00\x00\x00\x1a\x00A\x00g\x00g\x00i\x00u\x00\
n\x00g\x00i\x00 \x00M\x00o\x00d\x00s\x08\
\x00\x00\x00\x00\x06\x00\x00\x00\x08Add Mod\
s\x07\x00\x00\x00\x0bProfileMen\
u\x01\x03\x00\x00\x00 \x00A\x00g\x00g\x00i\x00\
u\x00n\x00g\x00i\x00 \x00p\x00r\x00o\x00\
f\x00i\x00l\x00o\x08\x00\x00\x00\x00\x06\x00\x00\x00\
\x0bAdd Profile\x07\x00\x00\x00\
\x0bProfileMenu\x01\x03\x00\x00\
\x00\x1e\x00A\x00p\x00p\x00l\x00i\x00c\x00a\
\x00 \x00p\x00r\x00o\x00f\x00i\x00l\x00o\
\x08\x00\x00\x00\x00\x06\x00\x00\x00\x0dApply \
Profile\x07\x00\x00\x00\x0bProf\
ileMenu\x01\x03\x00\x00\x004\x00C\x00\
a\x00m\x00b\x00i\x00a\x00 \x00i\x00l\x00\
 \x00n\x00o\x00m\x00e\x00 \x00d\x00e\x00\
l\x00 \x00p\x00r\x00o\x00f\x00i\x00l\x00\
o\x08\x00\x00\x00\x00\x06\x00\x00\x00\x13Chang\
e Profile Name\x07\x00\
\x00\x00\x0bProfileMenu\x01\x03\
\x00\x00\x00\x1a\x00C\x00o\x00p\x00i\x00a\x00 \
\x00p\x00r\x00o\x00f\x00i\x00l\x00o\x08\x00\
\x00\x00\x00\x06\x00\x00\x00\x0cCopy Pro\
file\x07\x00\x00\x00\x0bProfile\
Menu\x01\x03\x00\x00\x00$\x00C\x00o\x00p\
\x00i\x00a\x00 \x00l\x00e\x00 \x00m\x00o\
\x00d\x00 \x00i\x00n\x00.\x00.\x00.\x08\x00\
\x00\x00\x00\x06\x00\x00\x00\x11Copy mod\
(s) to...\x07\x00\x00\x00\x0bPr\
ofileMenu\x01\x03\x00\x00\x00\x16\x00\
R\x00i\x00m\x00u\x00o\x00v\x00i\x00 \x00\
M\x00o\x00d\x08\x00\x00\x00\x00\x06\x00\x00\x00\x0aR\
emove Mod\x07\x00\x00\x00\x0bPr\
ofileMenu\x01\x03\x00\x00\x00\x1e\x00\
R\x00i\x00m\x00u\x00o\x00v\x00i\x00 \x00\
p\x00r\x00o\x00f\x00i\x00l\x00o\x08\x00\x00\
\x00\x00\x06\x00\x00\x00\x0eRemove Pr\
ofile\x07\x00\x00\x00\x0bProfil\
eMenu\x01\x03\x00\x00\x00<\x00A\x00n\x00\
n\x00u\x00l\x00l\x00a\x00t\x00o\x00,\x00\
 \x00e\x00s\x00c\x00i\x00 \x00p\x00e\x00\
r\x00 \x00c\x00o\x00n\x00t\x00i\x00n\x00\
u\x00a\x00r\x00e\x08\x00\x00\x00\x00\x06\x00\x00\x00\
\x1aCanceled, exit \
to continue\x07\x00\x00\x00\x0e\
ProgressWidget\x01\x03\
\x00\x00\x00\x0c\x00F\x00a\x00t\x00t\x00o\x00!\
\x08\x00\x00\x00\x00\x06\x00\x00\x00\x05Done!\x07\
\x00\x00\x00\x0eProgressWidg\
et\x01\x03\x00\x00\x00&\x00E\x00s\x00c\x00i\
\x00 \x00p\x00e\x00r\x00 \x00c\x00o\x00n\
\x00t\x00i\x00n\x00u\x00a\x00r\x00e\x08\x00\
\x00\x00\x00\x06\x00\x00\x00\x10Exit to \
continue\x07\x00\x00\x00\x0ePro\
gressWidget\x01\x03\x00\x00\x00\
8\x00A\x00t\x00t\x00i\x00v\x00i\x00t\x00\
\xe0\x00 \x00d\x00i\x00 \x00M\x00y\x00t\x00\
h\x00 \x00M\x00o\x00d\x00 \x00M\x00a\x00\
n\x00a\x00g\x00e\x00r\x08\x00\x00\x00\x00\x06\x00\
\x00\x00\x15Myth Mod Mana\
ger Task\x07\x00\x00\x00\x0ePro\
gressWidget\x01\x03\x00\x00\x00\
$\x00M\x00o\x00d\x00 \x00d\x00a\x00 \x00\
a\x00g\x00g\x00i\x00u\x00n\x00g\x00e\x00\
r\x00e\x00:\x08\x00\x00\x00\x00\x06\x00\x00\x00\x11M\
ods to be added:\
\x07\x00\x00\x00\x09SelectMod\x01\x03\
\x00\x00\x00\xb2\x00C\x00e\x00r\x00c\x00a\x00.\
\x00.\x00.\x00 \x00u\x00s\x00a\x00  \x1c\
\x00t\x00a\x00g\x00: \x1d\x00 \x00s\x00e\
\x00n\x00z\x00a\x00 \x00s\x00p\x00a\x00z\
\x00i\x00 \x00p\x00e\x00r\x00 \x00c\x00e\
\x00r\x00c\x00a\x00r\x00e\x00 \x00i\x00 \
\x00t\x00a\x00g\x00,\x00 \x00u\x00s\x00a\
\x00 \x00u\x00n\x00a\x00 \x00v\x00i\x00r\
\x00g\x00o\x00l\x00a\x00  \x1c\x00, \x1d\
\x00 \x00p\x00e\x00r\x00 \x00s\x00e\x00p\
\x00a\x00r\x00a\x00r\x00e\x00 \x00i\x00 \
\x00t\x00a\x00g\x08\x00\x00\x00\x00\x06\x00\x00\x00X\
Search... use \x22t\
ag:\x22 with no spa\
ces to search fo\
r tags, use a co\
mma \x22,\x22 to seper\
ate tags\x07\x00\x00\x00\x09Sel\
ectMod\x01\x03\x00\x00\x00<\x00P\x00r\
\x00o\x00f\x00i\x00l\x00o\x00 \x00i\x00n\
\x00 \x00c\x00u\x00i\x00 \x00c\x00o\x00p\
\x00i\x00a\x00r\x00e\x00 \x00l\x00e\x00 \
\x00m\x00o\x00d\x00:\x08\x00\x00\x00\x00\x06\x00\x00\
\x00\x1aProfile to cop\
y mod(s) to:\x07\x00\x00\x00\
\x0dSelectProfile\x01\x03\
\x00\x00\x00\x10\x00C\x00e\x00r\x00c\x00a\x00.\
\x00.\x00.\x08\x00\x00\x00\x00\x06\x00\x00\x00\x09Se\
arch...\x07\x00\x00\x00\x0dSele\
ctProfile\x01\x03\x00\x00\x00\x08\x00\
N\x00o\x00m\x00e\x08\x00\x00\x00\x00\x06\x00\x00\x00\
\x04Name\x07\x00\x00\x00\x0aTagDis\
play\x01\x03\x00\x00\x00\x06\x00T\x00a\x00g\
\x08\x00\x00\x00\x00\x06\x00\x00\x00\x04Tags\x07\x00\
\x00\x00\x0aTagDisplay\x01\x03\x00\
\x00\x00*\x00A\x00g\x00g\x00i\x00u\x00n\x00\
g\x00i\x00 \x00t\x00a\x00g\x00 \x00a\x00\
l\x00l\x00a\x00 \x00m\x00o\x00d\x08\x00\x00\
\x00\x00\x06\x00\x00\x00\x0eAdd tag t\
o mod\x07\x00\x00\x00\x0aTagHan\
dler\x01\x03\x00\x00\x000\x00R\x00i\x00m\
\x00u\x00o\x00v\x00i\x00 \x00i\x00l\x00 \
\x00t\x00a\x00g\x00 \x00d\x00a\x00l\x00l\
\x00a\x00 \x00m\x00o\x00d\x08\x00\x00\x00\x00\x06\
\x00\x00\x00\x13Remove tag f\
rom mod\x07\x00\x00\x00\x0aTagH\
andler\x01\x03\x00\x00\x00l\x00P\x00e\
\x00r\x00 \x00s\x00p\x00e\x00c\x00i\x00f\
\x00i\x00c\x00a\x00r\x00e\x00 \x00p\x00i\
\x00\xf9\x00 \x00t\x00a\x00g\x00 \x00s\x00e\
\x00p\x00a\x00r\x00a\x00t\x00e\x00l\x00i\
\x00 \x00c\x00o\x00n\x00 \x00u\x00n\x00a\
\x00 \x00v\x00i\x00r\x00g\x00o\x00l\x00a\
\x00  \x1c\x00, \x1d\x08\x00\x00\x00\x00\x06\x00\x00\
\x007To specify mul\
tiple tags seper\
ate them with a \
comma \x22,\x22\x07\x00\x00\x00\x0aTa\
gHandler\x01\x03\x00\x00\x00P\x00(\
\x00Q\x00u\x00e\x00s\x00t\x00a\x00 \x00a\
\x00z\x00i\x00o\x00n\x00e\x00 \x00n\x00o\
\x00n\x00 \x00p\x00u\x00\xf2\x00 \x00e\x00s\
\x00s\x00e\x00r\x00e\x00 \x00a\x00n\x00n\
\x00u\x00l\x00l\x00a\x00t\x00a\x00)\x08\x00\
\x00\x00\x00\x06\x00\x00\x00 (This ac\
tion cannot be r\
eversed)\x07\x00\x00\x00\x09Tag\
Viewer\x01\x03\x00\x00\x00\x8e\x00S\x00i\
\x00e\x00t\x00e\x00 \x00s\x00i\x00c\x00u\
\x00r\x00i\x00 \x00d\x00i\x00 \x00v\x00o\
\x00l\x00e\x00r\x00 \x00c\x00a\x00n\x00c\
\x00e\x00l\x00l\x00a\x00r\x00e\x00 \x00t\
\x00u\x00t\x00t\x00i\x00 \x00i\x00 \x00t\
\x00a\x00g\x00 \x00a\x00s\x00s\x00o\x00c\
\x00i\x00a\x00t\x00i\x00 \x00a\x00l\x00l\
\x00e\x00 \x00v\x00o\x00s\x00t\x00r\x00e\
\x00 \x00m\x00o\x00d\x00?\x08\x00\x00\x00\x00\x06\
\x00\x00\x00JAre you sure\
 you want to del\
ete all of the t\
ags associated w\
ith your mods?\x07\x00\
\x00\x00\x09TagViewer\x01\x03\x00\x00\
\x00,\x00C\x00a\x00n\x00c\x00e\x00l\x00l\
\x00a\x00r\x00e\x00 \x00t\x00u\x00t\x00t\
\x00i\x00 \x00i\x00 \x00t\x00a\x00g\x08\x00\
\x00\x00\x00\x06\x00\x00\x00\x0fDelete a\
ll tags\x07\x00\x00\x00\x09TagV\
iewer\x01\x03\x00\x00\x00*\x00V\x00i\x00\
s\x00u\x00a\x00l\x00i\x00z\x00z\x00a\x00\
t\x00o\x00r\x00e\x00 \x00d\x00i\x00 \x00\
t\x00a\x00g\x08\x00\x00\x00\x00\x06\x00\x00\x00\x0eM\
od Tag Viewer\x07\x00\x00\
\x00\x09TagViewer\x01\x03\x00\x00\x00\
\x18\x00A\x00g\x00g\x00i\x00u\x00n\x00g\x00\
i\x00 \x00t\x00a\x00g\x08\x00\x00\x00\x00\x06\x00\
\x00\x00\x0aAdd Tag(s)\x07\x00\x00\
\x00\x0dTagViewerMenu\x01\
\x03\x00\x00\x00&\x00E\x00l\x00i\x00m\x00i\x00\
n\x00a\x00 \x00t\x00u\x00t\x00t\x00i\x00\
 \x00i\x00 \x00t\x00a\x00g\x08\x00\x00\x00\x00\
\x06\x00\x00\x00\x0fDelete All \
Tags\x07\x00\x00\x00\x0dTagView\
erMenu\x01\x03\x00\x00\x00\x16\x00R\x00i\
\x00m\x00u\x00o\x00v\x00i\x00 \x00t\x00a\
\x00g\x08\x00\x00\x00\x00\x06\x00\x00\x00\x0dRemo\
ve Tag(s)\x07\x00\x00\x00\x0dTa\
gViewerMenu\x01\x03\x00\x00\x00\
$\x00A\x00g\x00g\x00i\x00u\x00n\x00g\x00\
i\x00 \x00s\x00t\x00r\x00u\x00m\x00e\x00\
n\x00t\x00o\x08\x00\x00\x00\x00\x06\x00\x00\x00\x08A\
dd Tool\x07\x00\x00\x00\x0bTool\
Manager\x01\x03\x00\x00\x00\x14\x00E\x00\
s\x00e\x00g\x00u\x00i\x00b\x00i\x00l\x00\
i\x08\x00\x00\x00\x00\x06\x00\x00\x00\x0bExecu\
tables\x07\x00\x00\x00\x0bToolM\
anager\x01\x03\x00\x00\x00B\x00S\x00e\
\x00l\x00e\x00z\x00i\x00o\x00n\x00a\x00r\
\x00e\x00 \x00u\x00n\x00o\x00 \x00s\x00t\
\x00r\x00u\x00m\x00e\x00n\x00t\x00o\x00 \
\x00e\x00s\x00t\x00e\x00r\x00n\x00o\x08\x00\
\x00\x00\x00\x06\x00\x00\x00\x17Select E\
xternal Tool(s)\x07\
\x00\x00\x00\x0bToolManager\x01\
\x03\x00\x00\x00L\x00S\x00i\x00 \x00\xe8\x00 \x00\
v\x00e\x00r\x00i\x00f\x00i\x00c\x00a\x00\
t\x00o\x00 \x00u\x00n\x00 \x00e\x00r\x00\
r\x00o\x00r\x00e\x00 \x00i\x00n\x00 \x00\
u\x00n\x00Z\x00i\x00p\x00M\x00o\x00d\x00\
:\x08\x00\x00\x00\x00\x06\x00\x00\x00 An er\
ror was raised i\
n unZipMod:\x07\x00\x00\x00\x08\
UnZipMod\x01\x03\x00\x00\x00V\x00P\
\x00r\x00o\x00v\x00a\x00r\x00e\x00 \x00p\
\x00r\x00i\x00m\x00a\x00 \x00a\x00 \x00e\
\x00s\x00t\x00r\x00a\x00r\x00r\x00e\x00 \
\x00l\x00a\x00 \x00m\x00o\x00d\x00 \x00m\
\x00a\x00n\x00u\x00a\x00l\x00m\x00e\x00n\
\x00t\x00e\x08\x00\x00\x00\x00\x06\x00\x00\x00%Tr\
y extracting the\
 mod manually fi\
rst\x07\x00\x00\x00\x08UnZipMod\
\x01\x03\x00\x00\x00\x1c\x00D\x00i\x00s\x00i\x00m\
\x00b\x00a\x00l\x00l\x00a\x00g\x00g\x00i\
\x00o\x08\x00\x00\x00\x00\x06\x00\x00\x00\x09Unpa\
cking\x07\x00\x00\x00\x08UnZipM\
od\x01\x03\x00\x00\x00D\x00C\x00o\x00n\x00t\
\x00r\x00o\x00l\x00l\x00o\x00 \x00d\x00e\
\x00i\x00 \x00p\x00e\x00r\x00m\x00e\x00s\
\x00s\x00i\x00 \x00d\x00e\x00i\x00 \x00f\
\x00i\x00l\x00e\x00 \x00d\x00i\x08\x00\x00\x00\
\x00\x06\x00\x00\x00\x1cChecking f\
ile permissions \
of\x07\x00\x00\x00\x06Worker\x01\x03\x00\
\x00\x00P\x00C\x00o\x00n\x00t\x00r\x00o\x00\
l\x00l\x00o\x00 \x00d\x00e\x00i\x00 \x00\
p\x00e\x00r\x00m\x00e\x00s\x00s\x00i\x00\
 \x00d\x00e\x00l\x00l\x00e\x00 \x00c\x00\
a\x00r\x00t\x00e\x00l\x00l\x00e\x00 \x00\
d\x00i\x08\x00\x00\x00\x00\x06\x00\x00\x00\x1eChe\
cking folder per\
missions of\x07\x00\x00\x00\x06\
Worker\x01\x03\x00\x00\x00<\x00C\x00o\
\x00r\x00r\x00e\x00g\x00g\x00e\x00r\x00e\
\x00 \x00l\x00'\x00i\x00n\x00s\x00t\x00a\
\x00l\x00l\x00a\x00z\x00i\x00o\x00n\x00e\
\x00 \x00p\x00e\x00r\x08\x00\x00\x00\x00\x06\x00\x00\
\x00\x12Fixing install\
 for\x07\x00\x00\x00\x06Worker\x01\
\x03\x00\x00\x00\x1e\x00I\x00n\x00s\x00e\x00r\x00\
i\x00s\x00c\x00i\x00 \x00t\x00e\x00s\x00\
t\x00o\x08\x00\x00\x00\x00\x06\x00\x00\x00\x0bIns\
ert text\x07\x00\x00\x00\x0cins\
ertString\x01\x03\x00\x00\x00X\x00\
P\x00r\x00o\x00f\x00i\x00l\x00o\x00:\x00\
 \x00A\x00l\x00c\x00u\x00n\x00e\x00 \x00\
m\x00o\x00d\x00 \x00n\x00o\x00n\x00 \x00\
s\x00o\x00n\x00o\x00 \x00s\x00t\x00a\x00\
t\x00e\x00 \x00a\x00p\x00p\x00l\x00i\x00\
c\x00a\x00t\x00e\x08\x00\x00\x00\x00\x06\x00\x00\x00\
#Profile: Some m\
ods were not app\
lied\x07\x00\x00\x00\x0amodProf\
ile\x01\x03\x00\x00\x00\x88\x00L\x00e\x00 \x00\
s\x00e\x00g\x00u\x00e\x00n\x00t\x00i\x00\
 \x00m\x00o\x00d\x00 \x00n\x00o\x00n\x00\
 \x00s\x00o\x00n\x00o\x00 \x00s\x00t\x00\
a\x00t\x00e\x00 \x00a\x00p\x00p\x00l\x00\
i\x00c\x00a\x00t\x00e\x00 \x00p\x00e\x00\
r\x00c\x00h\x00\xe9\x00 \x00n\x00o\x00n\x00\
 \x00s\x00o\x00n\x00o\x00 \x00i\x00n\x00\
s\x00t\x00a\x00l\x00l\x00a\x00t\x00e\x00\
:\x08\x00\x00\x00\x00\x06\x00\x00\x00CThe f\
ollowing mods we\
re not applied b\
ecause they are \
not installed:\x07\x00\
\x00\x00\x0amodProfile\x01\x03\x00\
\x00\x00.\x00I\x00n\x00s\x00t\x00a\x00l\x00\
l\x00a\x00z\x00i\x00o\x00n\x00e\x00 \x00\
d\x00e\x00l\x00l\x00e\x00 \x00m\x00o\x00\
d\x08\x00\x00\x00\x00\x06\x00\x00\x00\x0fInsta\
lling mods\x07\x00\x00\x00\x0en\
ewModLocation\x01\x03\x00\
\x00\x00B\x00S\x00e\x00l\x00e\x00z\x00i\x00\
o\x00n\x00a\x00 \x00d\x00o\x00v\x00e\x00\
 \x00i\x00n\x00s\x00t\x00a\x00l\x00l\x00\
a\x00r\x00e\x00 \x00l\x00e\x00 \x00m\x00\
o\x00d\x00:\x08\x00\x00\x00\x00\x06\x00\x00\x001P\
lease select whe\
re the mods shou\
ld be installed:\
\x07\x00\x00\x00\x0enewModLocat\
ion\x01\x03\x00\x00\x00V\x00A\x00n\x00n\x00\
u\x00l\x00l\x00a\x00m\x00e\x00n\x00t\x00\
o\x00.\x00.\x00.\x00 \x00(\x00T\x00e\x00\
r\x00m\x00i\x00n\x00a\x00 \x00i\x00l\x00\
 \x00p\x00a\x00s\x00s\x00o\x00 \x00c\x00\
o\x00r\x00r\x00e\x00n\x00t\x00e\x00)\x08\
\x00\x00\x00\x00\x06\x00\x00\x00%Canceli\
ng... (Finishing\
 current step)\x07\x00\
\x00\x00\x0eupdateDetecte\
d\x01\x03\x00\x00\x00j\x00C\x00l\x00i\x00c\x00\
c\x00a\x00 \x00s\x00u\x00 \x00o\x00k\x00\
 \x00p\x00e\x00r\x00 \x00u\x00s\x00c\x00\
i\x00r\x00e\x00 \x00e\x00 \x00a\x00g\x00\
g\x00i\x00o\x00r\x00n\x00a\x00r\x00e\x00\
 \x00M\x00y\x00t\x00h\x00 \x00M\x00o\x00\
d\x00 \x00M\x00a\x00n\x00a\x00g\x00e\x00\
r\x08\x00\x00\x00\x00\x06\x00\x00\x00,Click\
 ok to exit and \
update Myth Mod \
Manager\x07\x00\x00\x00\x0eupda\
teDetected\x01\x03\x00\x00\x00\x22\
\x00V\x00e\x00r\x00s\x00i\x00o\x00n\x00e\
\x00 \x00a\x00t\x00t\x00u\x00a\x00l\x00e\
\x00:\x08\x00\x00\x00\x00\x06\x00\x00\x00\x10Curr\
ent Version:\x07\x00\x00\x00\
\x0eupdateDetected\x01\
\x03\x00\x00\x00*\x00N\x00o\x00n\x00 \x00c\x00\
h\x00i\x00e\x00d\x00e\x00r\x00e\x00 \x00\
d\x00i\x00 \x00n\x00u\x00o\x00v\x00o\x08\
\x00\x00\x00\x00\x06\x00\x00\x00\x10Do not \
ask again\x07\x00\x00\x00\x0eup\
dateDetected\x01\x03\x00\x00\
\x00 \x00V\x00u\x00o\x00i\x00 \x00a\x00g\
\x00g\x00i\x00o\x00r\x00n\x00a\x00r\x00e\
\x00?\x08\x00\x00\x00\x00\x06\x00\x00\x00\x16Do y\
ou want to Updat\
e?\x07\x00\x00\x00\x0eupdateDet\
ected\x01\x03\x00\x00\x00\x0c\x00E\x00r\x00\
r\x00o\x00r\x00e\x08\x00\x00\x00\x00\x06\x00\x00\x00\
\x05Error\x07\x00\x00\x00\x0eupdat\
eDetected\x01\x03\x00\x00\x00.\x00\
I\x00n\x00s\x00t\x00a\x00l\x00l\x00a\x00\
z\x00i\x00o\x00n\x00e\x00 \x00r\x00i\x00\
u\x00s\x00c\x00i\x00t\x00a\x00!\x08\x00\x00\
\x00\x00\x06\x00\x00\x00\x18Installat\
ion Successful!\x07\
\x00\x00\x00\x0eupdateDetect\
ed\x01\x03\x00\x00\x00>\x00T\x00r\x00o\x00v\
\x00a\x00t\x00o\x00 \x00u\x00n\x00 \x00n\
\x00u\x00o\x00v\x00o\x00 \x00a\x00g\x00g\
\x00i\x00o\x00r\x00n\x00a\x00m\x00e\x00n\
\x00t\x00o\x00:\x08\x00\x00\x00\x00\x06\x00\x00\x00\x11\
New update found\
:\x07\x00\x00\x00\x0eupdateDete\
cted\x01\x03\x00\x00\x00.\x00A\x00v\x00v\
\x00i\x00s\x00o\x00 \x00d\x00i\x00 \x00a\
\x00g\x00g\x00i\x00o\x00r\x00n\x00a\x00m\
\x00e\x00n\x00t\x00o\x08\x00\x00\x00\x00\x06\x00\x00\
\x00\x0dUpdate Notice\x07\
\x00\x00\x00\x0eupdateDetect\
ed\x01\x03\x00\x00\x00X\x00V\x00i\x00s\x00u\
\x00a\x00l\x00i\x00z\x00z\x00a\x00 \x00l\
\x00e\x00 \x00n\x00o\x00t\x00e\x00 \x00d\
\x00i\x00 \x00r\x00i\x00l\x00a\x00s\x00c\
\x00i\x00o\x00 \x00s\x00u\x00 \x00g\x00i\
\x00t\x00h\x00u\x00b\x00.\x00c\x00o\x00m\
\x08\x00\x00\x00\x00\x06\x00\x00\x00 View R\
elease Notes on \
github.com\x07\x00\x00\x00\x0eu\
pdateDetected\x01\x88\x00\
\x00\x00\x02\x01\x01\
\x00\x00J\xc0\
<\
\xb8d\x18\xca\xef\x9c\x95\xcd!\x1c\xbf`\xa1\xbd\xddB\
\x00\x00\x05\x10\x00\x00\x07\xaf\x00\x00\x07^\x00\x02\xf5\x05\
\x00\x00/8\x00\x04\xa8\x8b\x00\x00!;\x00\x04\xef\xa5\
\x00\x00\x14\xec\x00\x05@\x93\x00\x00\x1f\xe8\x00\x05@\x93\
\x00\x00&7\x00\x05H5\x00\x00\x17\xbb\x00\x05H5\
\x00\x005\x0f\x00\x05\xa7\xe3\x00\x005:\x00\x05\xc0e\
\x00\x00\x17\xe9\x00 n\x0a\x00\x00,\xc3\x00-\x9b#\
\x00\x008\xa8\x00/\x99#\x00\x009\x95\x00G\x96\xc4\
\x00\x00\x12\xf4\x00Hw9\x00\x00\x1f\x08\x00Kdq\
\x00\x001\x9c\x00L\x99b\x00\x00\x0e\x0b\x00L\x99b\
\x00\x00C\xb1\x00R\xfd\xf4\x00\x00\x22\xf2\x00SY|\
\x00\x00\x17\x0c\x00U\x0d\xff\x00\x00\x09x\x00[f3\
\x00\x00\x13\xc3\x00]\x05y\x00\x00A\x19\x00`\xb7u\
\x00\x00\x15\xbb\x00\x95\x84\xda\x00\x00.\x1f\x00\x97\x92\xb4\
\x00\x00\x10\x18\x00\x97\x96\x04\x00\x00\x16\x91\x00\xaao\x12\
\x00\x008\xf7\x00\xad\xc0\x0a\x00\x00+4\x00\xcd0>\
\x00\x00\x01N\x016\xad\xc1\x00\x00#\x91\x017\xfe\xb2\
\x00\x006(\x01L\x05#\x00\x00 ]\x01X\x11u\
\x00\x00\x13\xf9\x01\xb6\x0b,\x00\x00\x0f\xb2\x01\xcd\x8c\xae\
\x00\x00 \xb7\x02;\x9c,\x00\x00\x0b}\x02}\xb5\x95\
\x00\x00-g\x02\xcc\xfcc\x00\x00\x17?\x02\xe3/b\
\x00\x00\x18\xaf\x02\xfb\xd1T\x00\x00>i\x033\xb5u\
\x00\x00/\xd8\x03]\x7f\x80\x00\x00#\xed\x03k\x81\x09\
\x00\x006\xfe\x03\x84}\x92\x00\x00\x13 \x03\x8e\xc7\x8a\
\x00\x00*\xc9\x03\xd6\x9f+\x00\x0027\x03\xe5\x0e\xdd\
\x00\x00\x19q\x04\x10\x89U\x00\x00 \xf7\x04%<\x15\
\x00\x001\xd6\x04XMJ\x00\x00B\x96\x04l\x1bN\
\x00\x00\x15$\x04y,\x87\x00\x00\x1e\xc4\x04\x98I\xbc\
\x00\x00\x1f9\x04\xac,\xa5\x00\x00\x14?\x04\xbd\xf1\xaa\
\x00\x00$\xac\x04\xc4>D\x00\x00\x0d\x10\x04\xc4y%\
\x00\x00\x14\xb2\x04\xded\x91\x00\x00C\xe5\x04\xeb/\x0a\
\x00\x00\x22\xb6\x04\xf8\xaa\x9f\x00\x007\xa2\x05\x01q\x8a\
\x00\x00\x07\x87\x05-\xd3j\x00\x00\x1e\x0a\x058\xd6j\
\x00\x00!n\x05\x8cF\xc5\x00\x00\x12\xb7\x05\xa3\xe59\
\x00\x009G\x05\xfbc\xc9\x00\x00\x15r\x06\x03e>\
\x00\x00\x00\x00\x06\x1aF\xca\x00\x00>\xff\x06J@\x04\
\x00\x00-\xe2\x06z/\xe5\x00\x00\x1au\x06zD\x17\
\x00\x00<\x94\x06{\x06\x03\x00\x00\x13X\x06\x83AJ\
\x00\x00#\x22\x06\x9a\xf5C\x00\x00 \x22\x06\x9a\xf5C\
\x00\x00+\xd2\x06\xc2\xe0\x14\x00\x000\x81\x06\xeb\xfdv\
\x00\x00<\xcc\x07\x02\x87\xdf\x00\x00\x07\x1f\x07\x87\x8cJ\
\x00\x00\x10\x97\x07\x95\xd0u\x00\x00.r\x07\x9e\xea\xd3\
\x00\x00\x06\x96\x07\xbd\xb2\xe2\x00\x00A\xbb\x07\xd2ju\
\x00\x00.\xeb\x07\xe0\x11*\x00\x004>\x07\xe2\x93\x13\
\x00\x00\x1c\xb9\x08\x05\x0e\x1e\x00\x00B\xeb\x08.\xba\xd5\
\x00\x00\x03\x83\x08<\xaa\xa4\x00\x005\xcc\x08\x8a\x0a\xbe\
\x00\x004\xd2\x09&\xdd:\x00\x00\x1c\xfe\x097\xf54\
\x00\x00>#\x09<%\xb5\x00\x00D\xb2\x09<\xa0\x8e\
\x00\x00\x0a\x8e\x09]\x07\xb3\x00\x00\x13\x8e\x09n\x19\x19\
\x00\x00\x00\xda\x09n\xf6\xdf\x00\x00CH\x09yeG\
\x00\x00\x1d\xbb\x09\x82\x0b\xde\x00\x00'\xa7\x09\x96B>\
\x00\x00\x0aR\x0a+\x85\x80\x00\x00\x05\x8b\x0a=\xc0J\
\x00\x00+\x82\x0a]\x9b\x02\x00\x00%B\x0aeA\xc3\
\x00\x00.\xa5\x0ae\xb2,\x00\x00:G\x0ah\x00\x07\
\x00\x00\x05\xc3\x0aj\xd2\xc9\x00\x00\x11w\x0a\x88+\xe7\
\x00\x00\x08C\x0a\xb1\x05\x98\x00\x00\x12_\x0a\xe0\xee\x84\
\x00\x00\x0d\xa0\x0a\xe1\xf9\x19\x00\x00\x1a\x15\x0b\x09\x07z\
\x00\x00DR\x0b\x09ye\x00\x00\x14s\x0b\x22t]\
\x00\x00\x09\xcd\x0bAj\xa5\x00\x00\x18L\x0b\x5c@\x5c\
\x00\x00\x0f\x0a\x0b\x96\xdc\xaa\x00\x00;]\x0b\xd3\x0e\xf5\
\x00\x000\xc7\x0b\xd4:9\x00\x00\x03\x1e\x0b\xee\xc7\x82\
\x00\x00=\xbe\x0c \xaf\x9f\x00\x00!\xd2\x0c,\xac\xe7\
\x00\x00\x09<\x0c0\xfds\x00\x00\x1a\xd4\x0c>7d\
\x00\x00,\x16\x0cG\x92\xf4\x00\x00\x16\xd1\x0cQ\x0b\xd2\
\x00\x00\x1cl\x0cV\xb4n\x00\x00\x03\xe7\x0ceP\xa3\
\x00\x00(\x1b\x0cj\x8a\x93\x00\x00$b\x0cm_\x93\
\x00\x00$\xff\x0c\x94\x16Z\x00\x00@M\x0c\xc9\xa0\x0e\
\x00\x00\x18\x15\x0c\xe5\x11\xba\x00\x00\x08\x8f\x0c\xebyc\
\x00\x00\x0e=\x0c\xebyc\x00\x00:\x95\x0c\xf6)\xee\
\x00\x000\x22\x0dL\xf4\xd8\x00\x00)\x9e\x0dc\xf3y\
\x00\x009\xe8\x0dl\xcd\xf6\x00\x00=O\x0d\xac\x9c\x19\
\x00\x00:\xe6\x0d\xc4\xc8<\x00\x00\x1fm\x0d\xc4\xc8<\
\x00\x00\x22z\x0d\xd6\xd1\xb4\x00\x005u\x0e/\xbeC\
\x00\x00\x04\xe3\x0e?\xc7\x03\x00\x00?\xf9\x0ee~j\
\x00\x00*l\x0ei\x85\xfe\x00\x00\x06\x01\x0e\x7f\x98Z\
\x00\x002\xa3\x0e\x8c\xfau\x00\x001\x15\x0e\xb0\x1b\x1e\
\x00\x00'M\x0e\xc8a\xa2\x00\x00(\xd8\x0e\xdb#r\
\x00\x00\x16\x01\x0e\xe6W\xe5\x00\x00/\x83\x0e\xfa\x87\xb4\
\x00\x00;\xee\x0f\x0a\x9f\xc9\x00\x00\x11\xe5\x0f\x15\x9f\xdc\
\x00\x00\x0e\x8f\x0f=\xcc?\x00\x00\x0cK\x0fC\xc9\xf4\
\x00\x00&u\x0f\x9bs3\x00\x00\x1f\xa2\x0f\xaa\xa7-\
\x00\x00D\xfe\x0f\xfcx\xc3\x00\x00\x1b#\x0f\xfcx\xc3\
\x00\x002\xf6i\x00\x00E\x8f\x03\x00\x00\x00~\x00V\
\x00o\x00r\x00s\x00c\x00h\x00l\x00\xe4\x00g\
\x00e\x00 \x00s\x00i\x00n\x00d\x00 \x00a\
\x00u\x00f\x00 \x00m\x00o\x00d\x00w\x00o\
\x00r\x00k\x00s\x00h\x00o\x00p\x00.\x00n\
\x00e\x00t\x00 \x00u\x00n\x00d\x00 \x00g\
\x00i\x00t\x00h\x00u\x00b\x00 \x00s\x00e\
\x00h\x00r\x00 \x00w\x00i\x00l\x00l\x00k\
\x00o\x00m\x00m\x00e\x00n\x00.\x08\x00\x00\x00\
\x00\x06\x00\x00\x00BSuggestion\
s are greatly ap\
preciated on mod\
workshop.net and\
 github.\x07\x00\x00\x00\x05Abo\
ut\x01\x03\x00\x00\x00@\x00W\x00o\x00l\x00f\
\x00m\x00y\x00t\x00h\x00s\x00 \x00a\x00u\
\x00f\x00 \x00K\x00o\x00-\x00F\x00i\x00 \
\x00u\x00n\x00t\x00e\x00r\x00s\x00t\x00\xfc\
\x00t\x00z\x00e\x00n\x08\x00\x00\x00\x00\x06\x00\x00\
\x00\x1aSupport Wolfmy\
ths on Ko-Fi\x07\x00\x00\x00\
\x05About\x01\x03\x00\x00\x012\x00D\x00a\
\x00s\x00 \x00Z\x00i\x00e\x00l\x00 \x00d\
\x00i\x00e\x00s\x00e\x00s\x00 \x00P\x00r\
\x00o\x00g\x00r\x00a\x00m\x00m\x00s\x00 \
\x00i\x00s\x00t\x00 \x00e\x00s\x00,\x00 \
\x00d\x00e\x00n\x00 \x00P\x00r\x00o\x00z\
\x00e\x00s\x00s\x00 \x00d\x00e\x00r\x00 \
\x00P\x00A\x00Y\x00D\x00A\x00Y\x00 \x002\
\x00 \x00M\x00o\x00d\x00-\x00V\x00e\x00r\
\x00w\x00a\x00l\x00t\x00u\x00n\x00g\x00 \
\x00z\x00u\x00 \x00r\x00a\x00t\x00i\x00o\
\x00n\x00a\x00l\x00i\x00s\x00i\x00e\x00r\
\x00e\x00n\x00,\x00 \x00o\x00h\x00n\x00e\
\x00 \x00d\x00a\x00s\x00s\x00 \x00m\x00a\
\x00n\x00 \x00m\x00i\x00t\x00 \x00m\x00e\
\x00h\x00r\x00e\x00r\x00e\x00n\x00 \x00D\
\x00a\x00t\x00e\x00i\x00-\x00E\x00x\x00p\
\x00l\x00o\x00r\x00e\x00r\x00n\x00 \x00j\
\x00o\x00n\x00g\x00l\x00i\x00e\x00r\x00e\
\x00n\x00 \x00m\x00u\x00s\x00s\x00.\x08\x00\
\x00\x00\x00\x06\x00\x00\x00\x84The goal\
 of this program\
 is to streamlin\
e the proccess o\
f PAYDAY 2 mod m\
anagment without\
 hassle of juggl\
ing multiple fil\
e explorers.\x07\x00\x00\x00\
\x05About\x01\x03\x00\x00\x004\x00G\x00i\
\x00t\x00h\x00u\x00b\x00-\x00R\x00e\x00p\
\x00o\x00s\x00i\x00t\x00o\x00r\x00y\x00 \
\x00b\x00e\x00s\x00u\x00c\x00h\x00e\x00n\
\x08\x00\x00\x00\x00\x06\x00\x00\x00\x17Visit \
Github Repositor\
y\x07\x00\x00\x00\x05About\x01\x03\x00\x00\x00\
4\x00M\x00o\x00d\x00w\x00o\x00r\x00k\x00\
s\x00h\x00o\x00p\x00-\x00S\x00e\x00i\x00\
t\x00e\x00 \x00b\x00e\x00s\x00u\x00c\x00\
h\x00e\x00n\x08\x00\x00\x00\x00\x06\x00\x00\x00\x16V\
isit Modworkshop\
 Page\x07\x00\x00\x00\x05About\x01\
\x03\x00\x00\x00\xa2\x00i\x00s\x00t\x00 \x00e\x00\
i\x00n\x00 \x00O\x00p\x00e\x00n\x00-\x00\
S\x00o\x00u\x00r\x00c\x00e\x00-\x00M\x00\
o\x00d\x00-\x00M\x00a\x00n\x00a\x00g\x00\
e\x00r\x00 \x00f\x00\xfc\x00r\x00 \x00P\x00\
A\x00Y\x00D\x00A\x00Y\x00 \x002\x00,\x00\
 \x00d\x00e\x00r\x00 \x00v\x00o\x00n\x00\
 \x00W\x00o\x00l\x00f\x00m\x00y\x00t\x00\
h\x00s\x00 \x00e\x00n\x00t\x00w\x00i\x00\
c\x00k\x00e\x00l\x00t\x00 \x00w\x00u\x00\
r\x00d\x00e\x00.\x08\x00\x00\x00\x00\x06\x00\x00\x00\
@is an open-sour\
ce mod manager f\
or PAYDAY 2 crea\
ted by Wolfmyths\
.\x07\x00\x00\x00\x05About\x01\x03\x00\x00\x00\
`\x00B\x00e\x00i\x00m\x00 \x00S\x00i\x00\
c\x00h\x00e\x00r\x00n\x00 \x00v\x00o\x00\
n\x00 \x00M\x00o\x00d\x00s\x00 \x00i\x00\
s\x00t\x00 \x00e\x00i\x00n\x00 \x00F\x00\
e\x00h\x00l\x00e\x00r\x00 \x00a\x00u\x00\
f\x00g\x00e\x00t\x00r\x00e\x00t\x00e\x00\
n\x08\x00\x00\x00\x00\x06\x00\x00\x00)An er\
ror was raised w\
hile backing up \
mods\x07\x00\x00\x00\x0aBackupM\
ods\x01\x03\x00\x00\x00\x12\x00A\x00u\x00f\x00\
r\x00\xe4\x00u\x00m\x00e\x00n\x08\x00\x00\x00\x00\
\x06\x00\x00\x00\x07Cleanup\x07\x00\x00\x00\
\x0aBackupMods\x01\x03\x00\x00\x00\
\x18\x00K\x00o\x00p\x00i\x00e\x00r\x00e\x00\
n\x00 \x00v\x00o\x00n\x08\x00\x00\x00\x00\x06\x00\
\x00\x00\x07Copying\x07\x00\x00\x00\x0aB\
ackupMods\x01\x03\x00\x00\x00Z\x00\
D\x00i\x00e\x00s\x00 \x00k\x00\xf6\x00n\x00\
n\x00t\x00e\x00 \x00e\x00i\x00n\x00i\x00\
g\x00e\x00 \x00Z\x00e\x00i\x00t\x00 \x00\
i\x00n\x00 \x00A\x00n\x00s\x00p\x00r\x00\
u\x00c\x00h\x00 \x00n\x00e\x00h\x00m\x00\
e\x00n\x00.\x00.\x00.\x08\x00\x00\x00\x00\x06\x00\
\x00\x00\x1cThis might ta\
ke some time...\x07\
\x00\x00\x00\x0aBackupMods\x01\x03\
\x00\x00\x00L\x00V\x00a\x00l\x00i\x00d\x00i\
\x00e\x00r\x00u\x00n\x00g\x00 \x00v\x00o\
\x00n\x00 \x00S\x00i\x00c\x00h\x00e\x00r\
\x00u\x00n\x00g\x00s\x00o\x00r\x00d\x00n\
\x00e\x00r\x00p\x00f\x00a\x00d\x00e\x00n\
\x08\x00\x00\x00\x00\x06\x00\x00\x00\x1eValida\
ting backup fold\
er paths\x07\x00\x00\x00\x0aBac\
kupMods\x01\x03\x00\x00\x00\x16\x00Z\x00\
i\x00p\x00p\x00e\x00n\x00 \x00n\x00a\x00\
c\x00h\x08\x00\x00\x00\x00\x06\x00\x00\x00\x0aZip\
ping to\x07\x00\x00\x00\x0aBack\
upMods\x01\x03\x00\x00\x00\x08\x00n\x00a\
\x00c\x00h\x08\x00\x00\x00\x00\x06\x00\x00\x00\x02to\
\x07\x00\x00\x00\x0aBackupMods\x01\
\x03\x00\x00\x00n\x00E\x00s\x00 \x00w\x00u\x00\
r\x00d\x00e\x00 \x00e\x00i\x00n\x00 \x00\
F\x00e\x00h\x00l\x00e\x00r\x00 \x00b\x00\
e\x00i\x00m\x00 \x00\xc4\x00n\x00d\x00e\x00\
r\x00n\x00 \x00d\x00e\x00s\x00 \x00M\x00\
o\x00d\x00-\x00T\x00y\x00p\x00s\x00 \x00\
a\x00u\x00s\x00g\x00e\x00l\x00\xf6\x00s\x00\
t\x00:\x08\x00\x00\x00\x00\x06\x00\x00\x00,An \
error was raised\
 while changing \
mod type:\x07\x00\x00\x00\x0dCh\
angeModType\x01\x03\x00\x00\x00\
 \x00I\x00n\x00s\x00t\x00a\x00l\x00l\x00\
i\x00e\x00r\x00e\x00n\x00 \x00v\x00o\x00\
n\x08\x00\x00\x00\x00\x06\x00\x00\x00\x0aInsta\
lling\x07\x00\x00\x00\x0dChange\
ModType\x01\x03\x00\x00\x00f\x00B\x00\
e\x00i\x00m\x00 \x00L\x00\xf6\x00s\x00c\x00\
h\x00e\x00n\x00 \x00e\x00i\x00n\x00e\x00\
s\x00 \x00M\x00o\x00d\x00s\x00 \x00w\x00\
u\x00r\x00d\x00e\x00 \x00e\x00i\x00n\x00\
 \x00F\x00e\x00h\x00l\x00e\x00r\x00 \x00\
a\x00u\x00s\x00g\x00e\x00l\x00\xf6\x00s\x00\
t\x00:\x08\x00\x00\x00\x00\x06\x00\x00\x00)An \
error was raised\
 while deleting \
a mod:\x07\x00\x00\x00\x09Delet\
eMod\x01\x03\x00\x00\x00\x16\x00L\x00\xf6\x00s\
\x00c\x00h\x00e\x00n\x00 \x00v\x00o\x00n\
\x08\x00\x00\x00\x00\x06\x00\x00\x00\x08Deleti\
ng\x07\x00\x00\x00\x09DeleteMod\
\x01\x03\x00\x00\x00\x22\x00C\x00o\x00u\x00l\x00d\
\x00 \x00n\x00o\x00t\x00 \x00o\x00p\x00e\
\x00n\x00 \x00t\x00o\x08\x00\x00\x00\x00\x06\x00\x00\
\x00\x11Could not open\
 to\x07\x00\x00\x00\x0dErrorChe\
cking\x01\x03\x00\x00\x00L\x00P\x00r\x00\
o\x00g\x00r\x00a\x00m\x00m\x00 \x00k\x00\
o\x00n\x00n\x00t\x00e\x00 \x00n\x00i\x00\
c\x00h\x00t\x00 \x00g\x00e\x00s\x00t\x00\
a\x00r\x00t\x00e\x00t\x00 \x00w\x00e\x00\
r\x00d\x00e\x00n\x08\x00\x00\x00\x00\x06\x00\x00\x00\
\x17Could not start\
 program\x07\x00\x00\x00\x0dErr\
orChecking\x01\x03\x00\x00\x00\x12\
\x00F\x00e\x00h\x00l\x00e\x00r\x00 \x00i\
\x00n\x08\x00\x00\x00\x00\x06\x00\x00\x00\x08Erro\
r in\x07\x00\x00\x00\x0dErrorCh\
ecking\x01\x03\x00\x00\x00\x96\x00B\x00i\
\x00t\x00t\x00e\x00 \x00g\x00e\x00b\x00e\
\x00n\x00 \x00S\x00i\x00e\x00 \x00d\x00e\
\x00n\x00 \x00v\x00o\x00l\x00l\x00s\x00t\
\x00\xe4\x00n\x00d\x00i\x00g\x00e\x00n\x00 \
\x00P\x00f\x00a\x00d\x00 \x00z\x00u\x00 \
\x00d\x00e\x00m\x00 \x00P\x00r\x00o\x00g\
\x00r\x00a\x00m\x00m\x00 \x00a\x00n\x00,\
\x00 \x00d\x00a\x00s\x00 \x00S\x00i\x00e\
\x00 \x00s\x00t\x00a\x00r\x00t\x00e\x00n\
\x00.\x08\x00\x00\x00\x00\x06\x00\x00\x007Plea\
se use a full pa\
th to the progra\
m you are starti\
ng.\x07\x00\x00\x00\x0dErrorChe\
cking\x01\x03\x00\x00\x00\x80\x00B\x00e\x00\
i\x00m\x00 \x00S\x00t\x00a\x00r\x00t\x00\
e\x00n\x00 \x00e\x00i\x00n\x00e\x00s\x00\
 \x00e\x00x\x00t\x00e\x00r\x00n\x00e\x00\
n\x00 \x00W\x00e\x00r\x00k\x00z\x00e\x00\
u\x00g\x00s\x00 \x00i\x00s\x00t\x00 \x00\
e\x00i\x00n\x00 \x00F\x00e\x00h\x00l\x00\
e\x00r\x00 \x00a\x00u\x00f\x00g\x00e\x00\
t\x00r\x00e\x00t\x00e\x00n\x08\x00\x00\x00\x00\
\x06\x00\x00\x00-An error wa\
s raised startin\
g an external to\
ol\x07\x00\x00\x00\x0cExternalT\
ool\x01\x03\x00\x00\x00v\x00S\x00i\x00n\x00\
d\x00 \x00S\x00i\x00e\x00 \x00s\x00i\x00\
c\x00h\x00e\x00r\x00,\x00 \x00d\x00a\x00\
s\x00s\x00 \x00S\x00i\x00e\x00 \x00d\x00\
i\x00e\x00s\x00e\x00 \x00V\x00e\x00r\x00\
k\x00n\x00\xfc\x00p\x00f\x00u\x00n\x00g\x00\
 \x00l\x00\xf6\x00s\x00c\x00h\x00e\x00n\x00\
 \x00w\x00o\x00l\x00l\x00e\x00n\x00?\x08\
\x00\x00\x00\x00\x06\x00\x00\x00.Are you\
 sure you want t\
o delete this sh\
ortcut?\x07\x00\x00\x00\x0cExte\
rnalTool\x01\x03\x00\x00\x00R\x00V\
\x00e\x00r\x00k\x00n\x00\xfc\x00p\x00f\x00u\
\x00n\x00g\x00 \x00m\x00i\x00t\x00 \x00e\
\x00x\x00t\x00e\x00r\x00n\x00e\x00m\x00 \
\x00W\x00e\x00r\x00k\x00z\x00e\x00u\x00g\
\x00 \x00l\x00\xf6\x00s\x00c\x00h\x00e\x00n\
\x08\x00\x00\x00\x00\x06\x00\x00\x00\x1dDelete\
 external tool s\
hortcut\x07\x00\x00\x00\x0cExte\
rnalTool\x01\x03\x00\x00\x006\x00W\
\x00e\x00r\x00k\x00z\x00e\x00u\x00g\x00v\
\x00e\x00r\x00k\x00n\x00\xfc\x00p\x00f\x00u\
\x00n\x00g\x00 \x00l\x00\xf6\x00s\x00c\x00h\
\x00e\x00n\x08\x00\x00\x00\x00\x06\x00\x00\x00\x14De\
lete tool shortc\
ut\x07\x00\x00\x00\x0cExternalT\
ool\x01\x03\x00\x00\x00\x0c\x00F\x00e\x00h\x00\
l\x00e\x00r\x08\x00\x00\x00\x00\x06\x00\x00\x00\x05E\
rror\x07\x00\x00\x00\x0cExterna\
lTool\x01\x03\x00\x00\x00&\x00A\x00u\x00\
s\x00f\x00\xfc\x00h\x00r\x00b\x00a\x00r\x00\
e\x00 \x00D\x00a\x00t\x00e\x00i\x00e\x00\
n\x08\x00\x00\x00\x00\x06\x00\x00\x00\x0bExecu\
tables\x07\x00\x00\x00\x0cExter\
nalTool\x01\x03\x00\x00\x00B\x00N\x00\
e\x00u\x00e\x00s\x00 \x00e\x00x\x00t\x00\
e\x00r\x00n\x00e\x00s\x00 \x00W\x00e\x00\
r\x00k\x00z\x00e\x00u\x00g\x00 \x00a\x00\
u\x00s\x00w\x00\xe4\x00h\x00l\x00e\x00n\x08\
\x00\x00\x00\x00\x06\x00\x00\x00\x18Select \
new external too\
l\x07\x00\x00\x00\x0cExternalTo\
ol\x01\x03\x00\x00\x00b\x00S\x00e\x00t\x00z\
\x00e\x00n\x00 \x00S\x00i\x00e\x00 \x00d\
\x00e\x00n\x00 \x00S\x00l\x00o\x00t\x00 \
\x00a\x00u\x00f\x00 \x00e\x00i\x00n\x00 \
\x00a\x00n\x00d\x00e\x00r\x00e\x00s\x00 \
\x00e\x00x\x00t\x00e\x00r\x00n\x00e\x00s\
\x00 \x00T\x00o\x00o\x00l\x08\x00\x00\x00\x00\x06\
\x00\x00\x00%Set slot to \
a different exte\
rnal tool\x07\x00\x00\x00\x0cEx\
ternalTool\x01\x03\x00\x00\x002\
\x00E\x00x\x00t\x00e\x00r\x00n\x00e\x00s\
\x00 \x00W\x00e\x00r\x00k\x00z\x00e\x00u\
\x00g\x00 \x00s\x00t\x00a\x00r\x00t\x00e\
\x00n\x08\x00\x00\x00\x00\x06\x00\x00\x00\x13Star\
t external tool\x07\
\x00\x00\x00\x0cExternalTool\
\x01\x03\x00\x00\x00>\x00D\x00o\x00p\x00p\x00e\
\x00l\x00t\x00e\x00 \x00V\x00e\x00r\x00k\
\x00n\x00\xfc\x00p\x00f\x00u\x00n\x00g\x00e\
\x00n\x00 \x00g\x00e\x00f\x00u\x00n\x00d\
\x00e\x00n\x08\x00\x00\x00\x00\x06\x00\x00\x00\x19Du\
plicate shortcut\
s found\x07\x00\x00\x00\x13Exte\
rnalToolDisplay\x01\
\x03\x00\x00\x00\x84\x00V\x00e\x00r\x00k\x00n\x00\
\xfc\x00p\x00f\x00u\x00n\x00g\x00e\x00n\x00\
 \x00w\x00u\x00r\x00d\x00e\x00n\x00 \x00\
n\x00i\x00c\x00h\x00t\x00 \x00h\x00i\x00\
n\x00z\x00u\x00g\x00e\x00f\x00\xfc\x00g\x00\
t\x00,\x00 \x00d\x00a\x00 \x00s\x00i\x00\
e\x00 \x00b\x00e\x00r\x00e\x00i\x00t\x00\
s\x00 \x00e\x00x\x00i\x00s\x00t\x00i\x00\
e\x00r\x00e\x00n\x00:\x08\x00\x00\x00\x00\x06\x00\
\x00\x004Shortcuts wer\
e not added beca\
use they already\
 exist:\x07\x00\x00\x00\x13Exte\
rnalToolDisplay\x01\
\x03\x00\x00\x002\x00P\x00A\x00Y\x00D\x00A\x00\
Y\x00 \x002\x00 \x00S\x00p\x00i\x00e\x00\
l\x00v\x00e\x00r\x00z\x00e\x00i\x00c\x00\
h\x00n\x00i\x00s\x08\x00\x00\x00\x00\x06\x00\x00\x00\
\x17PAYDAY 2 Game D\
irectory\x07\x00\x00\x00\x10Gam\
ePathNotFound\x01\x03\x00\
\x00\x00<\x00P\x00A\x00Y\x00D\x00A\x00Y\x00\
 \x002\x00 \x00V\x00e\x00r\x00z\x00e\x00\
i\x00c\x00h\x00n\x00i\x00s\x00 \x00a\x00\
u\x00s\x00w\x00\xe4\x00h\x00l\x00e\x00n\x08\
\x00\x00\x00\x00\x06\x00\x00\x00\x19Select \
PAYDAY 2 Directo\
ry\x07\x00\x00\x00\x10GamePathN\
otFound\x01\x03\x00\x00\x00&\x00S\x00\
p\x00i\x00e\x00l\x00p\x00f\x00a\x00d\x00\
 \x00f\x00e\x00s\x00t\x00l\x00e\x00g\x00\
e\x00n\x08\x00\x00\x00\x00\x06\x00\x00\x00\x0dSet\
 game path\x07\x00\x00\x00\x10G\
amePathNotFound\x01\
\x03\x00\x00\x00\x12\x00e\x00n\x00t\x00f\x00e\x00\
r\x00n\x00e\x00n\x08\x00\x00\x00\x00\x06\x00\x00\x00\
\x06Remove\x07\x00\x00\x00\x10Igno\
redModsQMenu\x01\x03\x00\x00\
\x00\x08\x00\xdc\x00b\x00e\x00r\x08\x00\x00\x00\x00\x06\
\x00\x00\x00\x05About\x07\x00\x00\x00\x0aMa\
inWindow\x01\x03\x00\x00\x00\x12\x00V\
\x00e\x00r\x00w\x00a\x00l\x00t\x00e\x00r\
\x08\x00\x00\x00\x00\x06\x00\x00\x00\x07Manage\
r\x07\x00\x00\x00\x0aMainWindow\
\x01\x03\x00\x00\x00\x10\x00O\x00p\x00t\x00i\x00o\
\x00n\x00e\x00n\x08\x00\x00\x00\x00\x06\x00\x00\x00\x07\
Options\x07\x00\x00\x00\x0aMain\
Window\x01\x03\x00\x00\x00\x0e\x00P\x00r\
\x00o\x00f\x00i\x00l\x00e\x08\x00\x00\x00\x00\x06\
\x00\x00\x00\x08Profiles\x07\x00\x00\x00\
\x0aMainWindow\x01\x03\x00\x00\x00\
\x12\x00W\x00e\x00r\x00k\x00z\x00e\x00u\x00\
g\x00e\x08\x00\x00\x00\x00\x06\x00\x00\x00\x05Too\
ls\x07\x00\x00\x00\x0aMainWindo\
w\x01\x03\x00\x00\x00\x1a\x00U\x00p\x00d\x00a\x00\
t\x00e\x00 \x00p\x00r\x00\xfc\x00f\x00e\x00\
n\x08\x00\x00\x00\x00\x06\x00\x00\x00\x0cCheck\
 Update\x07\x00\x00\x00\x0bMana\
gerMenu\x01\x03\x00\x00\x00\x0e\x00L\x00\
\xf6\x00s\x00c\x00h\x00e\x00n\x08\x00\x00\x00\x00\
\x06\x00\x00\x00\x06Delete\x07\x00\x00\x00\x0b\
ManagerMenu\x01\x03\x00\x00\x00\
\x18\x00D\x00e\x00a\x00k\x00t\x00i\x00v\x00\
i\x00e\x00r\x00e\x00n\x08\x00\x00\x00\x00\x06\x00\
\x00\x00\x07Disable\x07\x00\x00\x00\x0bM\
anagerMenu\x01\x03\x00\x00\x00\x14\
\x00A\x00k\x00t\x00i\x00v\x00i\x00e\x00r\
\x00e\x00n\x08\x00\x00\x00\x00\x06\x00\x00\x00\x06En\
able\x07\x00\x00\x00\x0bManager\
Menu\x01\x03\x00\x00\x00\x14\x00A\x00u\x00s\
\x00b\x00l\x00e\x00n\x00d\x00e\x00n\x08\x00\
\x00\x00\x00\x06\x00\x00\x00\x04Hide\x07\x00\x00\x00\
\x0bManagerMenu\x01\x03\x00\x00\
\x00 \x00O\x00r\x00d\x00n\x00e\x00r\x00 \
\x00\xf6\x00f\x00f\x00n\x00e\x00n\x00.\x00.\
\x00.\x08\x00\x00\x00\x00\x06\x00\x00\x00\x0eOpen\
 Folder...\x07\x00\x00\x00\x0bM\
anagerMenu\x01\x03\x00\x00\x00\x1e\
\x00T\x00a\x00g\x00(\x00s\x00)\x00 \x00a\
\x00n\x00z\x00e\x00i\x00g\x00e\x00n\x08\x00\
\x00\x00\x00\x06\x00\x00\x00\x0bView Tag\
(s)\x07\x00\x00\x00\x0bManagerM\
enu\x01\x03\x00\x00\x00\x1c\x00S\x00e\x00i\x00\
t\x00e\x00 \x00b\x00e\x00s\x00u\x00c\x00\
h\x00e\x00n\x08\x00\x00\x00\x00\x06\x00\x00\x00\x0aV\
isit Page\x07\x00\x00\x00\x0bMa\
nagerMenu\x01\x03\x00\x00\x00N\x00\
E\x00s\x00 \x00w\x00u\x00r\x00d\x00e\x00\
 \x00e\x00i\x00n\x00e\x00 \x00n\x00e\x00\
u\x00e\x00 \x00V\x00e\x00r\x00s\x00i\x00\
o\x00n\x00 \x00g\x00e\x00f\x00u\x00n\x00\
d\x00e\x00n\x00 \x00f\x00\xfc\x00r\x08\x00\x00\
\x00\x00\x06\x00\x00\x00 A new ver\
sion has been fo\
und for\x07\x00\x00\x00\x0dModL\
istWidget\x01\x03\x00\x00\x00\x16\x00\
D\x00e\x00a\x00k\x00t\x00i\x00v\x00i\x00\
e\x00r\x00t\x08\x00\x00\x00\x00\x06\x00\x00\x00\x08D\
isabled\x07\x00\x00\x00\x0dModL\
istWidget\x01\x03\x00\x00\x00\x12\x00\
A\x00k\x00t\x00i\x00v\x00i\x00e\x00r\x00\
t\x08\x00\x00\x00\x00\x06\x00\x00\x00\x07Enabl\
ed\x07\x00\x00\x00\x0dModListWi\
dget\x01\x03\x00\x00\x00\x0c\x00L\x00o\x00k\
\x00a\x00l\x00e\x08\x00\x00\x00\x00\x06\x00\x00\x00\x05\
Local\x07\x00\x00\x00\x0dModLis\
tWidget\x01\x03\x00\x00\x00B\x00E\x00\
r\x00g\x00e\x00b\x00n\x00i\x00s\x00s\x00\
e\x00 \x00d\x00e\x00r\x00 \x00M\x00o\x00\
d\x00-\x00U\x00p\x00d\x00a\x00t\x00e\x00\
-\x00P\x00r\x00\xfc\x00f\x00u\x00n\x00g\x08\
\x00\x00\x00\x00\x06\x00\x00\x00\x18Mod Upd\
ate Check Result\
s\x07\x00\x00\x00\x0dModListWid\
get\x01\x03\x00\x00\x00\x08\x00N\x00a\x00m\x00\
e\x08\x00\x00\x00\x00\x06\x00\x00\x00\x04Name\x07\
\x00\x00\x00\x0dModListWidge\
t\x01\x03\x00\x00\x00\x06\x00T\x00y\x00p\x08\x00\x00\
\x00\x00\x06\x00\x00\x00\x04Type\x07\x00\x00\x00\x0d\
ModListWidget\x01\x03\x00\
\x00\x00\x0e\x00V\x00e\x00r\x00s\x00i\x00o\x00\
n\x08\x00\x00\x00\x00\x06\x00\x00\x00\x07Versi\
on\x07\x00\x00\x00\x0dModListWi\
dget\x01\x03\x00\x00\x004\x00i\x00s\x00t\
\x00 \x00a\x00u\x00f\x00 \x00d\x00e\x00m\
\x00 \x00n\x00e\x00u\x00e\x00s\x00t\x00e\
\x00n\x00 \x00S\x00t\x00a\x00n\x00d\x08\x00\
\x00\x00\x00\x06\x00\x00\x00\x0dis up to\
 date\x07\x00\x00\x00\x0dModLis\
tWidget\x01\x03\x00\x00\x00z\x00B\x00\
e\x00i\x00m\x00 \x00V\x00e\x00r\x00s\x00\
u\x00c\x00h\x00,\x00 \x00P\x00A\x00Y\x00\
D\x00A\x00Y\x00 \x002\x00 \x00z\x00u\x00\
 \x00s\x00t\x00a\x00r\x00t\x00e\x00n\x00\
,\x00 \x00i\x00s\x00t\x00 \x00e\x00i\x00\
n\x00 \x00F\x00e\x00h\x00l\x00e\x00r\x00\
 \x00a\x00u\x00f\x00g\x00e\x00t\x00r\x00\
e\x00t\x00e\x00n\x08\x00\x00\x00\x00\x06\x00\x00\x00\
)An error occure\
d trying to star\
t PAYDAY 2\x07\x00\x00\x00\x0aM\
odManager\x01\x03\x00\x00\x00d\x00\
P\x00A\x00Y\x00D\x00A\x00Y\x00 \x002\x00\
 \x00k\x00o\x00n\x00n\x00t\x00e\x00 \x00\
n\x00i\x00c\x00h\x00t\x00 \x00v\x00o\x00\
m\x00 \x00M\x00M\x00M\x00 \x00a\x00u\x00\
s\x00 \x00g\x00e\x00s\x00t\x00a\x00r\x00\
t\x00e\x00t\x00 \x00w\x00e\x00r\x00d\x00\
e\x00n\x08\x00\x00\x00\x00\x06\x00\x00\x00!Cou\
ld not start PAY\
DAY 2 from MMM\x07\x00\
\x00\x00\x0aModManager\x01\x03\x00\
\x00\x00.\x00S\x00p\x00i\x00e\x00l\x00v\x00\
e\x00r\x00z\x00e\x00i\x00c\x00h\x00n\x00\
i\x00s\x00 \x00\xf6\x00f\x00f\x00n\x00e\x00\
n\x08\x00\x00\x00\x00\x06\x00\x00\x00\x13Open \
Game Directory\x07\x00\
\x00\x00\x0aModManager\x01\x03\x00\
\x00\x00,\x00P\x00f\x00a\x00d\x00 \x00i\x00\
s\x00t\x00 \x00n\x00i\x00c\x00h\x00t\x00\
 \x00a\x00b\x00s\x00o\x00l\x00u\x00t\x08\
\x00\x00\x00\x00\x06\x00\x00\x00\x14Path is\
 not absolute\x07\x00\x00\
\x00\x0aModManager\x01\x03\x00\x00\
\x00$\x00M\x00o\x00d\x00s\x00 \x00a\x00k\
\x00t\x00u\x00a\x00l\x00i\x00s\x00i\x00e\
\x00r\x00e\x00n\x08\x00\x00\x00\x00\x06\x00\x00\x00\x0c\
Refresh Mods\x07\x00\x00\x00\
\x0aModManager\x01\x03\x00\x00\x00\
\xd2\x00S\x00u\x00c\x00h\x00e\x00.\x00.\x00\
.\x00 \x00b\x00e\x00n\x00u\x00t\x00z\x00\
e\x00  \x1e\x00t\x00a\x00g\x00: \x1c\x00\
 \x00o\x00h\x00n\x00e\x00 \x00L\x00e\x00\
e\x00r\x00z\x00e\x00i\x00c\x00h\x00e\x00\
n\x00 \x00u\x00m\x00 \x00n\x00a\x00c\x00\
h\x00 \x00T\x00a\x00g\x00s\x00 \x00z\x00\
u\x00 \x00s\x00u\x00c\x00h\x00e\x00n\x00\
,\x00 \x00b\x00e\x00n\x00u\x00t\x00z\x00\
e\x00 \x00e\x00i\x00n\x00 \x00K\x00o\x00\
m\x00m\x00a\x00  \x1e\x00, \x1c\x00 \x00\
u\x00m\x00 \x00T\x00a\x00g\x00s\x00 \x00\
z\x00u\x00 \x00t\x00r\x00e\x00n\x00n\x00\
e\x00n\x08\x00\x00\x00\x00\x06\x00\x00\x00XSea\
rch... use \x22tag:\
\x22 with no spaces\
 to search for t\
ags, use a comma\
 \x22,\x22 to seperate\
 tags\x07\x00\x00\x00\x0aModMan\
ager\x01\x03\x00\x00\x00 \x00P\x00A\x00Y\
\x00D\x00A\x00Y\x00 \x002\x00 \x00s\x00t\
\x00a\x00r\x00t\x00e\x00n\x08\x00\x00\x00\x00\x06\
\x00\x00\x00\x0eStart PAYDAY\
 2\x07\x00\x00\x00\x0aModManage\
r\x01\x03\x00\x00\x00\x1c\x00M\x00o\x00d\x00s\x00\
 \x00i\x00n\x00s\x00g\x00e\x00s\x00a\x00\
m\x00t\x08\x00\x00\x00\x00\x06\x00\x00\x00\x0aTot\
al Mods\x07\x00\x00\x00\x0aModM\
anager\x01\x03\x00\x00\x00p\x00B\x00e\
\x00i\x00m\x00 \x00D\x00e\x00a\x00k\x00t\
\x00i\x00v\x00i\x00e\x00r\x00e\x00n\x00 \
\x00e\x00i\x00n\x00e\x00s\x00 \x00M\x00o\
\x00d\x00s\x00 \x00i\x00s\x00t\x00 \x00e\
\x00i\x00n\x00 \x00F\x00e\x00h\x00l\x00e\
\x00r\x00 \x00a\x00u\x00f\x00g\x00e\x00t\
\x00r\x00e\x00t\x00e\x00n\x00:\x08\x00\x00\x00\
\x00\x06\x00\x00\x00'An error o\
ccured while dis\
abling a mod:\x07\x00\x00\
\x00\x11MoveToDisabled\
Dir\x01\x03\x00\x00\x00 \x00D\x00e\x00a\x00\
k\x00t\x00i\x00v\x00i\x00e\x00r\x00e\x00\
n\x00 \x00v\x00o\x00n\x08\x00\x00\x00\x00\x06\x00\
\x00\x00\x09Disabling\x07\x00\x00\x00\
\x11MoveToDisabledD\
ir\x01\x03\x00\x00\x00l\x00B\x00e\x00i\x00m\
\x00 \x00A\x00k\x00t\x00i\x00v\x00i\x00e\
\x00r\x00e\x00n\x00 \x00e\x00i\x00n\x00e\
\x00s\x00 \x00M\x00o\x00d\x00s\x00 \x00i\
\x00s\x00t\x00 \x00e\x00i\x00n\x00 \x00F\
\x00e\x00h\x00l\x00e\x00r\x00 \x00a\x00u\
\x00f\x00g\x00e\x00t\x00r\x00e\x00t\x00e\
\x00n\x00:\x08\x00\x00\x00\x00\x06\x00\x00\x00&An\
 error occured w\
hile enabling a \
mod:\x07\x00\x00\x00\x13MoveToE\
nabledModDir\x01\x03\x00\x00\
\x00\x14\x00A\x00k\x00t\x00i\x00v\x00i\x00e\
\x00r\x00e\x00n\x08\x00\x00\x00\x00\x06\x00\x00\x00\x08\
Enabling\x07\x00\x00\x00\x13Mov\
eToEnabledModDir\
\x01\x03\x00\x00\x00\x10\x00a\x00n\x00w\x00e\x00n\
\x00d\x00e\x00n\x08\x00\x00\x00\x00\x06\x00\x00\x00\x05\
Apply\x07\x00\x00\x00\x07Option\
s\x01\x03\x00\x00\x00\x12\x00A\x00b\x00b\x00r\x00\
e\x00c\x00h\x00e\x00n\x08\x00\x00\x00\x00\x06\x00\
\x00\x00\x06Cancel\x07\x00\x00\x00\x07Op\
tions\x01\x03\x00\x00\x00\x12\x00A\x00l\x00\
l\x00g\x00e\x00m\x00e\x00i\x00n\x08\x00\x00\
\x00\x00\x06\x00\x00\x00\x07General\x07\x00\
\x00\x00\x07Options\x01\x03\x00\x00\x00\x1e\
\x00I\x00g\x00n\x00o\x00r\x00i\x00e\x00r\
\x00t\x00e\x00 \x00M\x00o\x00d\x00s\x08\x00\
\x00\x00\x00\x06\x00\x00\x00\x0cIgnored \
Mods\x07\x00\x00\x00\x07Options\
\x01\x03\x00\x00\x00\x1a\x00V\x00e\x00r\x00s\x00c\
\x00h\x00i\x00e\x00d\x00e\x00n\x00e\x00s\
\x08\x00\x00\x00\x00\x06\x00\x00\x00\x04Misc\x07\x00\
\x00\x00\x07Options\x01\x03\x00\x00\x00\x16\
\x00A\x00b\x00k\x00\xfc\x00r\x00z\x00u\x00n\
\x00g\x00e\x00n\x08\x00\x00\x00\x00\x06\x00\x00\x00\x09\
Shortcuts\x07\x00\x00\x00\x07Op\
tions\x01\x03\x00\x00\x00&\x00N\x00a\x00\
c\x00h\x00 \x00U\x00p\x00d\x00a\x00t\x00\
e\x00s\x00 \x00s\x00u\x00c\x00h\x00e\x00\
n\x08\x00\x00\x00\x00\x06\x00\x00\x00\x11Check\
 for updates\x07\x00\x00\x00\
\x0eOptionsGeneral\x01\
\x03\x00\x00\x00\x12\x00P\x00r\x00\xfc\x00f\x00e\x00\
n\x00.\x00.\x00.\x08\x00\x00\x00\x00\x06\x00\x00\x00\
\x0bChecking...\x07\x00\x00\x00\
\x0eOptionsGeneral\x01\
\x03\x00\x00\x00\x16\x00F\x00a\x00r\x00b\x00e\x00\
 \x00T\x00h\x00e\x00m\x00a\x08\x00\x00\x00\x00\
\x06\x00\x00\x00\x0bColor Theme\
\x07\x00\x00\x00\x0eOptionsGene\
ral\x01\x03\x00\x00\x00\x0c\x00D\x00u\x00n\x00\
k\x00e\x00l\x08\x00\x00\x00\x00\x06\x00\x00\x00\x04D\
ark\x07\x00\x00\x00\x0eOptionsG\
eneral\x01\x03\x00\x00\x00.\x00D\x00e\
\x00a\x00k\x00t\x00i\x00v\x00i\x00e\x00r\
\x00t\x00e\x00 \x00M\x00o\x00d\x00s\x00 \
\x00P\x00f\x00a\x00d\x00:\x08\x00\x00\x00\x00\x06\
\x00\x00\x00\x13Disabled Mod\
s Path:\x07\x00\x00\x00\x0eOpti\
onsGeneral\x01\x03\x00\x00\x00f\
\x00F\x00e\x00h\x00l\x00e\x00r\x00:\x00 \
\x00P\x00r\x00o\x00t\x00o\x00k\x00o\x00l\
\x00l\x00e\x00 \x00f\x00\xfc\x00r\x00 \x00w\
\x00e\x00i\x00t\x00e\x00r\x00e\x00 \x00I\
\x00n\x00f\x00o\x00r\x00m\x00a\x00t\x00i\
\x00o\x00n\x00e\x00n\x00 \x00p\x00r\x00\xfc\
\x00f\x00e\x00n\x08\x00\x00\x00\x00\x06\x00\x00\x00\x1f\
Error: Check log\
s for more info\x07\
\x00\x00\x00\x0eOptionsGener\
al\x01\x03\x00\x00\x00\x12\x00A\x00l\x00l\x00g\
\x00e\x00m\x00e\x00i\x00n\x08\x00\x00\x00\x00\x06\
\x00\x00\x00\x07General\x07\x00\x00\x00\x0e\
OptionsGeneral\x01\x03\
\x00\x00\x00\x10\x00S\x00p\x00r\x00a\x00c\x00h\
\x00e\x00:\x08\x00\x00\x00\x00\x06\x00\x00\x00\x09La\
nguage:\x07\x00\x00\x00\x0eOpti\
onsGeneral\x01\x03\x00\x00\x00\x08\
\x00H\x00e\x00l\x00l\x08\x00\x00\x00\x00\x06\x00\x00\
\x00\x05Light\x07\x00\x00\x00\x0eOpti\
onsGeneral\x01\x03\x00\x00\x004\
\x00P\x00a\x00y\x00d\x00a\x00y\x00 \x002\
\x00 \x00S\x00p\x00i\x00e\x00l\x00v\x00e\
\x00r\x00z\x00e\x00i\x00c\x00h\x00n\x00i\
\x00s\x00:\x08\x00\x00\x00\x00\x06\x00\x00\x00\x18Pa\
yday 2 Game Dire\
ctory:\x07\x00\x00\x00\x0eOptio\
nsGeneral\x01\x03\x00\x00\x00.\x00\
A\x00u\x00f\x00 \x00d\x00e\x00m\x00 \x00\
n\x00e\x00u\x00e\x00s\x00t\x00e\x00n\x00\
 \x00S\x00t\x00a\x00n\x00d\x00!\x08\x00\x00\
\x00\x00\x06\x00\x00\x00\x0bUp to dat\
e!\x07\x00\x00\x00\x0eOptionsGe\
neral\x01\x03\x00\x00\x00:\x00U\x00p\x00\
d\x00a\x00t\x00e\x00-\x00W\x00a\x00r\x00\
n\x00u\x00n\x00g\x00e\x00n\x00 \x00b\x00\
e\x00i\x00m\x00 \x00S\x00t\x00a\x00r\x00\
t\x00e\x00n\x08\x00\x00\x00\x00\x06\x00\x00\x00\x18U\
pdate alerts on \
startup\x07\x00\x00\x00\x0eOpti\
onsGeneral\x01\x03\x00\x00\x00 \
\x00A\x00k\x00t\x00u\x00a\x00l\x00i\x00s\
\x00i\x00e\x00r\x00u\x00n\x00g\x00e\x00n\
\x08\x00\x00\x00\x00\x06\x00\x00\x00\x07Update\
s\x07\x00\x00\x00\x0eOptionsGen\
eral\x01\x03\x00\x00\x00 \x00V\x00e\x00r\
\x00s\x00t\x00e\x00c\x00k\x00t\x00e\x00 \
\x00M\x00o\x00d\x00s\x00:\x08\x00\x00\x00\x00\x06\
\x00\x00\x00\x0cHidden Mods:\
\x07\x00\x00\x00\x12OptionsIgno\
redMods\x01\x03\x00\x00\x00\x18\x00M\x00\
o\x00d\x00s\x00 \x00s\x00i\x00c\x00h\x00\
e\x00r\x00n\x08\x00\x00\x00\x00\x06\x00\x00\x00\x0bB\
ackup Mods\x07\x00\x00\x00\x0bO\
ptionsMisc\x01\x03\x00\x00\x00\x92\
\x00K\x00o\x00p\x00i\x00e\x00r\x00t\x00 \
\x00u\x00n\x00d\x00 \x00k\x00o\x00m\x00p\
\x00r\x00i\x00m\x00i\x00e\x00r\x00t\x00 \
\x00a\x00l\x00l\x00e\x00 \x00I\x00h\x00r\
\x00e\x00 \x00M\x00o\x00d\x00s\x00 \x00i\
\x00n\x00 \x00d\x00e\x00n\x00 \x00I\x00n\
\x00s\x00t\x00a\x00l\x00l\x00a\x00t\x00i\
\x00o\x00n\x00s\x00o\x00r\x00d\x00n\x00e\
\x00r\x00 \x00v\x00o\x00n\x00 \x00M\x00M\
\x00M\x08\x00\x00\x00\x00\x06\x00\x00\x00CCopi\
es and compresse\
s all of your mo\
ds to MMM's inst\
allation folder\x07\
\x00\x00\x00\x0bOptionsMisc\x01\
\x03\x00\x00\x00\x1a\x00V\x00e\x00r\x00s\x00c\x00\
h\x00i\x00e\x00d\x00e\x00n\x00e\x00s\x08\
\x00\x00\x00\x00\x06\x00\x00\x00\x04Misc\x07\x00\x00\
\x00\x0bOptionsMisc\x01\x03\x00\
\x00\x00\x88\x00M\x00y\x00t\x00h\x00 \x00M\x00\
o\x00d\x00 \x00M\x00a\x00n\x00a\x00g\x00\
e\x00r\x00:\x00 \x00V\x00a\x00n\x00i\x00\
l\x00l\x00a\x00-\x00A\x00b\x00s\x00t\x00\
u\x00r\x00z\x00p\x00r\x00o\x00t\x00o\x00\
k\x00o\x00l\x00l\x00e\x00 \x00w\x00e\x00\
r\x00d\x00e\x00n\x00 \x00n\x00i\x00c\x00\
h\x00t\x00 \x00u\x00n\x00t\x00e\x00r\x00\
s\x00t\x00\xfc\x00t\x00z\x00t\x08\x00\x00\x00\x00\
\x06\x00\x00\x000Myth Mod Ma\
nager: Vanilla c\
rash logs unsupp\
orted\x07\x00\x00\x00\x0bOption\
sMisc\x01\x03\x00\x00\x00(\x00C\x00r\x00\
a\x00s\x00h\x00 \x00L\x00o\x00g\x00s\x00\
 \x00\xf6\x00f\x00f\x00n\x00e\x00n\x00.\x00\
.\x00.\x08\x00\x00\x00\x00\x06\x00\x00\x00\x12Ope\
n Crash Logs...\x07\
\x00\x00\x00\x0bOptionsMisc\x01\
\x03\x00\x00\x00>\x00M\x00o\x00d\x00-\x00A\x00\
b\x00s\x00t\x00u\x00r\x00z\x00p\x00r\x00\
o\x00t\x00o\x00k\x00o\x00l\x00l\x00e\x00\
 \x00\xf6\x00f\x00f\x00n\x00e\x00n\x00.\x00\
.\x00.\x08\x00\x00\x00\x00\x06\x00\x00\x00\x16Ope\
n Mod Crash Logs\
...\x07\x00\x00\x00\x0bOptionsM\
isc\x01\x03\x00\x00\x00r\x00\xd6\x00f\x00f\x00\
n\x00e\x00t\x00 \x00d\x00a\x00s\x00 \x00\
A\x00b\x00s\x00t\x00u\x00r\x00z\x00p\x00\
r\x00o\x00t\x00o\x00k\x00o\x00l\x00l\x00\
v\x00e\x00r\x00z\x00e\x00i\x00c\x00h\x00\
n\x00i\x00s\x00,\x00 \x00d\x00a\x00s\x00\
 \x00B\x00L\x00T\x00 \x00v\x00e\x00r\x00\
w\x00e\x00n\x00d\x00e\x00t\x08\x00\x00\x00\x00\
\x06\x00\x00\x00+Opens the c\
rash log directo\
ry that BLT uses\
\x07\x00\x00\x00\x0bOptionsMisc\
\x01\x03\x00\x00\x00p\x00\xd6\x00f\x00f\x00n\x00e\
\x00t\x00 \x00d\x00a\x00s\x00 \x00v\x00o\
\x00n\x00 \x00P\x00a\x00y\x00d\x00a\x00y\
\x00 \x002\x00 \x00v\x00e\x00r\x00w\x00e\
\x00n\x00d\x00e\x00t\x00e\x00 \x00C\x00r\
\x00a\x00s\x00h\x00 \x00L\x00o\x00g\x00 \
\x00V\x00e\x00r\x00z\x00e\x00i\x00c\x00h\
\x00n\x00i\x00s\x08\x00\x00\x00\x00\x06\x00\x00\x006\
Opens the crash \
log directory us\
ed by vanilla Pa\
yday 2\x07\x00\x00\x00\x0bOptio\
nsMisc\x01\x03\x00\x00\x00v\x00O\x00v\
\x00e\x00r\x00k\x00i\x00l\x00l\x00 \x00h\
\x00a\x00t\x00 \x00k\x00e\x00i\x00n\x00 \
\x00V\x00a\x00n\x00i\x00l\x00l\x00a\x00 \
\x00C\x00r\x00a\x00s\x00h\x00 \x00L\x00o\
\x00g\x00 \x00f\x00\xfc\x00r\x00 \x00L\x00i\
\x00n\x00u\x00x\x00 \x00i\x00m\x00p\x00l\
\x00e\x00m\x00e\x00n\x00t\x00i\x00e\x00r\
\x00t\x08\x00\x00\x00\x00\x06\x00\x00\x008Over\
kill did not imp\
lement a vanilla\
 crash log for l\
inux\x07\x00\x00\x00\x0bOptions\
Misc\x01\x03\x00\x00\x00$\x00P\x00r\x00o\
\x00f\x00i\x00l\x00n\x00a\x00m\x00e\x00 \
\x00\xe4\x00n\x00d\x00e\x00r\x00n\x00:\x08\x00\
\x00\x00\x00\x06\x00\x00\x00\x14Change P\
rofile Name:\x07\x00\x00\x00\
\x10OptionsShortcut\
s\x01\x03\x00\x00\x000\x00M\x00o\x00d\x00 \x00\
o\x00d\x00e\x00r\x00 \x00P\x00r\x00o\x00\
f\x00i\x00l\x00 \x00l\x00\xf6\x00s\x00c\x00\
h\x00e\x00n\x00:\x08\x00\x00\x00\x00\x06\x00\x00\x00\
\x16Delete Mod or P\
rofile:\x07\x00\x00\x00\x10Opti\
onsShortcuts\x01\x03\x00\x00\
\x00\x1c\x00A\x00l\x00l\x00e\x00 \x00a\x00b\
\x00w\x00\xe4\x00h\x00l\x00e\x00n\x00:\x08\x00\
\x00\x00\x00\x06\x00\x00\x00\x0dDeselect\
 All:\x07\x00\x00\x00\x10Option\
sShortcuts\x01\x03\x00\x00\x00 \
\x00A\x00l\x00l\x00e\x00s\x00 \x00a\x00u\
\x00s\x00w\x00\xe4\x00h\x00l\x00e\x00n\x00:\
\x08\x00\x00\x00\x00\x06\x00\x00\x00\x0bSelect\
 All:\x07\x00\x00\x00\x10Option\
sShortcuts\x01\x03\x00\x00\x00\x16\
\x00A\x00b\x00k\x00\xfc\x00r\x00z\x00u\x00n\
\x00g\x00e\x00n\x08\x00\x00\x00\x00\x06\x00\x00\x00\x09\
Shortcuts\x07\x00\x00\x00\x10Op\
tionsShortcuts\x01\x03\
\x00\x00\x00d\x00R\x00e\x00g\x00i\x00s\x00t\
\x00e\x00r\x00k\x00a\x00r\x00t\x00e\x00n\
\x00 \x00w\x00e\x00c\x00h\x00s\x00e\x00l\
\x00n\x00:\x00 \x00P\x00f\x00e\x00i\x00l\
\x00 \x00l\x00i\x00n\x00k\x00s\x00,\x00 \
\x00P\x00f\x00e\x00i\x00l\x00 \x00r\x00e\
\x00c\x00h\x00t\x00s\x08\x00\x00\x00\x00\x06\x00\x00\
\x00$Switch tabs: A\
rrow left, Arrow\
 right\x07\x00\x00\x00\x10Optio\
nsShortcuts\x01\x03\x00\x00\x00\
\x5c\x00E\x00i\x00n\x00 \x00P\x00r\x00o\x00\
f\x00i\x00l\x00 \x00m\x00i\x00t\x00 \x00\
d\x00i\x00e\x00s\x00e\x00m\x00 \x00N\x00\
a\x00m\x00e\x00n\x00 \x00e\x00x\x00i\x00\
s\x00t\x00i\x00e\x00r\x00t\x00 \x00b\x00\
e\x00r\x00e\x00i\x00t\x00s\x00:\x08\x00\x00\
\x00\x00\x06\x00\x00\x00(A profile\
 with that name \
already exists:\x07\
\x00\x00\x00\x0bProfileList\x01\
\x03\x00\x00\x00>\x00F\x00e\x00h\x00l\x00e\x00\
r\x00:\x00 \x00D\x00u\x00p\x00l\x00i\x00\
z\x00i\x00e\x00r\x00t\x00e\x00r\x00 \x00\
P\x00r\x00o\x00f\x00i\x00l\x00n\x00a\x00\
m\x00e\x08\x00\x00\x00\x00\x06\x00\x00\x00\x1dErr\
or: Duplicate pr\
ofile name\x07\x00\x00\x00\x0bP\
rofileList\x01\x03\x00\x00\x00\x14\
\x00M\x00o\x00d\x00-\x00A\x00n\x00z\x00a\
\x00h\x00l\x08\x00\x00\x00\x00\x06\x00\x00\x00\x09Mo\
d Count\x07\x00\x00\x00\x0bProf\
ileList\x01\x03\x00\x00\x00\x22\x00N\x00\
e\x00u\x00e\x00r\x00 \x00P\x00r\x00o\x00\
f\x00i\x00l\x00n\x00a\x00m\x00e\x00:\x08\
\x00\x00\x00\x00\x06\x00\x00\x00\x11New pro\
file name:\x07\x00\x00\x00\x0bP\
rofileList\x01\x03\x00\x00\x00\x0c\
\x00P\x00r\x00o\x00f\x00i\x00l\x08\x00\x00\x00\
\x00\x06\x00\x00\x00\x07Profile\x07\x00\x00\
\x00\x0bProfileList\x01\x03\x00\
\x00\x00\x1e\x00M\x00o\x00d\x00s\x00 \x00h\x00\
i\x00n\x00z\x00u\x00f\x00\xfc\x00g\x00e\x00\
n\x08\x00\x00\x00\x00\x06\x00\x00\x00\x08Add M\
ods\x07\x00\x00\x00\x0bProfileM\
enu\x01\x03\x00\x00\x00\x22\x00P\x00r\x00o\x00\
f\x00i\x00l\x00 \x00h\x00i\x00n\x00z\x00\
u\x00f\x00\xfc\x00g\x00e\x00n\x08\x00\x00\x00\x00\
\x06\x00\x00\x00\x0bAdd Profile\
\x07\x00\x00\x00\x0bProfileMenu\
\x01\x03\x00\x00\x00\x1e\x00P\x00r\x00o\x00f\x00i\
\x00l\x00 \x00a\x00n\x00w\x00e\x00n\x00d\
\x00e\x00n\x08\x00\x00\x00\x00\x06\x00\x00\x00\x0dAp\
ply Profile\x07\x00\x00\x00\x0b\
ProfileMenu\x01\x03\x00\x00\x00\
\x22\x00P\x00r\x00o\x00f\x00i\x00l\x00n\x00\
a\x00m\x00e\x00 \x00\xe4\x00n\x00d\x00e\x00\
r\x00n\x08\x00\x00\x00\x00\x06\x00\x00\x00\x13Cha\
nge Profile Name\
\x07\x00\x00\x00\x0bProfileMenu\
\x01\x03\x00\x00\x00\x1e\x00P\x00r\x00o\x00f\x00i\
\x00l\x00 \x00k\x00o\x00p\x00i\x00e\x00r\
\x00e\x00n\x08\x00\x00\x00\x00\x06\x00\x00\x00\x0cCo\
py Profile\x07\x00\x00\x00\x0bP\
rofileMenu\x01\x03\x00\x00\x00.\
\x00M\x00o\x00d\x00(\x00s\x00)\x00 \x00k\
\x00o\x00p\x00i\x00e\x00r\x00e\x00n\x00 \
\x00n\x00a\x00c\x00h\x00.\x00.\x00.\x08\x00\
\x00\x00\x00\x06\x00\x00\x00\x11Copy mod\
(s) to...\x07\x00\x00\x00\x0bPr\
ofileMenu\x01\x03\x00\x00\x00\x1c\x00\
M\x00o\x00d\x00s\x00 \x00e\x00n\x00t\x00\
f\x00e\x00r\x00n\x00e\x00n\x08\x00\x00\x00\x00\
\x06\x00\x00\x00\x0aRemove Mod\x07\
\x00\x00\x00\x0bProfileMenu\x01\
\x03\x00\x00\x00 \x00P\x00r\x00o\x00f\x00i\x00\
l\x00 \x00e\x00n\x00t\x00f\x00e\x00r\x00\
n\x00e\x00n\x08\x00\x00\x00\x00\x06\x00\x00\x00\x0eR\
emove Profile\x07\x00\x00\
\x00\x0bProfileMenu\x01\x03\x00\
\x00\x00J\x00A\x00b\x00g\x00e\x00b\x00r\x00\
o\x00c\x00h\x00e\x00n\x00,\x00 \x00b\x00\
e\x00e\x00n\x00d\x00e\x00n\x00,\x00 \x00\
u\x00m\x00 \x00f\x00o\x00r\x00t\x00z\x00\
u\x00f\x00a\x00h\x00r\x00e\x00n\x08\x00\x00\
\x00\x00\x06\x00\x00\x00\x1aCanceled,\
 exit to continu\
e\x07\x00\x00\x00\x0eProgressWi\
dget\x01\x03\x00\x00\x00\x12\x00E\x00r\x00l\
\x00e\x00d\x00i\x00g\x00t\x00!\x08\x00\x00\x00\
\x00\x06\x00\x00\x00\x05Done!\x07\x00\x00\x00\x0e\
ProgressWidget\x01\x03\
\x00\x00\x00.\x00B\x00e\x00e\x00n\x00d\x00e\
\x00n\x00 \x00u\x00m\x00 \x00f\x00o\x00r\
\x00t\x00z\x00u\x00f\x00a\x00h\x00r\x00e\
\x00n\x08\x00\x00\x00\x00\x06\x00\x00\x00\x10Exit\
 to continue\x07\x00\x00\x00\
\x0eProgressWidget\x01\
\x03\x00\x00\x004\x00M\x00y\x00t\x00h\x00o\x00\
s\x00 \x00M\x00o\x00d\x00 \x00M\x00a\x00\
n\x00a\x00g\x00e\x00r\x00 \x00A\x00u\x00\
f\x00g\x00a\x00b\x00e\x08\x00\x00\x00\x00\x06\x00\
\x00\x00\x15Myth Mod Mana\
ger Task\x07\x00\x00\x00\x0ePro\
gressWidget\x01\x03\x00\x00\x00\
$\x00H\x00i\x00n\x00z\x00u\x00f\x00\xfc\x00\
g\x00e\x00n\x00d\x00e\x00 \x00M\x00o\x00\
d\x00s\x00:\x08\x00\x00\x00\x00\x06\x00\x00\x00\x11M\
ods to be added:\
\x07\x00\x00\x00\x09SelectMod\x01\x03\
\x00\x00\x00\xd2\x00S\x00u\x00c\x00h\x00e\x00.\
\x00.\x00.\x00 \x00b\x00e\x00n\x00u\x00t\
\x00z\x00e\x00  \x1e\x00t\x00a\x00g\x00:\
 \x1c\x00 \x00o\x00h\x00n\x00e\x00 \x00L\
\x00e\x00e\x00r\x00z\x00e\x00i\x00c\x00h\
\x00e\x00n\x00 \x00u\x00m\x00 \x00n\x00a\
\x00c\x00h\x00 \x00T\x00a\x00g\x00s\x00 \
\x00z\x00u\x00 \x00s\x00u\x00c\x00h\x00e\
\x00n\x00,\x00 \x00b\x00e\x00n\x00u\x00t\
\x00z\x00e\x00 \x00e\x00i\x00n\x00 \x00K\
\x00o\x00m\x00m\x00a\x00  \x1e\x00, \x1c\
\x00 \x00u\x00m\x00 \x00T\x00a\x00g\x00s\
\x00 \x00z\x00u\x00 \x00t\x00r\x00e\x00n\
\x00n\x00e\x00n\x08\x00\x00\x00\x00\x06\x00\x00\x00X\
Search... use \x22t\
ag:\x22 with no spa\
ces to search fo\
r tags, use a co\
mma \x22,\x22 to seper\
ate tags\x07\x00\x00\x00\x09Sel\
ectMod\x01\x03\x00\x00\x00X\x00P\x00r\
\x00o\x00f\x00i\x00l\x00,\x00 \x00i\x00n\
\x00 \x00d\x00a\x00s\x00 \x00M\x00o\x00d\
\x00(\x00s\x00)\x00 \x00k\x00o\x00p\x00i\
\x00e\x00r\x00t\x00 \x00w\x00e\x00r\x00d\
\x00e\x00n\x00 \x00s\x00o\x00l\x00l\x00e\
\x00n\x00:\x08\x00\x00\x00\x00\x06\x00\x00\x00\x1aPr\
ofile to copy mo\
d(s) to:\x07\x00\x00\x00\x0dSel\
ectProfile\x01\x03\x00\x00\x00\x12\
\x00S\x00u\x00c\x00h\x00e\x00n\x00.\x00.\
\x00.\x08\x00\x00\x00\x00\x06\x00\x00\x00\x09Sear\
ch...\x07\x00\x00\x00\x0dSelect\
Profile\x01\x03\x00\x00\x00\x08\x00N\x00\
a\x00m\x00e\x08\x00\x00\x00\x00\x06\x00\x00\x00\x04N\
ame\x07\x00\x00\x00\x0aTagDispl\
ay\x01\x03\x00\x00\x00\x18\x00S\x00c\x00h\x00l\
\x00a\x00g\x00w\x00\xf6\x00r\x00t\x00e\x00r\
\x08\x00\x00\x00\x00\x06\x00\x00\x00\x04Tags\x07\x00\
\x00\x00\x0aTagDisplay\x01\x03\x00\
\x00\x00*\x00T\x00a\x00g\x00 \x00z\x00u\x00\
 \x00M\x00o\x00d\x00 \x00h\x00i\x00n\x00\
z\x00u\x00f\x00\xfc\x00g\x00e\x00n\x08\x00\x00\
\x00\x00\x06\x00\x00\x00\x0eAdd tag t\
o mod\x07\x00\x00\x00\x0aTagHan\
dler\x01\x03\x00\x00\x00*\x00T\x00a\x00g\
\x00 \x00v\x00o\x00n\x00 \x00M\x00o\x00d\
\x00 \x00e\x00n\x00t\x00f\x00e\x00r\x00n\
\x00e\x00n\x08\x00\x00\x00\x00\x06\x00\x00\x00\x13Re\
move tag from mo\
d\x07\x00\x00\x00\x0aTagHandler\
\x01\x03\x00\x00\x00\x80\x00U\x00m\x00 \x00m\x00e\
\x00h\x00r\x00e\x00r\x00e\x00 \x00T\x00a\
\x00g\x00s\x00 \x00a\x00n\x00z\x00u\x00g\
\x00e\x00b\x00e\x00n\x00,\x00 \x00t\x00r\
\x00e\x00n\x00n\x00e\x00n\x00 \x00S\x00i\
\x00e\x00 \x00d\x00i\x00e\x00s\x00e\x00 \
\x00m\x00i\x00t\x00 \x00e\x00i\x00n\x00e\
\x00m\x00 \x00K\x00o\x00m\x00m\x00a\x00 \
 \x1e\x00, \x1c\x08\x00\x00\x00\x00\x06\x00\x00\x007\
To specify multi\
ple tags seperat\
e them with a co\
mma \x22,\x22\x07\x00\x00\x00\x0aTagH\
andler\x01\x03\x00\x00\x00f\x00(\x00D\
\x00i\x00e\x00s\x00e\x00 \x00A\x00k\x00t\
\x00i\x00o\x00n\x00 \x00k\x00a\x00n\x00n\
\x00 \x00n\x00i\x00c\x00h\x00t\x00 \x00r\
\x00\xfc\x00c\x00k\x00g\x00\xe4\x00n\x00g\x00i\
\x00g\x00 \x00g\x00e\x00m\x00a\x00c\x00h\
\x00t\x00 \x00w\x00e\x00r\x00d\x00e\x00n\
\x00)\x08\x00\x00\x00\x00\x06\x00\x00\x00 (Thi\
s action cannot \
be reversed)\x07\x00\x00\x00\
\x09TagViewer\x01\x03\x00\x00\x00\x9e\
\x00S\x00i\x00n\x00d\x00 \x00S\x00i\x00e\
\x00 \x00s\x00i\x00c\x00h\x00e\x00r\x00,\
\x00 \x00d\x00a\x00s\x00s\x00 \x00S\x00i\
\x00e\x00 \x00a\x00l\x00l\x00e\x00 \x00m\
\x00i\x00t\x00 \x00I\x00h\x00r\x00e\x00n\
\x00 \x00M\x00o\x00d\x00s\x00 \x00v\x00e\
\x00r\x00b\x00u\x00n\x00d\x00e\x00n\x00e\
\x00n\x00 \x00T\x00a\x00g\x00s\x00 \x00l\
\x00\xf6\x00s\x00c\x00h\x00e\x00n\x00 \x00m\
\x00\xf6\x00c\x00h\x00t\x00e\x00n\x00?\x08\x00\
\x00\x00\x00\x06\x00\x00\x00JAre you \
sure you want to\
 delete all of t\
he tags associat\
ed with your mod\
s?\x07\x00\x00\x00\x09TagViewer\
\x01\x03\x00\x00\x00\x22\x00A\x00l\x00l\x00e\x00 \
\x00T\x00a\x00g\x00s\x00 \x00l\x00\xf6\x00s\
\x00c\x00h\x00e\x00n\x08\x00\x00\x00\x00\x06\x00\x00\
\x00\x0fDelete all tag\
s\x07\x00\x00\x00\x09TagViewer\x01\
\x03\x00\x00\x00$\x00M\x00o\x00d\x00-\x00T\x00\
a\x00g\x00-\x00B\x00e\x00t\x00r\x00a\x00\
c\x00h\x00t\x00e\x00r\x08\x00\x00\x00\x00\x06\x00\
\x00\x00\x0eMod Tag Viewe\
r\x07\x00\x00\x00\x09TagViewer\x01\
\x03\x00\x00\x00\x22\x00T\x00a\x00g\x00(\x00s\x00\
)\x00 \x00h\x00i\x00n\x00z\x00u\x00f\x00\
\xfc\x00g\x00e\x00n\x08\x00\x00\x00\x00\x06\x00\x00\x00\
\x0aAdd Tag(s)\x07\x00\x00\x00\x0d\
TagViewerMenu\x01\x03\x00\
\x00\x00\x22\x00A\x00l\x00l\x00e\x00 \x00T\x00\
a\x00g\x00s\x00 \x00l\x00\xf6\x00s\x00c\x00\
h\x00e\x00n\x08\x00\x00\x00\x00\x06\x00\x00\x00\x0fD\
elete All Tags\x07\x00\
\x00\x00\x0dTagViewerMenu\
\x01\x03\x00\x00\x000\x00M\x00a\x00r\x00k\x00i\
\x00e\x00r\x00u\x00n\x00g\x00(\x00e\x00n\
\x00)\x00 \x00e\x00n\x00t\x00f\x00e\x00r\
\x00n\x00e\x00n\x08\x00\x00\x00\x00\x06\x00\x00\x00\x0d\
Remove Tag(s)\x07\x00\x00\
\x00\x0dTagViewerMenu\x01\
\x03\x00\x00\x00&\x00W\x00e\x00r\x00k\x00z\x00\
e\x00u\x00g\x00 \x00h\x00i\x00n\x00z\x00\
u\x00f\x00\xfc\x00g\x00e\x00n\x08\x00\x00\x00\x00\
\x06\x00\x00\x00\x08Add Tool\x07\x00\x00\
\x00\x0bToolManager\x01\x03\x00\
\x00\x00&\x00A\x00u\x00s\x00f\x00\xfc\x00h\x00\
r\x00b\x00a\x00r\x00e\x00 \x00D\x00a\x00\
t\x00e\x00i\x00e\x00n\x08\x00\x00\x00\x00\x06\x00\
\x00\x00\x0bExecutables\x07\x00\
\x00\x00\x0bToolManager\x01\x03\
\x00\x00\x00@\x00E\x00x\x00t\x00e\x00r\x00n\
\x00e\x00(\x00s\x00)\x00 \x00W\x00e\x00r\
\x00k\x00z\x00e\x00u\x00g\x00(\x00e\x00)\
\x00 \x00a\x00u\x00s\x00w\x00\xe4\x00h\x00l\
\x00e\x00n\x08\x00\x00\x00\x00\x06\x00\x00\x00\x17Se\
lect External To\
ol(s)\x07\x00\x00\x00\x0bToolMa\
nager\x01\x03\x00\x00\x00T\x00I\x00n\x00\
 \x00u\x00n\x00Z\x00i\x00p\x00M\x00o\x00\
d\x00 \x00w\x00u\x00r\x00d\x00e\x00 \x00\
e\x00i\x00n\x00 \x00F\x00e\x00h\x00l\x00\
e\x00r\x00 \x00f\x00e\x00s\x00t\x00g\x00\
e\x00s\x00t\x00e\x00l\x00l\x00t\x00:\x08\
\x00\x00\x00\x00\x06\x00\x00\x00 An erro\
r was raised in \
unZipMod:\x07\x00\x00\x00\x08Un\
ZipMod\x01\x03\x00\x00\x00d\x00V\x00e\
\x00r\x00s\x00u\x00c\x00h\x00e\x00n\x00 \
\x00S\x00i\x00e\x00,\x00 \x00d\x00i\x00e\
\x00 \x00M\x00o\x00d\x00 \x00z\x00u\x00e\
\x00r\x00s\x00t\x00 \x00m\x00a\x00n\x00u\
\x00e\x00l\x00l\x00 \x00z\x00u\x00 \x00e\
\x00n\x00t\x00p\x00a\x00c\x00k\x00e\x00n\
\x08\x00\x00\x00\x00\x06\x00\x00\x00%Try ex\
tracting the mod\
 manually first\x07\
\x00\x00\x00\x08UnZipMod\x01\x03\x00\x00\
\x00\x12\x00E\x00n\x00t\x00p\x00a\x00c\x00k\
\x00e\x00n\x08\x00\x00\x00\x00\x06\x00\x00\x00\x09Un\
packing\x07\x00\x00\x00\x08UnZi\
pMod\x01\x03\x00\x00\x00L\x00\xdc\x00b\x00e\
\x00r\x00p\x00r\x00\xfc\x00f\x00e\x00n\x00 \
\x00d\x00e\x00r\x00 \x00D\x00a\x00t\x00e\
\x00i\x00b\x00e\x00r\x00e\x00c\x00h\x00t\
\x00i\x00g\x00u\x00n\x00g\x00e\x00n\x00 \
\x00v\x00o\x00n\x08\x00\x00\x00\x00\x06\x00\x00\x00\x1c\
Checking file pe\
rmissions of\x07\x00\x00\x00\
\x06Worker\x01\x03\x00\x00\x006\x00P\x00\
r\x00\xfc\x00f\x00e\x00n\x00 \x00d\x00e\x00\
r\x00 \x00O\x00r\x00d\x00n\x00e\x00r\x00\
r\x00e\x00c\x00h\x00t\x00e\x00 \x00v\x00\
o\x00n\x08\x00\x00\x00\x00\x06\x00\x00\x00\x1eChe\
cking folder per\
missions of\x07\x00\x00\x00\x06\
Worker\x01\x03\x00\x00\x008\x00I\x00n\
\x00s\x00t\x00a\x00l\x00l\x00a\x00t\x00i\
\x00o\x00n\x00 \x00k\x00o\x00r\x00r\x00i\
\x00g\x00i\x00e\x00r\x00e\x00n\x00 \x00f\
\x00\xfc\x00r\x08\x00\x00\x00\x00\x06\x00\x00\x00\x12Fi\
xing install for\
\x07\x00\x00\x00\x06Worker\x01\x03\x00\x00\x00\
\x1a\x00T\x00e\x00x\x00t\x00 \x00e\x00i\x00\
n\x00f\x00\xfc\x00g\x00e\x00n\x08\x00\x00\x00\x00\
\x06\x00\x00\x00\x0bInsert text\
\x07\x00\x00\x00\x0cinsertStrin\
g\x01\x03\x00\x00\x00T\x00P\x00r\x00o\x00f\x00\
i\x00l\x00:\x00 \x00E\x00i\x00n\x00i\x00\
g\x00e\x00 \x00M\x00o\x00d\x00s\x00 \x00\
w\x00u\x00r\x00d\x00e\x00n\x00 \x00n\x00\
i\x00c\x00h\x00t\x00 \x00a\x00n\x00g\x00\
e\x00w\x00a\x00n\x00d\x00t\x08\x00\x00\x00\x00\
\x06\x00\x00\x00#Profile: So\
me mods were not\
 applied\x07\x00\x00\x00\x0amod\
Profile\x01\x03\x00\x00\x00\x98\x00D\x00\
i\x00e\x00 \x00f\x00o\x00l\x00g\x00e\x00\
n\x00d\x00e\x00n\x00 \x00M\x00o\x00d\x00\
s\x00 \x00w\x00u\x00r\x00d\x00e\x00n\x00\
 \x00n\x00i\x00c\x00h\x00t\x00 \x00a\x00\
n\x00g\x00e\x00w\x00e\x00n\x00d\x00e\x00\
t\x00,\x00 \x00w\x00e\x00i\x00l\x00 \x00\
s\x00i\x00e\x00 \x00n\x00i\x00c\x00h\x00\
t\x00 \x00i\x00n\x00s\x00t\x00a\x00l\x00\
l\x00i\x00e\x00r\x00t\x00 \x00s\x00i\x00\
n\x00d\x00:\x08\x00\x00\x00\x00\x06\x00\x00\x00CT\
he following mod\
s were not appli\
ed because they \
are not installe\
d:\x07\x00\x00\x00\x0amodProfil\
e\x01\x03\x00\x00\x00\x22\x00M\x00o\x00d\x00s\x00\
 \x00i\x00n\x00s\x00t\x00a\x00l\x00l\x00\
i\x00e\x00r\x00e\x00n\x08\x00\x00\x00\x00\x06\x00\
\x00\x00\x0fInstalling mo\
ds\x07\x00\x00\x00\x0enewModLoc\
ation\x01\x03\x00\x00\x00x\x00B\x00i\x00\
t\x00t\x00e\x00 \x00w\x00\xe4\x00h\x00l\x00\
e\x00n\x00 \x00S\x00i\x00e\x00 \x00a\x00\
u\x00s\x00,\x00 \x00w\x00o\x00 \x00d\x00\
i\x00e\x00 \x00M\x00o\x00d\x00s\x00 \x00\
i\x00n\x00s\x00t\x00a\x00l\x00l\x00i\x00\
e\x00r\x00t\x00 \x00w\x00e\x00r\x00d\x00\
e\x00n\x00 \x00s\x00o\x00l\x00l\x00e\x00\
n\x00:\x08\x00\x00\x00\x00\x06\x00\x00\x001Ple\
ase select where\
 the mods should\
 be installed:\x07\x00\
\x00\x00\x0enewModLocatio\
n\x01\x03\x00\x00\x00Z\x00A\x00b\x00b\x00r\x00\
e\x00c\x00h\x00e\x00n\x00.\x00.\x00.\x00\
 \x00(\x00B\x00e\x00e\x00n\x00d\x00e\x00\
n\x00 \x00d\x00e\x00s\x00 \x00a\x00k\x00\
t\x00u\x00e\x00l\x00l\x00e\x00n\x00 \x00\
S\x00c\x00h\x00r\x00i\x00t\x00t\x00s\x00\
)\x08\x00\x00\x00\x00\x06\x00\x00\x00%Cance\
ling... (Finishi\
ng current step)\
\x07\x00\x00\x00\x0eupdateDetec\
ted\x01\x03\x00\x00\x00\x8c\x00K\x00l\x00i\x00\
c\x00k\x00e\x00 \x00a\x00u\x00f\x00 \x00\
o\x00k\x00,\x00 \x00u\x00m\x00 \x00d\x00\
e\x00n\x00 \x00M\x00y\x00t\x00h\x00 \x00\
M\x00o\x00d\x00 \x00M\x00a\x00n\x00a\x00\
g\x00e\x00r\x00 \x00z\x00u\x00 \x00b\x00\
e\x00e\x00n\x00d\x00e\x00n\x00 \x00u\x00\
n\x00d\x00 \x00z\x00u\x00 \x00a\x00k\x00\
t\x00u\x00a\x00l\x00i\x00s\x00i\x00e\x00\
r\x00e\x00n\x08\x00\x00\x00\x00\x06\x00\x00\x00,C\
lick ok to exit \
and update Myth \
Mod Manager\x07\x00\x00\x00\x0e\
updateDetected\x01\x03\
\x00\x00\x00\x22\x00A\x00k\x00t\x00u\x00e\x00l\
\x00l\x00e\x00 \x00V\x00e\x00r\x00s\x00i\
\x00o\x00n\x00:\x08\x00\x00\x00\x00\x06\x00\x00\x00\x10\
Current Version:\
\x07\x00\x00\x00\x0eupdateDetec\
ted\x01\x03\x00\x00\x00*\x00N\x00i\x00c\x00\
h\x00t\x00 \x00m\x00e\x00h\x00r\x00 \x00\
n\x00a\x00c\x00h\x00f\x00r\x00a\x00g\x00\
e\x00n\x08\x00\x00\x00\x00\x06\x00\x00\x00\x10Do \
not ask again\x07\x00\x00\
\x00\x0eupdateDetected\
\x01\x03\x00\x00\x000\x00W\x00i\x00l\x00l\x00s\
\x00t\x00 \x00d\x00u\x00 \x00a\x00k\x00t\
\x00u\x00a\x00l\x00i\x00s\x00i\x00e\x00r\
\x00e\x00n\x00?\x08\x00\x00\x00\x00\x06\x00\x00\x00\x16\
Do you want to U\
pdate?\x07\x00\x00\x00\x0eupdat\
eDetected\x01\x03\x00\x00\x00\x0c\x00\
F\x00e\x00h\x00l\x00e\x00r\x08\x00\x00\x00\x00\
\x06\x00\x00\x00\x05Error\x07\x00\x00\x00\x0eu\
pdateDetected\x01\x03\x00\
\x00\x002\x00I\x00n\x00s\x00t\x00a\x00l\x00\
l\x00a\x00t\x00i\x00o\x00n\x00 \x00e\x00\
r\x00f\x00o\x00l\x00g\x00r\x00e\x00i\x00\
c\x00h\x00!\x08\x00\x00\x00\x00\x06\x00\x00\x00\x18I\
nstallation Succ\
essful!\x07\x00\x00\x00\x0eupda\
teDetected\x01\x03\x00\x00\x00,\
\x00N\x00e\x00u\x00e\x00s\x00 \x00U\x00p\
\x00d\x00a\x00t\x00e\x00 \x00g\x00e\x00f\
\x00u\x00n\x00d\x00e\x00n\x00:\x08\x00\x00\x00\
\x00\x06\x00\x00\x00\x11New update\
 found:\x07\x00\x00\x00\x0eupda\
teDetected\x01\x03\x00\x00\x00\x1c\
\x00U\x00p\x00d\x00a\x00t\x00e\x00-\x00H\
\x00i\x00n\x00w\x00e\x00i\x00s\x08\x00\x00\x00\
\x00\x06\x00\x00\x00\x0dUpdate Not\
ice\x07\x00\x00\x00\x0eupdateDe\
tected\x01\x03\x00\x00\x00N\x00V\x00e\
\x00r\x00s\x00i\x00o\x00n\x00s\x00h\x00i\
\x00n\x00w\x00e\x00i\x00s\x00e\x00 \x00a\
\x00u\x00f\x00 \x00g\x00i\x00t\x00h\x00u\
\x00b\x00.\x00c\x00o\x00m\x00 \x00a\x00n\
\x00s\x00e\x00h\x00e\x00n\x08\x00\x00\x00\x00\x06\
\x00\x00\x00 View Release\
 Notes on github\
.com\x07\x00\x00\x00\x0eupdateD\
etected\x01\x88\x00\x00\x00\x02\x01\x01\
\x00\x00H.\
<\
\xb8d\x18\xca\xef\x9c\x95\xcd!\x1c\xbf`\xa1\xbd\xddB\
\x00\x00\x05\x10\x00\x00\x07\xaf\x00\x00\x06\xa6\x00\x02\xf5\x05\
\x00\x00-2\x00\x04\xa8\x8b\x00\x00\x1f\xbb\x00\x04\xef\xa5\
\x00\x00\x13\xbe\x00\x05@\x93\x00\x00\x1e\x5c\x00\x05@\x93\
\x00\x00$i\x00\x05H5\x00\x00\x16{\x00\x05H5\
\x00\x003\x1b\x00\x05\xa7\xe3\x00\x003F\x00\x05\xc0e\
\x00\x00\x16\xa9\x00 n\x0a\x00\x00*\xcd\x00-\x9b#\
\x00\x006\x9c\x00/\x99#\x00\x007\x87\x00G\x96\xc4\
\x00\x00\x11\xb2\x00Hw9\x00\x00\x1d|\x00Kdq\
\x00\x00/\xb0\x00L\x99b\x00\x00\x0d!\x00L\x99b\
\x00\x00A)\x00R\xfd\xf4\x00\x00!d\x00SY|\
\x00\x00\x15\xd8\x00U\x0d\xff\x00\x00\x08\xca\x00[f3\
\x00\x00\x12}\x00]\x05y\x00\x00>\xcd\x00`\xb7u\
\x00\x00\x14\x83\x00\x95\x84\xda\x00\x00,\x15\x00\x97\x92\xb4\
\x00\x00\x0e\xfe\x00\x97\x96\x04\x00\x00\x15S\x00\xaao\x12\
\x00\x006\xf3\x00\xad\xc0\x0a\x00\x00)$\x00\xcd0>\
\x00\x00\x012\x016\xad\xc1\x00\x00!\xf5\x017\xfe\xb2\
\x00\x004(\x01L\x05#\x00\x00\x1e\xcd\x01X\x11u\
\x00\x00\x12\xb7\x01\xb6\x0b,\x00\x00\x0e\x96\x01\xcd\x8c\xae\
\x00\x00\x1f-\x02;\x9c,\x00\x00\x0a\x95\x02}\xb5\x95\
\x00\x00+c\x02\xcc\xfcc\x00\x00\x16\x0b\x02\xe3/b\
\x00\x00\x17U\x02\xfb\xd1T\x00\x00<;\x033\xb5u\
\x00\x00-\xdc\x03]\x7f\x80\x00\x00\x229\x03k\x81\x09\
\x00\x004\xfe\x03\x84}\x92\x00\x00\x11\xde\x03\x8e\xc7\x8a\
\x00\x00(\xb3\x03\xd6\x9f+\x00\x000I\x03\xe5\x0e\xdd\
\x00\x00\x18\x09\x04\x10\x89U\x00\x00\x1fw\x04%<\x15\
\x00\x00/\xe4\x04XMJ\x00\x00@(\x04l\x1bN\
\x00\x00\x13\xf0\x04y,\x87\x00\x00\x1d6\x04\x98I\xbc\
\x00\x00\x1d\xaf\x04\xac,\xa5\x00\x00\x13\x07\x04\xbd\xf1\xaa\
\x00\x00\x22\xf0\x04\xc4>D\x00\x00\x0c0\x04\xc4y%\
\x00\x00\x13\x82\x04\xded\x91\x00\x00AY\x04\xeb/\x0a\
\x00\x00!.\x04\xf8\xaa\x9f\x00\x005\x96\x05\x01q\x8a\
\x00\x00\x06\xcf\x05-\xd3j\x00\x00\x1cl\x058\xd6j\
\x00\x00\x1f\xee\x05\x8cF\xc5\x00\x00\x11u\x05\xa3\xe59\
\x00\x007;\x05\xfbc\xc9\x00\x00\x148\x06\x03e>\
\x00\x00\x00\x00\x06\x1aF\xca\x00\x00<\xd3\x06J@\x04\
\x00\x00+\xd6\x06z/\xe5\x00\x00\x18\xe1\x06zD\x17\
\x00\x00:v\x06{\x06\x03\x00\x00\x12\x12\x06\x83AJ\
\x00\x00!\x96\x06\x9a\xf5C\x00\x00\x1e\x8a\x06\x9a\xf5C\
\x00\x00)\xce\x06\xc2\xe0\x14\x00\x00.\x87\x06\xeb\xfdv\
\x00\x00:\xae\x07\x02\x87\xdf\x00\x00\x06g\x07\x87\x8cJ\
\x00\x00\x0f\x7f\x07\x95\xd0u\x00\x00,l\x07\x9e\xea\xd3\
\x00\x00\x05\xf6\x07\xbd\xb2\xe2\x00\x00?_\x07\xd2ju\
\x00\x00,\xe5\x07\xe0\x11*\x00\x002\x5c\x07\xe2\x93\x13\
\x00\x00\x1b\x0d\x08\x05\x0e\x1e\x00\x00@y\x08.\xba\xd5\
\x00\x00\x03!\x08<\xaa\xa4\x00\x003\xc8\x08\x8a\x0a\xbe\
\x00\x002\xde\x09&\xdd:\x00\x00\x1bZ\x097\xf54\
\x00\x00;\xf3\x09<%\xb5\x00\x00B \x09<\xa0\x8e\
\x00\x00\x09\xca\x09]\x07\xb3\x00\x00\x12D\x09n\x19\x19\
\x00\x00\x00\xce\x09n\xf6\xdf\x00\x00@\xd2\x09yeG\
\x00\x00\x1c%\x09\x82\x0b\xde\x00\x00%\xa9\x09\x96B>\
\x00\x00\x09\x92\x0a+\x85\x80\x00\x00\x05#\x0a=\xc0J\
\x00\x00)|\x0a]\x9b\x02\x00\x00#\x84\x0aeA\xc3\
\x00\x00,\xa1\x0ae\xb2,\x00\x0085\x0ah\x00\x07\
\x00\x00\x05[\x0aj\xd2\xc9\x00\x00\x10S\x0a\x88+\xe7\
\x00\x00\x07\x91\x0a\xb1\x05\x98\x00\x00\x11!\x0a\xe0\xee\x84\
\x00\x00\x0c\xba\x0a\xe1\xf9\x19\x00\x00\x18\x91\x0b\x09\x07z\
\x00\x00A\xbe\x0b\x09ye\x00\x00\x13C\x0b\x22t]\
\x00\x00\x09%\x0bAj\xa5\x00\x00\x17\x0c\x0b\x5c@\x5c\
\x00\x00\x0e\x00\x0b\x96\xdc\xaa\x00\x009Q\x0b\xd3\x0e\xf5\
\x00\x00.\xcf\x0b\xd4:9\x00\x00\x02\xc6\x0b\xee\xc7\x82\
\x00\x00;\x90\x0c \xaf\x9f\x00\x00 T\x0c,\xac\xe7\
\x00\x00\x08\x8e\x0c0\xfds\x00\x00\x19<\x0c>7d\
\x00\x00*\x1a\x0cG\x92\xf4\x00\x00\x15\x97\x0cQ\x0b\xd2\
\x00\x00\x1a\xc0\x0cV\xb4n\x00\x00\x03\x89\x0ceP\xa3\
\x00\x00&\x0b\x0cj\x8a\x93\x00\x00\x22\xb8\x0cm_\x93\
\x00\x00#A\x0c\x94\x16Z\x00\x00>\x13\x0c\xc9\xa0\x0e\
\x00\x00\x16\xd7\x0c\xe5\x11\xba\x00\x00\x07\xd3\x0c\xebyc\
\x00\x00\x0dO\x0c\xebyc\x00\x008\x87\x0c\xf6)\xee\
\x00\x00.(\x0dL\xf4\xd8\x00\x00'x\x0dc\xf3y\
\x00\x007\xe2\x0dl\xcd\xf6\x00\x00;#\x0d\xac\x9c\x19\
\x00\x008\xdc\x0d\xc4\xc8<\x00\x00\x1d\xe3\x0d\xc4\xc8<\
\x00\x00 \xf4\x0d\xd6\xd1\xb4\x00\x003q\x0e/\xbeC\
\x00\x00\x04i\x0e?\xc7\x03\x00\x00=\xc1\x0ee~j\
\x00\x00(P\x0ei\x85\xfe\x00\x00\x05\x91\x0e\x7f\x98Z\
\x00\x000\xab\x0e\x8c\xfau\x00\x00/#\x0e\xb0\x1b\x1e\
\x00\x00%U\x0e\xc8a\xa2\x00\x00&\xa4\x0e\xdb#r\
\x00\x00\x14\xc7\x0e\xe6W\xe5\x00\x00-\x81\x0e\xfa\x87\xb4\
\x00\x009\xdc\x0f\x0a\x9f\xc9\x00\x00\x10\xaf\x0f\x15\x9f\xdc\
\x00\x00\x0d\x8d\x0f=\xcc?\x00\x00\x0bo\x0fC\xc9\xf4\
\x00\x00$\x9b\x0f\x9bs3\x00\x00\x1e\x16\x0f\xaa\xa7-\
\x00\x00Bl\x0f\xfcx\xc3\x00\x00\x19\x81\x0f\xfcx\xc3\
\x00\x001\x1ei\x00\x00B\xfd\x03\x00\x00\x00r\x00S\
\x00u\x00g\x00g\x00e\x00s\x00t\x00i\x00e\
\x00s\x00 \x00z\x00i\x00j\x00n\x00 \x00z\
\x00e\x00e\x00r\x00 \x00w\x00e\x00l\x00k\
\x00o\x00m\x00 \x00o\x00p\x00 \x00m\x00o\
\x00d\x00w\x00o\x00r\x00k\x00s\x00h\x00o\
\x00p\x00.\x00n\x00e\x00t\x00 \x00e\x00n\
\x00 \x00g\x00i\x00t\x00h\x00u\x00b\x00.\
\x08\x00\x00\x00\x00\x06\x00\x00\x00BSugges\
tions are greatl\
y appreciated on\
 modworkshop.net\
 and github.\x07\x00\x00\x00\
\x05About\x01\x03\x00\x00\x000\x00S\x00t\
\x00e\x00u\x00n\x00 \x00W\x00o\x00l\x00f\
\x00m\x00y\x00t\x00h\x00s\x00 \x00o\x00p\
\x00 \x00K\x00o\x00-\x00F\x00i\x08\x00\x00\x00\
\x00\x06\x00\x00\x00\x1aSupport Wo\
lfmyths on Ko-Fi\
\x07\x00\x00\x00\x05About\x01\x03\x00\x00\x00\xf6\
\x00H\x00e\x00t\x00 \x00d\x00o\x00e\x00l\
\x00 \x00v\x00a\x00n\x00 \x00d\x00i\x00t\
\x00 \x00p\x00r\x00o\x00g\x00r\x00a\x00m\
\x00m\x00a\x00 \x00i\x00s\x00 \x00o\x00m\
\x00 \x00h\x00e\x00t\x00 \x00b\x00e\x00h\
\x00e\x00e\x00r\x00 \x00v\x00a\x00n\x00 \
\x00P\x00A\x00Y\x00D\x00A\x00Y\x00 \x002\
\x00 \x00m\x00o\x00d\x00s\x00 \x00t\x00e\
\x00 \x00s\x00t\x00r\x00o\x00o\x00m\x00l\
\x00i\x00j\x00n\x00e\x00n\x00 \x00z\x00o\
\x00n\x00d\x00e\x00r\x00 \x00g\x00e\x00d\
\x00o\x00e\x00 \x00m\x00e\x00t\x00 \x00m\
\x00e\x00e\x00r\x00d\x00e\x00r\x00e\x00 \
\x00b\x00e\x00s\x00t\x00a\x00n\x00d\x00s\
\x00v\x00e\x00r\x00k\x00e\x00n\x00n\x00e\
\x00r\x00s\x00.\x08\x00\x00\x00\x00\x06\x00\x00\x00\x84\
The goal of this\
 program is to s\
treamline the pr\
occess of PAYDAY\
 2 mod managment\
 without hassle \
of juggling mult\
iple file explor\
ers.\x07\x00\x00\x00\x05About\x01\x03\
\x00\x00\x00*\x00B\x00e\x00z\x00o\x00e\x00k\
\x00 \x00G\x00i\x00t\x00h\x00u\x00b\x00 \
\x00a\x00r\x00c\x00h\x00i\x00e\x00f\x08\x00\
\x00\x00\x00\x06\x00\x00\x00\x17Visit Gi\
thub Repository\x07\
\x00\x00\x00\x05About\x01\x03\x00\x00\x008\x00\
B\x00e\x00z\x00o\x00e\x00k\x00 \x00d\x00\
e\x00 \x00M\x00o\x00d\x00w\x00o\x00r\x00\
k\x00s\x00h\x00o\x00p\x00-\x00p\x00a\x00\
g\x00i\x00n\x00a\x08\x00\x00\x00\x00\x06\x00\x00\x00\
\x16Visit Modworksh\
op Page\x07\x00\x00\x00\x05Abou\
t\x01\x03\x00\x00\x00\x86\x00i\x00s\x00 \x00e\x00\
e\x00n\x00 \x00o\x00p\x00e\x00n\x00-\x00\
s\x00o\x00u\x00r\x00c\x00e\x00 \x00m\x00\
o\x00d\x00m\x00a\x00n\x00a\x00g\x00e\x00\
r\x00 \x00v\x00o\x00o\x00r\x00 \x00P\x00\
A\x00Y\x00D\x00A\x00Y\x00 \x002\x00 \x00\
g\x00e\x00m\x00a\x00a\x00k\x00t\x00 \x00\
d\x00o\x00o\x00r\x00 \x00W\x00o\x00l\x00\
f\x00m\x00y\x00t\x00h\x00s\x00.\x08\x00\x00\
\x00\x00\x06\x00\x00\x00@is an ope\
n-source mod man\
ager for PAYDAY \
2 created by Wol\
fmyths.\x07\x00\x00\x00\x05Abou\
t\x01\x03\x00\x00\x00r\x00E\x00r\x00 \x00i\x00\
s\x00 \x00e\x00e\x00n\x00 \x00f\x00o\x00\
u\x00t\x00 \x00o\x00p\x00g\x00e\x00t\x00\
r\x00e\x00d\x00e\x00n\x00 \x00t\x00i\x00\
j\x00d\x00e\x00n\x00s\x00 \x00h\x00e\x00\
t\x00 \x00b\x00a\x00c\x00k\x00-\x00u\x00\
p\x00p\x00e\x00n\x00 \x00v\x00a\x00n\x00\
 \x00m\x00o\x00d\x00s\x08\x00\x00\x00\x00\x06\x00\
\x00\x00)An error was \
raised while bac\
king up mods\x07\x00\x00\x00\
\x0aBackupMods\x01\x03\x00\x00\x00\
\x12\x00O\x00p\x00s\x00c\x00h\x00o\x00n\x00\
e\x00n\x08\x00\x00\x00\x00\x06\x00\x00\x00\x07Cle\
anup\x07\x00\x00\x00\x0aBackupM\
ods\x01\x03\x00\x00\x00\x10\x00k\x00o\x00p\x00\
i\x00\xeb\x00r\x00e\x00n\x08\x00\x00\x00\x00\x06\x00\
\x00\x00\x07Copying\x07\x00\x00\x00\x0aB\
ackupMods\x01\x03\x00\x00\x00*\x00\
D\x00i\x00t\x00 \x00k\x00a\x00n\x00 \x00\
e\x00v\x00e\x00n\x00 \x00d\x00u\x00r\x00\
e\x00n\x00.\x00.\x00.\x08\x00\x00\x00\x00\x06\x00\
\x00\x00\x1cThis might ta\
ke some time...\x07\
\x00\x00\x00\x0aBackupMods\x01\x03\
\x00\x00\x004\x00B\x00a\x00c\x00k\x00-\x00u\
\x00p\x00 \x00m\x00a\x00p\x00p\x00a\x00d\
\x00e\x00n\x00 \x00v\x00a\x00l\x00i\x00d\
\x00e\x00r\x00e\x00n\x08\x00\x00\x00\x00\x06\x00\x00\
\x00\x1eValidating bac\
kup folder paths\
\x07\x00\x00\x00\x0aBackupMods\x01\
\x03\x00\x00\x00\x16\x00Z\x00i\x00p\x00p\x00e\x00\
n\x00 \x00n\x00a\x00a\x00r\x08\x00\x00\x00\x00\
\x06\x00\x00\x00\x0aZipping to\x07\
\x00\x00\x00\x0aBackupMods\x01\x03\
\x00\x00\x00\x08\x00n\x00a\x00a\x00r\x08\x00\x00\x00\
\x00\x06\x00\x00\x00\x02to\x07\x00\x00\x00\x0aBac\
kupMods\x01\x03\x00\x00\x00t\x00E\x00\
r\x00 \x00i\x00s\x00 \x00e\x00e\x00n\x00\
 \x00f\x00o\x00u\x00t\x00 \x00o\x00p\x00\
g\x00e\x00t\x00r\x00e\x00d\x00e\x00n\x00\
 \x00b\x00i\x00j\x00 \x00h\x00e\x00t\x00\
 \x00v\x00e\x00r\x00a\x00n\x00d\x00e\x00\
r\x00e\x00n\x00 \x00v\x00a\x00n\x00 \x00\
m\x00o\x00d\x00 \x00t\x00y\x00p\x00e\x00\
:\x08\x00\x00\x00\x00\x06\x00\x00\x00,An er\
ror was raised w\
hile changing mo\
d type:\x07\x00\x00\x00\x0dChan\
geModType\x01\x03\x00\x00\x00\x16\x00\
I\x00n\x00s\x00t\x00a\x00l\x00l\x00a\x00\
t\x00i\x00e\x08\x00\x00\x00\x00\x06\x00\x00\x00\x0aI\
nstalling\x07\x00\x00\x00\x0dCh\
angeModType\x01\x03\x00\x00\x00\
t\x00E\x00r\x00 \x00i\x00s\x00 \x00e\x00\
e\x00n\x00 \x00f\x00o\x00u\x00t\x00 \x00\
o\x00p\x00g\x00e\x00t\x00r\x00e\x00d\x00\
e\x00n\x00 \x00b\x00i\x00j\x00 \x00h\x00\
e\x00t\x00 \x00v\x00e\x00r\x00w\x00i\x00\
j\x00d\x00e\x00r\x00e\x00n\x00 \x00v\x00\
a\x00n\x00 \x00e\x00e\x00n\x00 \x00m\x00\
o\x00d\x00:\x08\x00\x00\x00\x00\x06\x00\x00\x00)A\
n error was rais\
ed while deletin\
g a mod:\x07\x00\x00\x00\x09Del\
eteMod\x01\x03\x00\x00\x00\x16\x00V\x00e\
\x00r\x00w\x00i\x00j\x00d\x00e\x00r\x00e\
\x00n\x08\x00\x00\x00\x00\x06\x00\x00\x00\x08Dele\
ting\x07\x00\x00\x00\x09DeleteM\
od\x01\x03\x00\x00\x00(\x00K\x00o\x00n\x00 \
\x00n\x00i\x00e\x00t\x00 \x00o\x00p\x00e\
\x00n\x00e\x00n\x00 \x00n\x00a\x00a\x00r\
\x08\x00\x00\x00\x00\x06\x00\x00\x00\x11Could \
not open to\x07\x00\x00\x00\x0d\
ErrorChecking\x01\x03\x00\
\x00\x004\x00K\x00o\x00n\x00 \x00p\x00r\x00\
o\x00g\x00r\x00a\x00m\x00m\x00a\x00 \x00\
n\x00i\x00e\x00t\x00 \x00s\x00t\x00a\x00\
r\x00t\x00e\x00n\x08\x00\x00\x00\x00\x06\x00\x00\x00\
\x17Could not start\
 program\x07\x00\x00\x00\x0dErr\
orChecking\x01\x03\x00\x00\x00\x0e\
\x00F\x00o\x00u\x00t\x00 \x00i\x00n\x08\x00\
\x00\x00\x00\x06\x00\x00\x00\x08Error in\
\x07\x00\x00\x00\x0dErrorChecki\
ng\x01\x03\x00\x00\x00r\x00G\x00e\x00b\x00r\
\x00u\x00i\x00k\x00 \x00e\x00e\x00n\x00 \
\x00v\x00o\x00l\x00l\x00e\x00d\x00i\x00g\
\x00 \x00p\x00a\x00d\x00 \x00n\x00a\x00a\
\x00r\x00 \x00h\x00e\x00t\x00 \x00p\x00r\
\x00o\x00g\x00r\x00a\x00m\x00m\x00a\x00 \
\x00d\x00a\x00t\x00 \x00j\x00e\x00 \x00s\
\x00t\x00a\x00r\x00t\x00.\x08\x00\x00\x00\x00\x06\
\x00\x00\x007Please use a\
 full path to th\
e program you ar\
e starting.\x07\x00\x00\x00\x0d\
ErrorChecking\x01\x03\x00\
\x00\x00\x8c\x00E\x00r\x00 \x00i\x00s\x00 \x00\
e\x00e\x00n\x00 \x00f\x00o\x00u\x00t\x00\
 \x00o\x00p\x00g\x00e\x00t\x00r\x00e\x00\
d\x00e\x00n\x00 \x00b\x00i\x00j\x00 \x00\
h\x00e\x00t\x00 \x00s\x00t\x00a\x00r\x00\
t\x00e\x00n\x00 \x00v\x00a\x00n\x00 \x00\
e\x00e\x00n\x00 \x00e\x00x\x00t\x00e\x00\
r\x00n\x00 \x00h\x00u\x00l\x00p\x00p\x00\
r\x00o\x00g\x00r\x00a\x00m\x00m\x00a\x08\
\x00\x00\x00\x00\x06\x00\x00\x00-An erro\
r was raised sta\
rting an externa\
l tool\x07\x00\x00\x00\x0cExter\
nalTool\x01\x03\x00\x00\x00r\x00W\x00\
e\x00e\x00t\x00 \x00j\x00e\x00 \x00z\x00\
e\x00k\x00e\x00r\x00 \x00d\x00a\x00t\x00\
 \x00j\x00e\x00 \x00d\x00e\x00z\x00e\x00\
 \x00s\x00n\x00e\x00l\x00k\x00o\x00p\x00\
p\x00e\x00l\x00i\x00n\x00g\x00 \x00w\x00\
i\x00l\x00t\x00 \x00v\x00e\x00r\x00w\x00\
i\x00j\x00d\x00e\x00r\x00e\x00n\x00?\x08\
\x00\x00\x00\x00\x06\x00\x00\x00.Are you\
 sure you want t\
o delete this sh\
ortcut?\x07\x00\x00\x00\x0cExte\
rnalTool\x01\x03\x00\x00\x00L\x00S\
\x00n\x00e\x00l\x00k\x00o\x00p\x00p\x00e\
\x00l\x00i\x00n\x00g\x00 \x00e\x00x\x00t\
\x00e\x00r\x00n\x00e\x00 \x00t\x00o\x00o\
\x00l\x00 \x00v\x00e\x00r\x00w\x00i\x00j\
\x00d\x00e\x00r\x00e\x00n\x08\x00\x00\x00\x00\x06\
\x00\x00\x00\x1dDelete exter\
nal tool shortcu\
t\x07\x00\x00\x00\x0cExternalTo\
ol\x01\x03\x00\x00\x002\x00S\x00n\x00e\x00l\
\x00k\x00o\x00p\x00p\x00e\x00l\x00i\x00n\
\x00g\x00 \x00v\x00e\x00r\x00w\x00i\x00j\
\x00d\x00e\x00r\x00e\x00n\x08\x00\x00\x00\x00\x06\
\x00\x00\x00\x14Delete tool \
shortcut\x07\x00\x00\x00\x0cExt\
ernalTool\x01\x03\x00\x00\x00\x08\x00\
F\x00o\x00u\x00t\x08\x00\x00\x00\x00\x06\x00\x00\x00\
\x05Error\x07\x00\x00\x00\x0cExter\
nalTool\x01\x03\x00\x00\x00\x12\x00U\x00\
i\x00t\x00v\x00o\x00e\x00r\x00e\x00n\x08\
\x00\x00\x00\x00\x06\x00\x00\x00\x0bExecuta\
bles\x07\x00\x00\x00\x0cExterna\
lTool\x01\x03\x00\x00\x00:\x00N\x00i\x00\
e\x00u\x00w\x00 \x00e\x00x\x00t\x00e\x00\
r\x00n\x00 \x00p\x00r\x00o\x00g\x00r\x00\
a\x00m\x00m\x00a\x00 \x00k\x00i\x00e\x00\
z\x00e\x00n\x08\x00\x00\x00\x00\x06\x00\x00\x00\x18S\
elect new extern\
al tool\x07\x00\x00\x00\x0cExte\
rnalTool\x01\x03\x00\x00\x00P\x00S\
\x00t\x00e\x00l\x00 \x00s\x00l\x00e\x00u\
\x00f\x00 \x00i\x00n\x00 \x00o\x00p\x00 \
\x00e\x00e\x00n\x00 \x00a\x00n\x00d\x00e\
\x00r\x00e\x00 \x00e\x00x\x00t\x00e\x00r\
\x00n\x00e\x00 \x00t\x00o\x00o\x00l\x08\x00\
\x00\x00\x00\x06\x00\x00\x00%Set slot\
 to a different \
external tool\x07\x00\x00\
\x00\x0cExternalTool\x01\x03\
\x00\x00\x004\x00E\x00x\x00t\x00e\x00r\x00n\
\x00 \x00g\x00e\x00r\x00e\x00e\x00d\x00s\
\x00c\x00h\x00a\x00p\x00 \x00s\x00t\x00a\
\x00r\x00t\x00e\x00n\x08\x00\x00\x00\x00\x06\x00\x00\
\x00\x13Start external\
 tool\x07\x00\x00\x00\x0cExtern\
alTool\x01\x03\x00\x00\x00@\x00D\x00u\
\x00b\x00b\x00e\x00l\x00e\x00 \x00s\x00n\
\x00e\x00l\x00k\x00o\x00p\x00p\x00e\x00l\
\x00i\x00n\x00g\x00e\x00n\x00 \x00g\x00e\
\x00v\x00o\x00n\x00d\x00e\x00n\x08\x00\x00\x00\
\x00\x06\x00\x00\x00\x19Duplicate \
shortcuts found\x07\
\x00\x00\x00\x13ExternalTool\
Display\x01\x03\x00\x00\x00x\x00E\x00\
r\x00 \x00z\x00i\x00j\x00n\x00 \x00g\x00\
e\x00e\x00n\x00 \x00s\x00n\x00e\x00l\x00\
k\x00o\x00p\x00p\x00e\x00l\x00i\x00n\x00\
g\x00e\x00n\x00 \x00t\x00o\x00e\x00g\x00\
e\x00v\x00o\x00e\x00g\x00d\x00 \x00o\x00\
m\x00d\x00a\x00t\x00 \x00z\x00e\x00 \x00\
a\x00l\x00 \x00b\x00e\x00s\x00t\x00a\x00\
a\x00n\x00:\x08\x00\x00\x00\x00\x06\x00\x00\x004S\
hortcuts were no\
t added because \
they already exi\
st:\x07\x00\x00\x00\x13External\
ToolDisplay\x01\x03\x00\x00\x00\
 \x00P\x00A\x00Y\x00D\x00A\x00Y\x00 \x00\
2\x00 \x00s\x00p\x00e\x00l\x00m\x00a\x00\
p\x08\x00\x00\x00\x00\x06\x00\x00\x00\x17PAYDA\
Y 2 Game Directo\
ry\x07\x00\x00\x00\x10GamePathN\
otFound\x01\x03\x00\x00\x004\x00S\x00\
e\x00l\x00e\x00c\x00t\x00e\x00e\x00r\x00\
 \x00P\x00A\x00Y\x00D\x00A\x00Y\x00 \x00\
2\x00 \x00s\x00p\x00e\x00l\x00m\x00a\x00\
p\x08\x00\x00\x00\x00\x06\x00\x00\x00\x19Selec\
t PAYDAY 2 Direc\
tory\x07\x00\x00\x00\x10GamePat\
hNotFound\x01\x03\x00\x00\x00\x22\x00\
S\x00p\x00e\x00l\x00p\x00a\x00d\x00 \x00\
i\x00n\x00s\x00t\x00e\x00l\x00l\x00e\x00\
n\x08\x00\x00\x00\x00\x06\x00\x00\x00\x0dSet g\
ame path\x07\x00\x00\x00\x10Gam\
ePathNotFound\x01\x03\x00\
\x00\x00\x12\x00V\x00e\x00r\x00w\x00i\x00j\x00\
d\x00e\x00r\x08\x00\x00\x00\x00\x06\x00\x00\x00\x06R\
emove\x07\x00\x00\x00\x10Ignore\
dModsQMenu\x01\x03\x00\x00\x00\x08\
\x00O\x00v\x00e\x00r\x08\x00\x00\x00\x00\x06\x00\x00\
\x00\x05About\x07\x00\x00\x00\x0aMain\
Window\x01\x03\x00\x00\x00\x0e\x00M\x00a\
\x00n\x00a\x00g\x00e\x00r\x08\x00\x00\x00\x00\x06\
\x00\x00\x00\x07Manager\x07\x00\x00\x00\x0a\
MainWindow\x01\x03\x00\x00\x00\x0c\
\x00O\x00p\x00t\x00i\x00e\x00s\x08\x00\x00\x00\
\x00\x06\x00\x00\x00\x07Options\x07\x00\x00\
\x00\x0aMainWindow\x01\x03\x00\x00\
\x00\x12\x00P\x00r\x00o\x00f\x00i\x00e\x00l\
\x00e\x00n\x08\x00\x00\x00\x00\x06\x00\x00\x00\x08Pr\
ofiles\x07\x00\x00\x00\x0aMainW\
indow\x01\x03\x00\x00\x00\x16\x00G\x00e\x00\
r\x00e\x00e\x00d\x00s\x00c\x00h\x00a\x00\
p\x08\x00\x00\x00\x00\x06\x00\x00\x00\x05Tools\
\x07\x00\x00\x00\x0aMainWindow\x01\
\x03\x00\x00\x00$\x00U\x00p\x00d\x00a\x00t\x00\
e\x00 \x00c\x00o\x00n\x00t\x00r\x00o\x00\
l\x00e\x00r\x00e\x00n\x08\x00\x00\x00\x00\x06\x00\
\x00\x00\x0cCheck Update\x07\
\x00\x00\x00\x0bManagerMenu\x01\
\x03\x00\x00\x00\x16\x00V\x00e\x00r\x00w\x00i\x00\
j\x00d\x00e\x00r\x00e\x00n\x08\x00\x00\x00\x00\
\x06\x00\x00\x00\x06Delete\x07\x00\x00\x00\x0b\
ManagerMenu\x01\x03\x00\x00\x00\
\x18\x00U\x00i\x00t\x00s\x00c\x00h\x00a\x00\
k\x00e\x00l\x00e\x00n\x08\x00\x00\x00\x00\x06\x00\
\x00\x00\x07Disable\x07\x00\x00\x00\x0bM\
anagerMenu\x01\x03\x00\x00\x00\x16\
\x00i\x00n\x00s\x00c\x00h\x00a\x00k\x00e\
\x00l\x00e\x00n\x08\x00\x00\x00\x00\x06\x00\x00\x00\x06\
Enable\x07\x00\x00\x00\x0bManag\
erMenu\x01\x03\x00\x00\x00\x0e\x00V\x00e\
\x00r\x00b\x00e\x00r\x00g\x08\x00\x00\x00\x00\x06\
\x00\x00\x00\x04Hide\x07\x00\x00\x00\x0bMan\
agerMenu\x01\x03\x00\x00\x00\x1a\x00M\
\x00a\x00p\x00 \x00o\x00p\x00e\x00n\x00e\
\x00n\x00.\x00.\x00.\x08\x00\x00\x00\x00\x06\x00\x00\
\x00\x0eOpen Folder...\
\x07\x00\x00\x00\x0bManagerMenu\
\x01\x03\x00\x00\x00 \x00T\x00a\x00g\x00(\x00s\
\x00)\x00 \x00w\x00e\x00e\x00r\x00g\x00e\
\x00v\x00e\x00n\x08\x00\x00\x00\x00\x06\x00\x00\x00\x0b\
View Tag(s)\x07\x00\x00\x00\x0b\
ManagerMenu\x01\x03\x00\x00\x00\
\x1a\x00B\x00e\x00z\x00o\x00e\x00k\x00 \x00\
p\x00a\x00g\x00i\x00n\x00a\x08\x00\x00\x00\x00\
\x06\x00\x00\x00\x0aVisit Page\x07\
\x00\x00\x00\x0bManagerMenu\x01\
\x03\x00\x00\x00J\x00E\x00r\x00 \x00i\x00s\x00\
 \x00e\x00e\x00n\x00 \x00n\x00i\x00e\x00\
u\x00w\x00e\x00 \x00v\x00e\x00r\x00s\x00\
i\x00e\x00 \x00g\x00e\x00v\x00o\x00n\x00\
d\x00e\x00n\x00 \x00v\x00o\x00o\x00r\x08\
\x00\x00\x00\x00\x06\x00\x00\x00 A new v\
ersion has been \
found for\x07\x00\x00\x00\x0dMo\
dListWidget\x01\x03\x00\x00\x00\
\x1a\x00U\x00i\x00t\x00g\x00e\x00s\x00c\x00\
h\x00a\x00k\x00e\x00l\x00d\x08\x00\x00\x00\x00\
\x06\x00\x00\x00\x08Disabled\x07\x00\x00\
\x00\x0dModListWidget\x01\
\x03\x00\x00\x00\x18\x00I\x00n\x00g\x00e\x00s\x00\
c\x00h\x00a\x00k\x00e\x00l\x00d\x08\x00\x00\
\x00\x00\x06\x00\x00\x00\x07Enabled\x07\x00\
\x00\x00\x0dModListWidget\
\x01\x03\x00\x00\x00\x0c\x00L\x00o\x00k\x00a\x00a\
\x00l\x08\x00\x00\x00\x00\x06\x00\x00\x00\x05Loca\
l\x07\x00\x00\x00\x0dModListWid\
get\x01\x03\x00\x00\x006\x00R\x00e\x00s\x00\
u\x00l\x00t\x00a\x00t\x00e\x00n\x00 \x00\
M\x00o\x00d\x00 \x00U\x00p\x00d\x00a\x00\
t\x00e\x00 \x00C\x00h\x00e\x00c\x00k\x08\
\x00\x00\x00\x00\x06\x00\x00\x00\x18Mod Upd\
ate Check Result\
s\x07\x00\x00\x00\x0dModListWid\
get\x01\x03\x00\x00\x00\x08\x00N\x00a\x00a\x00\
m\x08\x00\x00\x00\x00\x06\x00\x00\x00\x04Name\x07\
\x00\x00\x00\x0dModListWidge\
t\x01\x03\x00\x00\x00\x08\x00T\x00y\x00p\x00e\x08\
\x00\x00\x00\x00\x06\x00\x00\x00\x04Type\x07\x00\x00\
\x00\x0dModListWidget\x01\
\x03\x00\x00\x00\x0c\x00V\x00e\x00r\x00s\x00i\x00\
e\x08\x00\x00\x00\x00\x06\x00\x00\x00\x07Versi\
on\x07\x00\x00\x00\x0dModListWi\
dget\x01\x03\x00\x00\x00\x1a\x00i\x00s\x00 \
\x00b\x00i\x00j\x00g\x00e\x00w\x00e\x00r\
\x00k\x00t\x08\x00\x00\x00\x00\x06\x00\x00\x00\x0dis\
 up to date\x07\x00\x00\x00\x0d\
ModListWidget\x01\x03\x00\
\x00\x00l\x00E\x00r\x00 \x00i\x00s\x00 \x00\
e\x00e\x00n\x00 \x00f\x00o\x00u\x00t\x00\
 \x00o\x00p\x00g\x00e\x00t\x00r\x00e\x00\
d\x00e\x00n\x00 \x00b\x00i\x00j\x00 \x00\
h\x00e\x00t\x00 \x00s\x00t\x00a\x00r\x00\
t\x00e\x00n\x00 \x00v\x00a\x00n\x00 \x00\
P\x00A\x00Y\x00D\x00A\x00Y\x00 \x002\x08\
\x00\x00\x00\x00\x06\x00\x00\x00)An erro\
r occured trying\
 to start PAYDAY\
 2\x07\x00\x00\x00\x0aModManage\
r\x01\x03\x00\x00\x00H\x00K\x00o\x00n\x00 \x00\
P\x00A\x00Y\x00D\x00A\x00Y\x00 \x002\x00\
 \x00n\x00i\x00e\x00t\x00 \x00s\x00t\x00\
a\x00r\x00t\x00e\x00n\x00 \x00v\x00a\x00\
n\x00u\x00i\x00t\x00 \x00M\x00M\x00M\x08\
\x00\x00\x00\x00\x06\x00\x00\x00!Could n\
ot start PAYDAY \
2 from MMM\x07\x00\x00\x00\x0aM\
odManager\x01\x03\x00\x00\x00\x1e\x00\
S\x00p\x00e\x00l\x00g\x00i\x00d\x00s\x00\
 \x00o\x00p\x00e\x00n\x00e\x00n\x08\x00\x00\
\x00\x00\x06\x00\x00\x00\x13Open Game\
 Directory\x07\x00\x00\x00\x0aM\
odManager\x01\x03\x00\x00\x00(\x00\
P\x00a\x00d\x00 \x00i\x00s\x00 \x00n\x00\
i\x00e\x00t\x00 \x00a\x00b\x00s\x00o\x00\
l\x00u\x00u\x00t\x08\x00\x00\x00\x00\x06\x00\x00\x00\
\x14Path is not abs\
olute\x07\x00\x00\x00\x0aModMan\
ager\x01\x03\x00\x00\x00\x1a\x00V\x00e\x00r\
\x00n\x00i\x00e\x00u\x00w\x00 \x00M\x00o\
\x00d\x00s\x08\x00\x00\x00\x00\x06\x00\x00\x00\x0cRe\
fresh Mods\x07\x00\x00\x00\x0aM\
odManager\x01\x03\x00\x00\x00\xc8\x00\
Z\x00o\x00e\x00k\x00e\x00n\x00.\x00.\x00\
.\x00 \x00g\x00e\x00b\x00r\x00u\x00i\x00\
k\x00  \x1c\x00t\x00a\x00g\x00: \x1d\x00\
 \x00z\x00o\x00n\x00d\x00e\x00r\x00 \x00\
s\x00p\x00a\x00t\x00i\x00e\x00s\x00 \x00\
o\x00m\x00 \x00t\x00a\x00g\x00s\x00 \x00\
t\x00e\x00 \x00z\x00o\x00e\x00k\x00e\x00\
n\x00,\x00 \x00g\x00e\x00b\x00r\x00u\x00\
i\x00k\x00 \x00e\x00e\x00n\x00 \x00k\x00\
o\x00m\x00m\x00a\x00  \x1c\x00, \x1d\x00\
 \x00o\x00m\x00 \x00t\x00a\x00g\x00s\x00\
 \x00t\x00e\x00 \x00s\x00c\x00h\x00e\x00\
i\x00d\x00e\x00n\x08\x00\x00\x00\x00\x06\x00\x00\x00\
XSearch... use \x22\
tag:\x22 with no sp\
aces to search f\
or tags, use a c\
omma \x22,\x22 to sepe\
rate tags\x07\x00\x00\x00\x0aMo\
dManager\x01\x03\x00\x00\x00 \x00P\
\x00A\x00Y\x00D\x00A\x00Y\x00 \x002\x00 \
\x00s\x00t\x00a\x00r\x00t\x00e\x00n\x08\x00\
\x00\x00\x00\x06\x00\x00\x00\x0eStart PA\
YDAY 2\x07\x00\x00\x00\x0aModMa\
nager\x01\x03\x00\x00\x00$\x00T\x00o\x00\
t\x00a\x00a\x00l\x00 \x00a\x00a\x00n\x00\
t\x00a\x00l\x00 \x00m\x00o\x00d\x00s\x08\
\x00\x00\x00\x00\x06\x00\x00\x00\x0aTotal M\
ods\x07\x00\x00\x00\x0aModManag\
er\x01\x03\x00\x00\x00~\x00E\x00r\x00 \x00i\
\x00s\x00 \x00e\x00e\x00n\x00 \x00f\x00o\
\x00u\x00t\x00 \x00o\x00p\x00g\x00e\x00t\
\x00r\x00e\x00d\x00e\x00n\x00 \x00t\x00i\
\x00j\x00d\x00e\x00n\x00s\x00 \x00h\x00e\
\x00t\x00 \x00u\x00i\x00t\x00s\x00c\x00h\
\x00a\x00k\x00e\x00l\x00e\x00n\x00 \x00v\
\x00a\x00n\x00 \x00e\x00e\x00n\x00 \x00m\
\x00o\x00d\x00:\x08\x00\x00\x00\x00\x06\x00\x00\x00'\
An error occured\
 while disabling\
 a mod:\x07\x00\x00\x00\x11Move\
ToDisabledDir\x01\x03\x00\
\x00\x00\x18\x00u\x00i\x00t\x00s\x00c\x00h\x00\
a\x00k\x00e\x00l\x00e\x00n\x08\x00\x00\x00\x00\
\x06\x00\x00\x00\x09Disabling\x07\x00\
\x00\x00\x11MoveToDisable\
dDir\x01\x03\x00\x00\x00|\x00E\x00r\x00 \
\x00i\x00s\x00 \x00e\x00e\x00n\x00 \x00f\
\x00o\x00u\x00t\x00 \x00o\x00p\x00g\x00e\
\x00t\x00r\x00e\x00d\x00e\x00n\x00 \x00t\
\x00i\x00j\x00d\x00e\x00n\x00s\x00 \x00h\
\x00e\x00t\x00 \x00i\x00n\x00s\x00c\x00h\
\x00a\x00k\x00e\x00l\x00e\x00n\x00 \x00v\
\x00a\x00n\x00 \x00e\x00e\x00n\x00 \x00m\
\x00o\x00d\x00:\x08\x00\x00\x00\x00\x06\x00\x00\x00&\
An error occured\
 while enabling \
a mod:\x07\x00\x00\x00\x13MoveT\
oEnabledModDir\x01\x03\
\x00\x00\x00\x16\x00I\x00n\x00s\x00c\x00h\x00a\
\x00k\x00e\x00l\x00e\x00n\x08\x00\x00\x00\x00\x06\
\x00\x00\x00\x08Enabling\x07\x00\x00\x00\
\x13MoveToEnabledMo\
dDir\x01\x03\x00\x00\x00\x12\x00T\x00o\x00e\
\x00p\x00a\x00s\x00s\x00e\x00n\x08\x00\x00\x00\
\x00\x06\x00\x00\x00\x05Apply\x07\x00\x00\x00\x07\
Options\x01\x03\x00\x00\x00\x12\x00A\x00\
n\x00n\x00u\x00l\x00e\x00r\x00e\x00n\x08\
\x00\x00\x00\x00\x06\x00\x00\x00\x06Cancel\x07\
\x00\x00\x00\x07Options\x01\x03\x00\x00\x00\
\x10\x00A\x00l\x00g\x00e\x00m\x00e\x00e\x00\
n\x08\x00\x00\x00\x00\x06\x00\x00\x00\x07Gener\
al\x07\x00\x00\x00\x07Options\x01\x03\
\x00\x00\x00\x1e\x00G\x00e\x00n\x00e\x00g\x00e\
\x00e\x00r\x00d\x00e\x00 \x00m\x00o\x00d\
\x00s\x08\x00\x00\x00\x00\x06\x00\x00\x00\x0cIgno\
red Mods\x07\x00\x00\x00\x07Opt\
ions\x01\x03\x00\x00\x00\x0e\x00O\x00v\x00e\
\x00r\x00i\x00g\x00e\x08\x00\x00\x00\x00\x06\x00\x00\
\x00\x04Misc\x07\x00\x00\x00\x07Optio\
ns\x01\x03\x00\x00\x00\x1e\x00S\x00n\x00e\x00l\
\x00k\x00o\x00p\x00p\x00e\x00l\x00i\x00n\
\x00g\x00e\x00n\x08\x00\x00\x00\x00\x06\x00\x00\x00\x09\
Shortcuts\x07\x00\x00\x00\x07Op\
tions\x01\x03\x00\x00\x00,\x00C\x00o\x00\
n\x00t\x00r\x00o\x00l\x00e\x00r\x00e\x00\
n\x00 \x00o\x00p\x00 \x00u\x00p\x00d\x00\
a\x00t\x00e\x00s\x08\x00\x00\x00\x00\x06\x00\x00\x00\
\x11Check for updat\
es\x07\x00\x00\x00\x0eOptionsGe\
neral\x01\x03\x00\x00\x00\x1c\x00C\x00o\x00\
n\x00t\x00r\x00o\x00l\x00e\x00r\x00e\x00\
n\x00.\x00.\x00.\x08\x00\x00\x00\x00\x06\x00\x00\x00\
\x0bChecking...\x07\x00\x00\x00\
\x0eOptionsGeneral\x01\
\x03\x00\x00\x00\x16\x00K\x00l\x00e\x00u\x00r\x00\
 \x00T\x00h\x00e\x00m\x00a\x08\x00\x00\x00\x00\
\x06\x00\x00\x00\x0bColor Theme\
\x07\x00\x00\x00\x0eOptionsGene\
ral\x01\x03\x00\x00\x00\x0c\x00D\x00o\x00n\x00\
k\x00e\x00r\x08\x00\x00\x00\x00\x06\x00\x00\x00\x04D\
ark\x07\x00\x00\x00\x0eOptionsG\
eneral\x01\x03\x00\x00\x000\x00U\x00i\
\x00t\x00g\x00e\x00s\x00c\x00h\x00a\x00k\
\x00e\x00l\x00d\x00 \x00M\x00o\x00d\x00s\
\x00 \x00P\x00a\x00t\x00h\x00:\x08\x00\x00\x00\
\x00\x06\x00\x00\x00\x13Disabled M\
ods Path:\x07\x00\x00\x00\x0eOp\
tionsGeneral\x01\x03\x00\x00\
\x00^\x00F\x00o\x00u\x00t\x00:\x00 \x00C\
\x00o\x00n\x00t\x00r\x00o\x00l\x00e\x00e\
\x00r\x00 \x00l\x00o\x00g\x00b\x00o\x00e\
\x00k\x00e\x00n\x00 \x00v\x00o\x00o\x00r\
\x00 \x00m\x00e\x00e\x00r\x00 \x00i\x00n\
\x00f\x00o\x00r\x00m\x00a\x00t\x00i\x00e\
\x08\x00\x00\x00\x00\x06\x00\x00\x00\x1fError:\
 Check logs for \
more info\x07\x00\x00\x00\x0eOp\
tionsGeneral\x01\x03\x00\x00\
\x00\x10\x00A\x00l\x00g\x00e\x00m\x00e\x00e\
\x00n\x08\x00\x00\x00\x00\x06\x00\x00\x00\x07Gene\
ral\x07\x00\x00\x00\x0eOptionsG\
eneral\x01\x03\x00\x00\x00\x0a\x00T\x00a\
\x00a\x00l\x00:\x08\x00\x00\x00\x00\x06\x00\x00\x00\x09\
Language:\x07\x00\x00\x00\x0eOp\
tionsGeneral\x01\x03\x00\x00\
\x00\x0a\x00L\x00i\x00c\x00h\x00t\x08\x00\x00\x00\
\x00\x06\x00\x00\x00\x05Light\x07\x00\x00\x00\x0e\
OptionsGeneral\x01\x03\
\x00\x00\x00$\x00P\x00a\x00y\x00d\x00a\x00y\
\x00 \x002\x00 \x00S\x00p\x00e\x00l\x00 \
\x00m\x00a\x00p\x00:\x08\x00\x00\x00\x00\x06\x00\x00\
\x00\x18Payday 2 Game \
Directory:\x07\x00\x00\x00\x0eO\
ptionsGeneral\x01\x03\x00\
\x00\x00\x16\x00U\x00p\x00 \x00t\x00o\x00 \x00\
d\x00a\x00t\x00e\x00!\x08\x00\x00\x00\x00\x06\x00\
\x00\x00\x0bUp to date!\x07\x00\
\x00\x00\x0eOptionsGenera\
l\x01\x03\x00\x00\x00D\x00U\x00p\x00d\x00a\x00\
t\x00e\x00w\x00a\x00a\x00r\x00s\x00c\x00\
h\x00u\x00w\x00i\x00n\x00g\x00e\x00n\x00\
 \x00b\x00i\x00j\x00 \x00o\x00p\x00s\x00\
t\x00a\x00r\x00t\x00e\x00n\x08\x00\x00\x00\x00\
\x06\x00\x00\x00\x18Update aler\
ts on startup\x07\x00\x00\
\x00\x0eOptionsGeneral\
\x01\x03\x00\x00\x00\x0e\x00U\x00p\x00d\x00a\x00t\
\x00e\x00s\x08\x00\x00\x00\x00\x06\x00\x00\x00\x07Up\
dates\x07\x00\x00\x00\x0eOption\
sGeneral\x01\x03\x00\x00\x00\x1e\x00V\
\x00e\x00r\x00b\x00o\x00r\x00g\x00e\x00n\
\x00 \x00m\x00o\x00d\x00s\x00:\x08\x00\x00\x00\
\x00\x06\x00\x00\x00\x0cHidden Mod\
s:\x07\x00\x00\x00\x12OptionsIg\
noredMods\x01\x03\x00\x00\x00\x18\x00\
B\x00a\x00c\x00k\x00-\x00u\x00p\x00 \x00\
m\x00o\x00d\x00s\x08\x00\x00\x00\x00\x06\x00\x00\x00\
\x0bBackup Mods\x07\x00\x00\x00\
\x0bOptionsMisc\x01\x03\x00\x00\
\x00\x82\x00K\x00o\x00p\x00i\x00e\x00e\x00r\
\x00t\x00 \x00e\x00n\x00 \x00c\x00o\x00m\
\x00p\x00r\x00i\x00m\x00e\x00e\x00r\x00t\
\x00 \x00a\x00l\x00 \x00j\x00e\x00 \x00m\
\x00o\x00d\x00s\x00 \x00n\x00a\x00a\x00r\
\x00 \x00d\x00e\x00 \x00i\x00n\x00s\x00t\
\x00a\x00l\x00l\x00a\x00t\x00i\x00e\x00m\
\x00a\x00p\x00 \x00v\x00a\x00n\x00 \x00M\
\x00M\x00M\x08\x00\x00\x00\x00\x06\x00\x00\x00CCo\
pies and compres\
ses all of your \
mods to MMM's in\
stallation folde\
r\x07\x00\x00\x00\x0bOptionsMis\
c\x01\x03\x00\x00\x00\x0e\x00O\x00v\x00e\x00r\x00\
i\x00g\x00e\x08\x00\x00\x00\x00\x06\x00\x00\x00\x04M\
isc\x07\x00\x00\x00\x0bOptionsM\
isc\x01\x03\x00\x00\x00j\x00M\x00y\x00t\x00\
h\x00 \x00M\x00o\x00d\x00 \x00M\x00a\x00\
n\x00a\x00g\x00e\x00r\x00:\x00 \x00V\x00\
a\x00n\x00i\x00l\x00l\x00a\x00 \x00c\x00\
r\x00a\x00s\x00h\x00 \x00l\x00o\x00g\x00\
s\x00 \x00n\x00i\x00e\x00t\x00 \x00o\x00\
n\x00d\x00e\x00r\x00s\x00t\x00e\x00u\x00\
n\x00d\x08\x00\x00\x00\x00\x06\x00\x00\x000Myt\
h Mod Manager: V\
anilla crash log\
s unsupported\x07\x00\x00\
\x00\x0bOptionsMisc\x01\x03\x00\
\x00\x00\x22\x00O\x00p\x00e\x00n\x00 \x00c\x00\
r\x00a\x00s\x00h\x00l\x00o\x00g\x00s\x00\
.\x00.\x00.\x08\x00\x00\x00\x00\x06\x00\x00\x00\x12O\
pen Crash Logs..\
.\x07\x00\x00\x00\x0bOptionsMis\
c\x01\x03\x00\x00\x00,\x00O\x00p\x00e\x00n\x00\
 \x00M\x00o\x00d\x00 \x00C\x00r\x00a\x00\
s\x00h\x00 \x00L\x00o\x00g\x00s\x00.\x00\
.\x00.\x08\x00\x00\x00\x00\x06\x00\x00\x00\x16Ope\
n Mod Crash Logs\
...\x07\x00\x00\x00\x0bOptionsM\
isc\x01\x03\x00\x00\x00N\x00O\x00p\x00e\x00\
n\x00t\x00 \x00d\x00e\x00 \x00c\x00r\x00\
a\x00s\x00h\x00 \x00l\x00o\x00g\x00 \x00\
m\x00a\x00p\x00 \x00d\x00i\x00e\x00 \x00\
B\x00L\x00T\x00 \x00g\x00e\x00b\x00r\x00\
u\x00i\x00k\x00t\x08\x00\x00\x00\x00\x06\x00\x00\x00\
+Opens the crash\
 log directory t\
hat BLT uses\x07\x00\x00\x00\
\x0bOptionsMisc\x01\x03\x00\x00\
\x00~\x00O\x00p\x00e\x00n\x00t\x00 \x00d\
\x00e\x00 \x00c\x00r\x00a\x00s\x00h\x00 \
\x00l\x00o\x00g\x00 \x00m\x00a\x00p\x00 \
\x00d\x00i\x00e\x00 \x00g\x00e\x00b\x00r\
\x00u\x00i\x00k\x00t\x00 \x00w\x00o\x00r\
\x00d\x00t\x00 \x00d\x00o\x00o\x00r\x00 \
\x00v\x00a\x00n\x00i\x00l\x00l\x00a\x00 \
\x00P\x00a\x00y\x00d\x00a\x00y\x00 \x002\
\x08\x00\x00\x00\x00\x06\x00\x00\x006Opens \
the crash log di\
rectory used by \
vanilla Payday 2\
\x07\x00\x00\x00\x0bOptionsMisc\
\x01\x03\x00\x00\x00\x80\x00O\x00v\x00e\x00r\x00k\
\x00i\x00l\x00l\x00 \x00h\x00e\x00e\x00f\
\x00t\x00 \x00g\x00e\x00e\x00n\x00 \x00v\
\x00a\x00n\x00i\x00l\x00l\x00a\x00 \x00c\
\x00r\x00a\x00s\x00h\x00 \x00l\x00o\x00g\
\x00 \x00g\x00e\x00\xef\x00m\x00p\x00l\x00e\
\x00m\x00e\x00n\x00t\x00e\x00e\x00r\x00d\
\x00 \x00v\x00o\x00o\x00r\x00 \x00l\x00i\
\x00n\x00u\x00x\x08\x00\x00\x00\x00\x06\x00\x00\x008\
Overkill did not\
 implement a van\
illa crash log f\
or linux\x07\x00\x00\x00\x0bOpt\
ionsMisc\x01\x03\x00\x00\x00*\x00P\
\x00r\x00o\x00f\x00i\x00e\x00l\x00n\x00a\
\x00a\x00m\x00 \x00w\x00i\x00j\x00z\x00i\
\x00g\x00e\x00n\x00:\x08\x00\x00\x00\x00\x06\x00\x00\
\x00\x14Change Profile\
 Name:\x07\x00\x00\x00\x10Optio\
nsShortcuts\x01\x03\x00\x00\x00\
6\x00M\x00o\x00d\x00 \x00o\x00f\x00 \x00\
p\x00r\x00o\x00f\x00i\x00e\x00l\x00 \x00\
v\x00e\x00r\x00w\x00i\x00j\x00d\x00e\x00\
r\x00e\x00n\x00:\x08\x00\x00\x00\x00\x06\x00\x00\x00\
\x16Delete Mod or P\
rofile:\x07\x00\x00\x00\x10Opti\
onsShortcuts\x01\x03\x00\x00\
\x00&\x00A\x00l\x00l\x00e\x00s\x00 \x00d\
\x00e\x00s\x00e\x00l\x00e\x00c\x00t\x00e\
\x00r\x00e\x00n\x00:\x08\x00\x00\x00\x00\x06\x00\x00\
\x00\x0dDeselect All:\x07\
\x00\x00\x00\x10OptionsShort\
cuts\x01\x03\x00\x00\x00\x22\x00A\x00l\x00l\
\x00e\x00s\x00 \x00s\x00e\x00l\x00e\x00c\
\x00t\x00e\x00r\x00e\x00n\x00:\x08\x00\x00\x00\
\x00\x06\x00\x00\x00\x0bSelect All\
:\x07\x00\x00\x00\x10OptionsSho\
rtcuts\x01\x03\x00\x00\x00\x1e\x00S\x00n\
\x00e\x00l\x00k\x00o\x00p\x00p\x00e\x00l\
\x00i\x00n\x00g\x00e\x00n\x08\x00\x00\x00\x00\x06\
\x00\x00\x00\x09Shortcuts\x07\x00\x00\
\x00\x10OptionsShortcu\
ts\x01\x03\x00\x00\x00j\x00T\x00a\x00b\x00b\
\x00l\x00a\x00d\x00e\x00n\x00 \x00w\x00i\
\x00j\x00z\x00i\x00g\x00e\x00n\x00:\x00 \
\x00P\x00i\x00j\x00l\x00 \x00n\x00a\x00a\
\x00r\x00 \x00l\x00i\x00n\x00k\x00s\x00,\
\x00 \x00P\x00i\x00j\x00l\x00 \x00n\x00a\
\x00a\x00r\x00 \x00r\x00e\x00c\x00h\x00t\
\x00s\x08\x00\x00\x00\x00\x06\x00\x00\x00$Swit\
ch tabs: Arrow l\
eft, Arrow right\
\x07\x00\x00\x00\x10OptionsShor\
tcuts\x01\x03\x00\x00\x00N\x00E\x00r\x00\
 \x00b\x00e\x00s\x00t\x00a\x00a\x00t\x00\
 \x00a\x00l\x00 \x00e\x00e\x00n\x00 \x00\
p\x00r\x00o\x00f\x00i\x00e\x00l\x00 \x00\
m\x00e\x00t\x00 \x00d\x00i\x00e\x00 \x00\
n\x00a\x00a\x00m\x00:\x08\x00\x00\x00\x00\x06\x00\
\x00\x00(A profile wit\
h that name alre\
ady exists:\x07\x00\x00\x00\x0b\
ProfileList\x01\x03\x00\x00\x00\
6\x00F\x00o\x00u\x00t\x00:\x00 \x00D\x00\
u\x00p\x00l\x00i\x00c\x00a\x00a\x00t\x00\
 \x00p\x00r\x00o\x00f\x00i\x00e\x00l\x00\
n\x00a\x00a\x00m\x08\x00\x00\x00\x00\x06\x00\x00\x00\
\x1dError: Duplicat\
e profile name\x07\x00\
\x00\x00\x0bProfileList\x01\x03\
\x00\x00\x00\x16\x00A\x00a\x00n\x00t\x00a\x00l\
\x00 \x00M\x00o\x00d\x00s\x08\x00\x00\x00\x00\x06\
\x00\x00\x00\x09Mod Count\x07\x00\x00\
\x00\x0bProfileList\x01\x03\x00\
\x00\x00&\x00N\x00i\x00e\x00u\x00w\x00e\x00\
 \x00p\x00r\x00o\x00f\x00i\x00e\x00l\x00\
n\x00a\x00a\x00m\x00:\x08\x00\x00\x00\x00\x06\x00\
\x00\x00\x11New profile n\
ame:\x07\x00\x00\x00\x0bProfile\
List\x01\x03\x00\x00\x00\x0e\x00P\x00r\x00o\
\x00f\x00i\x00e\x00l\x08\x00\x00\x00\x00\x06\x00\x00\
\x00\x07Profile\x07\x00\x00\x00\x0bPr\
ofileList\x01\x03\x00\x00\x00\x1c\x00\
M\x00o\x00d\x00s\x00 \x00t\x00o\x00e\x00\
v\x00o\x00e\x00g\x00e\x00n\x08\x00\x00\x00\x00\
\x06\x00\x00\x00\x08Add Mods\x07\x00\x00\
\x00\x0bProfileMenu\x01\x03\x00\
\x00\x00\x22\x00P\x00r\x00o\x00f\x00i\x00e\x00\
l\x00 \x00t\x00o\x00e\x00v\x00o\x00e\x00\
g\x00e\x00n\x08\x00\x00\x00\x00\x06\x00\x00\x00\x0bA\
dd Profile\x07\x00\x00\x00\x0bP\
rofileMenu\x01\x03\x00\x00\x00\x22\
\x00P\x00r\x00o\x00f\x00i\x00e\x00l\x00 \
\x00t\x00o\x00e\x00p\x00a\x00s\x00s\x00e\
\x00n\x08\x00\x00\x00\x00\x06\x00\x00\x00\x0dAppl\
y Profile\x07\x00\x00\x00\x0bPr\
ofileMenu\x01\x03\x00\x00\x00(\x00\
P\x00r\x00o\x00f\x00i\x00e\x00l\x00n\x00\
a\x00a\x00m\x00 \x00w\x00i\x00j\x00z\x00\
i\x00g\x00e\x00n\x08\x00\x00\x00\x00\x06\x00\x00\x00\
\x13Change Profile \
Name\x07\x00\x00\x00\x0bProfile\
Menu\x01\x03\x00\x00\x00 \x00P\x00r\x00o\
\x00f\x00i\x00e\x00l\x00 \x00k\x00o\x00p\
\x00i\x00\xeb\x00r\x00e\x00n\x08\x00\x00\x00\x00\x06\
\x00\x00\x00\x0cCopy Profile\
\x07\x00\x00\x00\x0bProfileMenu\
\x01\x03\x00\x00\x00.\x00M\x00o\x00d\x00(\x00s\
\x00)\x00 \x00k\x00o\x00p\x00i\x00\xeb\x00r\
\x00e\x00n\x00 \x00n\x00a\x00a\x00r\x00.\
\x00.\x00.\x08\x00\x00\x00\x00\x06\x00\x00\x00\x11Co\
py mod(s) to...\x07\
\x00\x00\x00\x0bProfileMenu\x01\
\x03\x00\x00\x00\x1e\x00M\x00o\x00d\x00 \x00v\x00\
e\x00r\x00w\x00i\x00j\x00d\x00e\x00r\x00\
e\x00n\x08\x00\x00\x00\x00\x06\x00\x00\x00\x0aRem\
ove Mod\x07\x00\x00\x00\x0bProf\
ileMenu\x01\x03\x00\x00\x00&\x00P\x00\
r\x00o\x00f\x00i\x00e\x00l\x00 \x00v\x00\
e\x00r\x00w\x00i\x00j\x00d\x00e\x00r\x00\
e\x00n\x08\x00\x00\x00\x00\x06\x00\x00\x00\x0eRem\
ove Profile\x07\x00\x00\x00\x0b\
ProfileMenu\x01\x03\x00\x00\x00\
P\x00G\x00e\x00a\x00n\x00n\x00u\x00l\x00\
e\x00e\x00r\x00d\x00,\x00 \x00a\x00f\x00\
s\x00l\x00u\x00i\x00t\x00e\x00n\x00 \x00\
o\x00m\x00 \x00v\x00e\x00r\x00d\x00e\x00\
r\x00 \x00t\x00e\x00 \x00g\x00a\x00a\x00\
n\x08\x00\x00\x00\x00\x06\x00\x00\x00\x1aCance\
led, exit to con\
tinue\x07\x00\x00\x00\x0eProgre\
ssWidget\x01\x03\x00\x00\x00\x0c\x00K\
\x00l\x00a\x00a\x00r\x00!\x08\x00\x00\x00\x00\x06\
\x00\x00\x00\x05Done!\x07\x00\x00\x00\x0ePr\
ogressWidget\x01\x03\x00\x00\
\x002\x00A\x00f\x00s\x00l\x00u\x00i\x00t\
\x00e\x00n\x00 \x00o\x00m\x00 \x00d\x00o\
\x00o\x00r\x00 \x00t\x00e\x00 \x00g\x00a\
\x00a\x00n\x08\x00\x00\x00\x00\x06\x00\x00\x00\x10Ex\
it to continue\x07\x00\
\x00\x00\x0eProgressWidge\
t\x01\x03\x00\x00\x00*\x00M\x00y\x00t\x00h\x00\
 \x00M\x00o\x00d\x00 \x00M\x00a\x00n\x00\
a\x00g\x00e\x00r\x00 \x00T\x00a\x00a\x00\
k\x08\x00\x00\x00\x00\x06\x00\x00\x00\x15Myth \
Mod Manager Task\
\x07\x00\x00\x00\x0eProgressWid\
get\x01\x03\x00\x00\x00D\x00M\x00o\x00d\x00\
s\x00 \x00d\x00i\x00e\x00 \x00m\x00o\x00\
e\x00t\x00e\x00n\x00 \x00w\x00o\x00r\x00\
d\x00e\x00n\x00 \x00t\x00o\x00e\x00g\x00\
e\x00v\x00o\x00e\x00g\x00d\x00:\x08\x00\x00\
\x00\x00\x06\x00\x00\x00\x11Mods to b\
e added:\x07\x00\x00\x00\x09Sel\
ectMod\x01\x03\x00\x00\x00\xc8\x00Z\x00o\
\x00e\x00k\x00e\x00n\x00.\x00.\x00.\x00 \
\x00g\x00e\x00b\x00r\x00u\x00i\x00k\x00 \
 \x1c\x00t\x00a\x00g\x00: \x1d\x00 \x00z\
\x00o\x00n\x00d\x00e\x00r\x00 \x00s\x00p\
\x00a\x00t\x00i\x00e\x00s\x00 \x00o\x00m\
\x00 \x00t\x00a\x00g\x00s\x00 \x00t\x00e\
\x00 \x00z\x00o\x00e\x00k\x00e\x00n\x00,\
\x00 \x00g\x00e\x00b\x00r\x00u\x00i\x00k\
\x00 \x00e\x00e\x00n\x00 \x00k\x00o\x00m\
\x00m\x00a\x00  \x1c\x00, \x1d\x00 \x00o\
\x00m\x00 \x00t\x00a\x00g\x00s\x00 \x00t\
\x00e\x00 \x00s\x00c\x00h\x00e\x00i\x00d\
\x00e\x00n\x08\x00\x00\x00\x00\x06\x00\x00\x00XSe\
arch... use \x22tag\
:\x22 with no space\
s to search for \
tags, use a comm\
a \x22,\x22 to seperat\
e tags\x07\x00\x00\x00\x09Selec\
tMod\x01\x03\x00\x00\x00F\x00P\x00r\x00o\
\x00f\x00i\x00e\x00l\x00 \x00o\x00m\x00 \
\x00m\x00o\x00d\x00(\x00s\x00)\x00 \x00n\
\x00a\x00a\x00r\x00 \x00t\x00e\x00 \x00k\
\x00o\x00p\x00i\x00\xeb\x00r\x00e\x00n\x00:\
\x08\x00\x00\x00\x00\x06\x00\x00\x00\x1aProfil\
e to copy mod(s)\
 to:\x07\x00\x00\x00\x0dSelectP\
rofile\x01\x03\x00\x00\x00\x12\x00Z\x00o\
\x00e\x00k\x00e\x00n\x00.\x00.\x00.\x08\x00\
\x00\x00\x00\x06\x00\x00\x00\x09Search..\
.\x07\x00\x00\x00\x0dSelectProf\
ile\x01\x03\x00\x00\x00\x08\x00N\x00a\x00a\x00\
m\x08\x00\x00\x00\x00\x06\x00\x00\x00\x04Name\x07\
\x00\x00\x00\x0aTagDisplay\x01\x03\
\x00\x00\x00\x08\x00T\x00a\x00g\x00s\x08\x00\x00\x00\
\x00\x06\x00\x00\x00\x04Tags\x07\x00\x00\x00\x0aT\
agDisplay\x01\x03\x00\x00\x00*\x00\
T\x00a\x00g\x00 \x00t\x00o\x00e\x00v\x00\
o\x00e\x00g\x00e\x00n\x00 \x00a\x00a\x00\
n\x00 \x00m\x00o\x00d\x08\x00\x00\x00\x00\x06\x00\
\x00\x00\x0eAdd tag to mo\
d\x07\x00\x00\x00\x0aTagHandler\
\x01\x03\x00\x00\x00.\x00T\x00a\x00g\x00 \x00u\
\x00i\x00t\x00 \x00m\x00o\x00d\x00 \x00v\
\x00e\x00r\x00w\x00i\x00j\x00d\x00e\x00r\
\x00e\x00n\x08\x00\x00\x00\x00\x06\x00\x00\x00\x13Re\
move tag from mo\
d\x07\x00\x00\x00\x0aTagHandler\
\x01\x03\x00\x00\x00\x80\x00O\x00m\x00 \x00m\x00e\
\x00e\x00r\x00d\x00e\x00r\x00e\x00 \x00t\
\x00a\x00g\x00s\x00 \x00t\x00e\x00 \x00s\
\x00p\x00e\x00c\x00i\x00f\x00i\x00c\x00e\
\x00r\x00e\x00n\x00,\x00 \x00s\x00c\x00h\
\x00e\x00i\x00d\x00t\x00 \x00u\x00 \x00z\
\x00e\x00 \x00m\x00e\x00t\x00 \x00e\x00e\
\x00n\x00 \x00k\x00o\x00m\x00m\x00a\x00 \
 \x1c\x00, \x1d\x08\x00\x00\x00\x00\x06\x00\x00\x007\
To specify multi\
ple tags seperat\
e them with a co\
mma \x22,\x22\x07\x00\x00\x00\x0aTagH\
andler\x01\x03\x00\x00\x00Z\x00(\x00D\
\x00e\x00z\x00e\x00 \x00a\x00c\x00t\x00i\
\x00e\x00 \x00k\x00a\x00n\x00 \x00n\x00i\
\x00e\x00t\x00 \x00o\x00n\x00g\x00e\x00d\
\x00a\x00a\x00n\x00 \x00w\x00o\x00r\x00d\
\x00e\x00n\x00 \x00g\x00e\x00m\x00a\x00a\
\x00k\x00t\x00)\x08\x00\x00\x00\x00\x06\x00\x00\x00 \
(This action can\
not be reversed)\
\x07\x00\x00\x00\x09TagViewer\x01\x03\
\x00\x00\x00\x9e\x00W\x00e\x00e\x00t\x00 \x00j\
\x00e\x00 \x00z\x00e\x00k\x00e\x00r\x00 \
\x00d\x00a\x00t\x00 \x00j\x00e\x00 \x00a\
\x00l\x00l\x00e\x00 \x00t\x00a\x00g\x00s\
\x00 \x00w\x00i\x00l\x00t\x00 \x00v\x00e\
\x00r\x00w\x00i\x00j\x00d\x00e\x00r\x00e\
\x00n\x00 \x00d\x00i\x00e\x00 \x00g\x00e\
\x00k\x00o\x00p\x00p\x00e\x00l\x00d\x00 \
\x00z\x00i\x00j\x00n\x00 \x00a\x00a\x00n\
\x00 \x00j\x00e\x00 \x00m\x00o\x00d\x00s\
\x00?\x08\x00\x00\x00\x00\x06\x00\x00\x00JAre \
you sure you wan\
t to delete all \
of the tags asso\
ciated with your\
 mods?\x07\x00\x00\x00\x09TagVi\
ewer\x01\x03\x00\x00\x00*\x00A\x00l\x00l\
\x00e\x00 \x00t\x00a\x00g\x00s\x00 \x00v\
\x00e\x00r\x00w\x00i\x00j\x00d\x00e\x00r\
\x00e\x00n\x08\x00\x00\x00\x00\x06\x00\x00\x00\x0fDe\
lete all tags\x07\x00\x00\
\x00\x09TagViewer\x01\x03\x00\x00\x00\
\x1c\x00M\x00o\x00d\x00 \x00T\x00a\x00g\x00\
 \x00V\x00i\x00e\x00w\x00e\x00r\x08\x00\x00\
\x00\x00\x06\x00\x00\x00\x0eMod Tag V\
iewer\x07\x00\x00\x00\x09TagVie\
wer\x01\x03\x00\x00\x00 \x00T\x00a\x00g\x00\
(\x00s\x00)\x00 \x00t\x00o\x00e\x00v\x00\
o\x00e\x00g\x00e\x00n\x08\x00\x00\x00\x00\x06\x00\
\x00\x00\x0aAdd Tag(s)\x07\x00\x00\
\x00\x0dTagViewerMenu\x01\
\x03\x00\x00\x00*\x00A\x00l\x00l\x00e\x00 \x00\
t\x00a\x00g\x00s\x00 \x00v\x00e\x00r\x00\
w\x00i\x00j\x00d\x00e\x00r\x00e\x00n\x08\
\x00\x00\x00\x00\x06\x00\x00\x00\x0fDelete \
All Tags\x07\x00\x00\x00\x0dTag\
ViewerMenu\x01\x03\x00\x00\x00$\
\x00T\x00a\x00g\x00(\x00s\x00)\x00 \x00v\
\x00e\x00r\x00w\x00i\x00j\x00d\x00e\x00r\
\x00e\x00n\x08\x00\x00\x00\x00\x06\x00\x00\x00\x0dRe\
move Tag(s)\x07\x00\x00\x00\x0d\
TagViewerMenu\x01\x03\x00\
\x00\x00*\x00G\x00e\x00r\x00e\x00e\x00d\x00\
s\x00c\x00h\x00a\x00p\x00 \x00t\x00o\x00\
e\x00v\x00o\x00e\x00g\x00e\x00n\x08\x00\x00\
\x00\x00\x06\x00\x00\x00\x08Add Tool\x07\
\x00\x00\x00\x0bToolManager\x01\
\x03\x00\x00\x00*\x00U\x00i\x00t\x00v\x00o\x00\
e\x00r\x00b\x00a\x00r\x00e\x00 \x00b\x00\
e\x00s\x00t\x00a\x00n\x00d\x00e\x00n\x08\
\x00\x00\x00\x00\x06\x00\x00\x00\x0bExecuta\
bles\x07\x00\x00\x00\x0bToolMan\
ager\x01\x03\x00\x00\x00>\x00E\x00x\x00t\
\x00e\x00r\x00n\x00 \x00h\x00u\x00l\x00p\
\x00p\x00r\x00o\x00g\x00r\x00a\x00m\x00m\
\x00a\x00 \x00s\x00e\x00l\x00e\x00c\x00t\
\x00e\x00r\x00e\x00n\x08\x00\x00\x00\x00\x06\x00\x00\
\x00\x17Select Externa\
l Tool(s)\x07\x00\x00\x00\x0bTo\
olManager\x01\x03\x00\x00\x00N\x00\
E\x00r\x00 \x00i\x00s\x00 \x00e\x00e\x00\
n\x00 \x00f\x00o\x00u\x00t\x00 \x00o\x00\
p\x00g\x00e\x00t\x00r\x00e\x00d\x00e\x00\
n\x00 \x00b\x00i\x00j\x00 \x00u\x00n\x00\
Z\x00i\x00p\x00M\x00o\x00d\x00:\x08\x00\x00\
\x00\x00\x06\x00\x00\x00 An error \
was raised in un\
ZipMod:\x07\x00\x00\x00\x08UnZi\
pMod\x01\x03\x00\x00\x00X\x00P\x00r\x00o\
\x00b\x00e\x00e\x00r\x00 \x00d\x00e\x00 \
\x00m\x00o\x00d\x00 \x00e\x00e\x00r\x00s\
\x00t\x00 \x00h\x00a\x00n\x00d\x00m\x00a\
\x00t\x00i\x00g\x00 \x00u\x00i\x00t\x00 \
\x00t\x00e\x00 \x00p\x00a\x00k\x00k\x00e\
\x00n\x08\x00\x00\x00\x00\x06\x00\x00\x00%Try \
extracting the m\
od manually firs\
t\x07\x00\x00\x00\x08UnZipMod\x01\x03\
\x00\x00\x00\x12\x00U\x00i\x00t\x00p\x00a\x00k\
\x00k\x00e\x00n\x08\x00\x00\x00\x00\x06\x00\x00\x00\x09\
Unpacking\x07\x00\x00\x00\x08Un\
ZipMod\x01\x03\x00\x00\x00>\x00B\x00e\
\x00s\x00t\x00a\x00n\x00d\x00s\x00r\x00e\
\x00c\x00h\x00t\x00e\x00n\x00 \x00c\x00o\
\x00n\x00t\x00r\x00o\x00l\x00e\x00r\x00e\
\x00n\x00 \x00v\x00a\x00n\x08\x00\x00\x00\x00\x06\
\x00\x00\x00\x1cChecking fil\
e permissions of\
\x07\x00\x00\x00\x06Worker\x01\x03\x00\x00\x00\
4\x00M\x00a\x00p\x00r\x00e\x00c\x00h\x00\
t\x00e\x00n\x00 \x00c\x00o\x00n\x00t\x00\
r\x00o\x00l\x00e\x00r\x00e\x00n\x00 \x00\
v\x00a\x00n\x08\x00\x00\x00\x00\x06\x00\x00\x00\x1eC\
hecking folder p\
ermissions of\x07\x00\x00\
\x00\x06Worker\x01\x03\x00\x00\x006\x00I\
\x00n\x00s\x00t\x00a\x00l\x00l\x00a\x00t\
\x00i\x00e\x00 \x00h\x00e\x00r\x00s\x00t\
\x00e\x00l\x00l\x00e\x00n\x00 \x00v\x00o\
\x00o\x00r\x08\x00\x00\x00\x00\x06\x00\x00\x00\x12Fi\
xing install for\
\x07\x00\x00\x00\x06Worker\x01\x03\x00\x00\x00\
\x1c\x00T\x00e\x00k\x00s\x00t\x00 \x00i\x00\
n\x00v\x00o\x00e\x00g\x00e\x00n\x08\x00\x00\
\x00\x00\x06\x00\x00\x00\x0bInsert te\
xt\x07\x00\x00\x00\x0cinsertStr\
ing\x01\x03\x00\x00\x00V\x00P\x00r\x00o\x00\
f\x00i\x00e\x00l\x00:\x00 \x00S\x00o\x00\
m\x00m\x00i\x00g\x00e\x00 \x00m\x00o\x00\
d\x00s\x00 \x00w\x00e\x00r\x00d\x00e\x00\
n\x00 \x00n\x00i\x00e\x00t\x00 \x00t\x00\
o\x00e\x00g\x00e\x00p\x00a\x00s\x00t\x08\
\x00\x00\x00\x00\x06\x00\x00\x00#Profile\
: Some mods were\
 not applied\x07\x00\x00\x00\
\x0amodProfile\x01\x03\x00\x00\x00\
\x8c\x00D\x00e\x00 \x00v\x00o\x00l\x00g\x00\
e\x00n\x00d\x00e\x00 \x00m\x00o\x00d\x00\
s\x00 \x00z\x00i\x00j\x00n\x00 \x00n\x00\
i\x00e\x00t\x00 \x00t\x00o\x00e\x00g\x00\
e\x00p\x00a\x00s\x00t\x00 \x00o\x00m\x00\
d\x00a\x00t\x00 \x00z\x00e\x00 \x00n\x00\
i\x00e\x00t\x00 \x00g\x00e\x00\xef\x00n\x00\
s\x00t\x00a\x00l\x00l\x00e\x00e\x00r\x00\
d\x00 \x00z\x00i\x00j\x00n\x00:\x08\x00\x00\
\x00\x00\x06\x00\x00\x00CThe follo\
wing mods were n\
ot applied becau\
se they are not \
installed:\x07\x00\x00\x00\x0am\
odProfile\x01\x03\x00\x00\x00 \x00\
M\x00o\x00d\x00s\x00 \x00i\x00n\x00s\x00\
t\x00a\x00l\x00l\x00e\x00r\x00e\x00n\x08\
\x00\x00\x00\x00\x06\x00\x00\x00\x0fInstall\
ing mods\x07\x00\x00\x00\x0enew\
ModLocation\x01\x03\x00\x00\x00\
f\x00S\x00e\x00l\x00e\x00c\x00t\x00e\x00\
e\x00r\x00 \x00w\x00a\x00a\x00r\x00 \x00\
d\x00e\x00 \x00m\x00o\x00d\x00s\x00 \x00\
m\x00o\x00e\x00t\x00e\x00n\x00 \x00w\x00\
o\x00r\x00d\x00e\x00n\x00 \x00g\x00e\x00\
\xef\x00n\x00s\x00t\x00a\x00l\x00l\x00e\x00\
e\x00r\x00d\x00:\x08\x00\x00\x00\x00\x06\x00\x00\x00\
1Please select w\
here the mods sh\
ould be installe\
d:\x07\x00\x00\x00\x0enewModLoc\
ation\x01\x03\x00\x00\x00J\x00A\x00n\x00\
n\x00u\x00l\x00e\x00r\x00e\x00n\x00.\x00\
.\x00.\x00 \x00(\x00H\x00u\x00i\x00d\x00\
i\x00g\x00e\x00 \x00s\x00t\x00a\x00p\x00\
 \x00v\x00o\x00l\x00t\x00o\x00o\x00i\x00\
e\x00n\x00)\x08\x00\x00\x00\x00\x06\x00\x00\x00%C\
anceling... (Fin\
ishing current s\
tep)\x07\x00\x00\x00\x0eupdateD\
etected\x01\x03\x00\x00\x00z\x00K\x00\
l\x00i\x00k\x00 \x00o\x00p\x00 \x00o\x00\
k\x00 \x00o\x00m\x00 \x00a\x00f\x00 \x00\
t\x00e\x00 \x00s\x00l\x00u\x00i\x00t\x00\
e\x00n\x00 \x00e\x00n\x00 \x00M\x00y\x00\
t\x00h\x00 \x00M\x00o\x00d\x00 \x00M\x00\
a\x00n\x00a\x00g\x00e\x00r\x00 \x00b\x00\
i\x00j\x00 \x00t\x00e\x00 \x00w\x00e\x00\
r\x00k\x00e\x00n\x08\x00\x00\x00\x00\x06\x00\x00\x00\
,Click ok to exi\
t and update Myt\
h Mod Manager\x07\x00\x00\
\x00\x0eupdateDetected\
\x01\x03\x00\x00\x00\x1e\x00H\x00u\x00i\x00d\x00i\
\x00g\x00e\x00 \x00v\x00e\x00r\x00s\x00i\
\x00e\x00:\x08\x00\x00\x00\x00\x06\x00\x00\x00\x10Cu\
rrent Version:\x07\x00\
\x00\x00\x0eupdateDetecte\
d\x01\x03\x00\x00\x00&\x00N\x00i\x00e\x00t\x00\
 \x00o\x00p\x00n\x00i\x00e\x00u\x00w\x00\
 \x00v\x00r\x00a\x00g\x00e\x00n\x08\x00\x00\
\x00\x00\x06\x00\x00\x00\x10Do not as\
k again\x07\x00\x00\x00\x0eupda\
teDetected\x01\x03\x00\x00\x00\x1e\
\x00W\x00i\x00l\x00 \x00j\x00e\x00 \x00u\
\x00p\x00d\x00a\x00t\x00e\x00n\x00?\x08\x00\
\x00\x00\x00\x06\x00\x00\x00\x16Do you w\
ant to Update?\x07\x00\
\x00\x00\x0eupdateDetecte\
d\x01\x03\x00\x00\x00\x08\x00F\x00o\x00u\x00t\x08\
\x00\x00\x00\x00\x06\x00\x00\x00\x05Error\x07\x00\
\x00\x00\x0eupdateDetecte\
d\x01\x03\x00\x00\x00*\x00I\x00n\x00s\x00t\x00\
a\x00l\x00l\x00a\x00t\x00i\x00e\x00 \x00\
g\x00e\x00s\x00l\x00a\x00a\x00g\x00d\x00\
!\x08\x00\x00\x00\x00\x06\x00\x00\x00\x18Insta\
llation Successf\
ul!\x07\x00\x00\x00\x0eupdateDe\
tected\x01\x03\x00\x00\x00.\x00N\x00i\
\x00e\x00u\x00w\x00e\x00 \x00u\x00p\x00d\
\x00a\x00t\x00e\x00 \x00g\x00e\x00v\x00o\
\x00n\x00d\x00e\x00n\x00:\x08\x00\x00\x00\x00\x06\
\x00\x00\x00\x11New update f\
ound:\x07\x00\x00\x00\x0eupdate\
Detected\x01\x03\x00\x00\x00\x1c\x00U\
\x00p\x00d\x00a\x00t\x00e\x00 \x00b\x00e\
\x00r\x00i\x00c\x00h\x00t\x08\x00\x00\x00\x00\x06\
\x00\x00\x00\x0dUpdate Notic\
e\x07\x00\x00\x00\x0eupdateDete\
cted\x01\x03\x00\x00\x00N\x00B\x00e\x00k\
\x00i\x00j\x00k\x00 \x00r\x00e\x00l\x00e\
\x00a\x00s\x00e\x00o\x00p\x00m\x00e\x00r\
\x00k\x00i\x00n\x00g\x00e\x00n\x00 \x00o\
\x00p\x00 \x00g\x00i\x00t\x00h\x00u\x00b\
\x00.\x00c\x00o\x00m\x08\x00\x00\x00\x00\x06\x00\x00\
\x00 View Release N\
otes on github.c\
om\x07\x00\x00\x00\x0eupdateDet\
ected\x01\x88\x00\x00\x00\x02\x01\x01\
\x00\x002\x11\
<\
\xb8d\x18\xca\xef\x9c\x95\xcd!\x1c\xbf`\xa1\xbd\xdd\xa7\
\x00\x00\x00\x05zh_CNB\x00\x00\x05\x10\x00\x00\
\x07\xaf\x00\x00\x04\xb4\x00\x02\xf5\x05\x00\x00\x1e\xb6\x00\x04\
\xa8\x8b\x00\x00\x15]\x00\x04\xef\xa5\x00\x00\x0d,\x00\x05\
@\x93\x00\x00\x14`\x00\x05@\x93\x00\x00\x18\xb3\x00\x05\
H5\x00\x00\x0f\x11\x00\x05H5\x00\x00\x22\xa7\x00\x05\
\xa7\xe3\x00\x00\x22\xce\x00\x05\xc0e\x00\x00\x0f;\x00 \
n\x0a\x00\x00\x1c\xf7\x00-\x9b#\x00\x00$\xce\x00/\
\x99#\x00\x00%u\x00G\x96\xc4\x00\x00\x0b\xa6\x00H\
w9\x00\x00\x13\xbc\x00Kdq\x00\x00 d\x00L\
\x99b\x00\x00\x08s\x00L\x99b\x00\x00+\x85\x00R\
\xfd\xf4\x00\x00\x16\x8a\x00SY|\x00\x00\x0e\x9c\x00U\
\x0d\xff\x00\x00\x05\xea\x00[f3\x00\x00\x0cQ\x00]\
\x05y\x00\x00)\xdd\x00`\xb7u\x00\x00\x0d\xc5\x00\x95\
\x84\xda\x00\x00\x1d\xdf\x00\x97\x92\xb4\x00\x00\x09\xb8\x00\x97\
\x96\x04\x00\x00\x0e=\x00\xaao\x12\x00\x00%\x07\x00\xad\
\xc0\x0a\x00\x00\x1b\xe8\x00\xcd0>\x00\x00\x01\x00\x016\
\xad\xc1\x00\x00\x17\x03\x017\xfe\xb2\x00\x00#r\x01L\
\x05#\x00\x00\x14\xaf\x01X\x11u\x00\x00\x0cy\x01\xb6\
\x0b,\x00\x00\x09x\x01\xcd\x8c\xae\x00\x00\x14\xeb\x02;\
\x9c,\x00\x00\x07\x0f\x02}\xb5\x95\x00\x00\x1d[\x02\xcc\
\xfcc\x00\x00\x0e\xc7\x02\xe3/b\x00\x00\x0f\xcb\x02\xfb\
\xd1T\x00\x00(]\x033\xb5u\x00\x00\x1f2\x03]\
\x7f\x80\x00\x00\x177\x03k\x81\x09\x00\x00#\xee\x03\x84\
}\x92\x00\x00\x0b\xce\x03\x8e\xc7\x8a\x00\x00\x1b\x99\x03\xd6\
\x9f+\x00\x00 \xcf\x03\xe5\x0e\xdd\x00\x00\x10;\x04\x10\
\x89U\x00\x00\x15'\x04%<\x15\x00\x00 \x92\x04X\
MJ\x00\x00*\xca\x04l\x1bN\x00\x00\x0dT\x04y\
,\x87\x00\x00\x13\x88\x04\x98I\xbc\x00\x00\x13\xe1\x04\xac\
,\xa5\x00\x00\x0c\xad\x04\xbd\xf1\xaa\x00\x00\x17\xb0\x04\xc4\
>D\x00\x00\x07\xdc\x04\xc4y%\x00\x00\x0d\x02\x04\xde\
d\x91\x00\x00+\xb5\x04\xeb/\x0a\x00\x00\x16X\x04\xf8\
\xaa\x9f\x00\x00$>\x05\x01q\x8a\x00\x00\x04\xd7\x05-\
\xd3j\x00\x00\x13&\x058\xd6j\x00\x00\x15\x88\x05\x8c\
F\xc5\x00\x00\x0bw\x05\xa3\xe59\x00\x00%A\x05\xfb\
c\xc9\x00\x00\x0d\x92\x06\x03e>\x00\x00\x00\x00\x06\x1a\
F\xca\x00\x00(\xb7\x06J@\x04\x00\x00\x1d\xae\x06z\
/\xe5\x00\x00\x10\xdf\x06zD\x17\x00\x00'>\x06{\
\x06\x03\x00\x00\x0b\xf8\x06\x83AJ\x00\x00\x16\xb6\x06\x9a\
\xf5C\x00\x00\x14\x84\x06\x9a\xf5C\x00\x00\x1c^\x06\xc2\
\xe0\x14\x00\x00\x1f\xab\x06\xeb\xfdv\x00\x00'j\x07\x02\
\x87\xdf\x00\x00\x04\x85\x07\x87\x8cJ\x00\x00\x0a\x0b\x07\x95\
\xd0u\x00\x00\x1e \x07\x9e\xea\xd3\x00\x00\x046\x07\xbd\
\xb2\xe2\x00\x00*?\x07\xd2ju\x00\x00\x1e\x7f\x07\xe0\
\x11*\x00\x00\x22\x1c\x07\xe2\x93\x13\x00\x00\x12a\x08\x05\
\x0e\x1e\x00\x00+\x07\x08.\xba\xd5\x00\x00\x02?\x08<\
\xaa\xa4\x00\x00#0\x08\x8a\x0a\xbe\x00\x00\x22r\x09&\
\xdd:\x00\x00\x12\x92\x097\xf54\x00\x00()\x09<\
%\xb5\x00\x00,:\x09<\xa0\x8e\x00\x00\x06\x96\x09]\
\x07\xb3\x00\x00\x0c\x22\x09n\x19\x19\x00\x00\x00\xa2\x09n\
\xf6\xdf\x00\x00+B\x09yeG\x00\x00\x12\xf3\x09\x82\
\x0b\xde\x00\x00\x19\x91\x09\x96B>\x00\x00\x06j\x0a+\
\x85\x80\x00\x00\x03\x8f\x0a=\xc0J\x00\x00\x1c(\x0a]\
\x9b\x02\x00\x00\x18$\x0aeA\xc3\x00\x00\x1eO\x0ae\
\xb2,\x00\x00%\xe9\x0ah\x00\x07\x00\x00\x03\xb9\x0aj\
\xd2\xc9\x00\x00\x0a\x89\x0a\x88+\xe7\x00\x00\x059\x0a\xb1\
\x05\x98\x00\x00\x0b9\x0a\xe0\xee\x84\x00\x00\x08.\x0a\xe1\
\xf9\x19\x00\x00\x10\xa1\x0b\x09\x07z\x00\x00+\xfa\x0b\x09\
ye\x00\x00\x0c\xd7\x0b\x22t]\x00\x00\x06%\x0bA\
j\xa5\x00\x00\x0f\x92\x0b\x5c@\x5c\x00\x00\x09\x1c\x0b\x96\
\xdc\xaa\x00\x00&\x91\x0b\xd3\x0e\xf5\x00\x00\x1f\xdd\x0b\xd4\
:9\x00\x00\x01\xf4\x0b\xee\xc7\x82\x00\x00'\xf4\x0c \
\xaf\x9f\x00\x00\x15\xcc\x0c,\xac\xe7\x00\x00\x05\xc0\x0c0\
\xfds\x00\x00\x11 \x0c>7d\x00\x00\x1c\x92\x0cG\
\x92\xf4\x00\x00\x0em\x0cQ\x0b\xd2\x00\x00\x12\x1e\x0cV\
\xb4n\x00\x00\x02\x91\x0ceP\xa3\x00\x00\x19\xdd\x0cj\
\x8a\x93\x00\x00\x17\x82\x0cm_\x93\x00\x00\x17\xf1\x0c\x94\
\x16Z\x00\x00)s\x0c\xc9\xa0\x0e\x00\x00\x0fe\x0c\xe5\
\x11\xba\x00\x00\x05i\x0c\xebyc\x00\x00\x08\x9d\x0c\xeb\
yc\x00\x00&\x19\x0c\xf6)\xee\x00\x00\x1fj\x0dL\
\xf4\xd8\x00\x00\x1a\xc0\x0dc\xf3y\x00\x00%\xb2\x0dl\
\xcd\xf6\x00\x00'\xad\x0d\xac\x9c\x19\x00\x00&N\x0d\xc4\
\xc8<\x00\x00\x14\x07\x0d\xc4\xc8<\x00\x00\x16*\x0d\xd6\
\xd1\xb4\x00\x00\x22\xf5\x0e/\xbeC\x00\x00\x035\x0e?\
\xc7\x03\x00\x00)9\x0ee~j\x00\x00\x1bN\x0ei\
\x85\xfe\x00\x00\x03\xe3\x0e\x7f\x98Z\x00\x00!\x19\x0e\x8c\
\xfau\x00\x00 \x17\x0e\xb0\x1b\x1e\x00\x00\x19M\x0e\xc8\
a\xa2\x00\x00\x1aD\x0e\xdb#r\x00\x00\x0d\xf7\x0e\xe6\
W\xe5\x00\x00\x1e\xef\x0e\xfa\x87\xb4\x00\x00&\xea\x0f\x0a\
\x9f\xc9\x00\x00\x0a\xdf\x0f\x15\x9f\xdc\x00\x00\x08\xd3\x0f=\
\xcc?\x00\x00\x07s\x0fC\xc9\xf4\x00\x00\x18\xdb\x0f\x9b\
s3\x00\x00\x14.\x0f\xaa\xa7-\x00\x00,r\x0f\xfc\
x\xc3\x00\x00\x11W\x0f\xfcx\xc3\x00\x00!Vi\x00\
\x00,\xdd\x03\x00\x00\x00Fk\x22\x8f\xceW(\x00 \
\x00m\x00o\x00d\x00w\x00o\x00r\x00k\x00s\
\x00h\x00o\x00p\x00.\x00n\x00e\x00t\x00 \
T\x8c\x00 \x00g\x00i\x00t\x00h\x00u\x00b\
\x00 N\x0ac\xd0Q\xfa^\xfa\x8b\xae0\x02\x08\x00\
\x00\x00\x00\x06\x00\x00\x00BSuggesti\
ons are greatly \
appreciated on m\
odworkshop.net a\
nd github.\x07\x00\x00\x00\x05A\
bout\x01\x03\x00\x00\x00*W(\x00 \x00K\
\x00o\x00-\x00F\x00i\x00 N\x0ae/c\x01\
\x00 \x00W\x00o\x00l\x00f\x00m\x00y\x00t\
\x00h\x00s\x08\x00\x00\x00\x00\x06\x00\x00\x00\x1aSu\
pport Wolfmyths \
on Ko-Fi\x07\x00\x00\x00\x05Abo\
ut\x01\x03\x00\x00\x00Vg,z\x0b^\x8fv\x84\
v\xeeh\x07f/{\x80S\x160\x0a\x00P\x00A\
\x00Y\x00D\x00A\x00Y\x00 \x0020\x0bj!\
~\xc4v\x84{\xa1t\x06\x8f\xc7z\x0b\xff\x0c\x8b\xa9\
`\xa8N\x0d_\xc5Q\x8dN:{\xa1t\x06Y\x1a\
N*e\x87N\xf6\x80\x0cp\xe6`|0\x02\x08\x00\
\x00\x00\x00\x06\x00\x00\x00\x84The goal\
 of this program\
 is to streamlin\
e the proccess o\
f PAYDAY 2 mod m\
anagment without\
 hassle of juggl\
ing multiple fil\
e explorers.\x07\x00\x00\x00\
\x05About\x01\x03\x00\x00\x00\x1a\x8b\xbf\x95\xee\
\x00 \x00G\x00i\x00t\x00h\x00u\x00b\x00 \
[XP\xa8^\x93\x08\x00\x00\x00\x00\x06\x00\x00\x00\x17\
Visit Github Rep\
ository\x07\x00\x00\x00\x05Abou\
t\x01\x03\x00\x00\x00\x22\x8b\xbf\x95\xee\x00 \x00M\x00\
o\x00d\x00w\x00o\x00r\x00k\x00s\x00h\x00\
o\x00p\x00 \x98u\x97b\x08\x00\x00\x00\x00\x06\x00\
\x00\x00\x16Visit Modwork\
shop Page\x07\x00\x00\x00\x05Ab\
out\x01\x03\x00\x00\x00Jf/\x00 \x00W\x00\
o\x00l\x00f\x00m\x00y\x00t\x00h\x00s\x00\
 N:0\x0a\x00P\x00A\x00Y\x00D\x00A\x00\
Y\x00 \x0020\x0bR6O\x5cv\x84_\x00n\
\x90\x00 \x00M\x00O\x00D\x00 {\xa1t\x06V\
h0\x02\x08\x00\x00\x00\x00\x06\x00\x00\x00@is \
an open-source m\
od manager for P\
AYDAY 2 created \
by Wolfmyths.\x07\x00\x00\
\x00\x05About\x01\x03\x00\x00\x00\x12Y\x07N\
\xfdj!~\xc4e\xf6Q\xfas\xb0\x95\x19\x8b\xef\x08\
\x00\x00\x00\x00\x06\x00\x00\x00)An erro\
r was raised whi\
le backing up mo\
ds\x07\x00\x00\x00\x0aBackupMod\
s\x01\x03\x00\x00\x00\x04n\x05t\x06\x08\x00\x00\x00\x00\
\x06\x00\x00\x00\x07Cleanup\x07\x00\x00\x00\
\x0aBackupMods\x01\x03\x00\x00\x00\
\x04Y\x0dR6\x08\x00\x00\x00\x00\x06\x00\x00\x00\x07C\
opying\x07\x00\x00\x00\x0aBacku\
pMods\x01\x03\x00\x00\x00\x18\x8f\xd9S\xef\x80\
\xfd\x97\x00\x89\x81N\x00N\x9be\xf6\x95\xf4\x00.\x00\
.\x00.\x08\x00\x00\x00\x00\x06\x00\x00\x00\x1cThi\
s might take som\
e time...\x07\x00\x00\x00\x0aBa\
ckupMods\x01\x03\x00\x00\x00\x12\x9a\x8c\
\x8b\xc1Y\x07N\xfde\x87N\xf6Y9\x8d\xef_\x84\
\x08\x00\x00\x00\x00\x06\x00\x00\x00\x1eValida\
ting backup fold\
er paths\x07\x00\x00\x00\x0aBac\
kupMods\x01\x03\x00\x00\x00\x06S\x8b\x7f\
)R0\x08\x00\x00\x00\x00\x06\x00\x00\x00\x0aZip\
ping to\x07\x00\x00\x00\x0aBack\
upMods\x01\x03\x00\x00\x00\x02R0\x08\x00\
\x00\x00\x00\x06\x00\x00\x00\x02to\x07\x00\x00\x00\x0aB\
ackupMods\x01\x03\x00\x00\x00\x14f\
\xf4e9j!~\xc4|{W\x8be\xf6Q\xfa\x95\
\x19\xff\x1a\x08\x00\x00\x00\x00\x06\x00\x00\x00,An \
error was raised\
 while changing \
mod type:\x07\x00\x00\x00\x0dCh\
angeModType\x01\x03\x00\x00\x00\
\x04[\x89\x88\xc5\x08\x00\x00\x00\x00\x06\x00\x00\x00\x0aI\
nstalling\x07\x00\x00\x00\x0dCh\
angeModType\x01\x03\x00\x00\x00\
\x10R \x96dj!~\xc4e\xf6Q\xfa\x95\x19\xff\
\x1a\x08\x00\x00\x00\x00\x06\x00\x00\x00)An er\
ror was raised w\
hile deleting a \
mod:\x07\x00\x00\x00\x09DeleteM\
od\x01\x03\x00\x00\x00\x04R \x96d\x08\x00\x00\x00\
\x00\x06\x00\x00\x00\x08Deleting\x07\x00\
\x00\x00\x09DeleteMod\x01\x03\x00\x00\
\x00\x08e\xe0l\xd5bS_\x00\x08\x00\x00\x00\x00\x06\
\x00\x00\x00\x11Could not op\
en to\x07\x00\x00\x00\x0dErrorC\
hecking\x01\x03\x00\x00\x00\x0ce\xe0l\
\xd5T/R\xa8z\x0b^\x8f\x08\x00\x00\x00\x00\x06\x00\
\x00\x00\x17Could not sta\
rt program\x07\x00\x00\x00\x0dE\
rrorChecking\x01\x03\x00\x00\
\x00\x02W(\x08\x00\x00\x00\x00\x06\x00\x00\x00\x08Er\
ror in\x07\x00\x00\x00\x0dError\
Checking\x01\x03\x00\x00\x00 \x8b\xf7\
O\x7fu(`\xa8\x89\x81T/R\xa8v\x84z\x0b\
^\x8fv\x84[\x8cet\x8d\xef_\x840\x02\x08\x00\
\x00\x00\x00\x06\x00\x00\x007Please u\
se a full path t\
o the program yo\
u are starting.\x07\
\x00\x00\x00\x0dErrorCheckin\
g\x01\x03\x00\x00\x00\x16T/R\xa8Y\x16\x90\xe8]\
\xe5Qwe\xf6Q\xfas\xb0\x95\x19\x8b\xef\x08\x00\x00\
\x00\x00\x06\x00\x00\x00-An error \
was raised start\
ing an external \
tool\x07\x00\x00\x00\x0cExterna\
lTool\x01\x03\x00\x00\x00\x1a`\xa8xn[\
\x9a\x89\x81R \x96dkd_\xebcwe\xb9_\
\x0fT\x17\xff\x1f\x08\x00\x00\x00\x00\x06\x00\x00\x00.A\
re you sure you \
want to delete t\
his shortcut?\x07\x00\x00\
\x00\x0cExternalTool\x01\x03\
\x00\x00\x00\x14R \x96dY\x16\x90\xe8]\xe5Qw\
_\xebcwe\xb9_\x0f\x08\x00\x00\x00\x00\x06\x00\x00\
\x00\x1dDelete externa\
l tool shortcut\x07\
\x00\x00\x00\x0cExternalTool\
\x01\x03\x00\x00\x00\x10R \x96d]\xe5Qw_\xeb\
cwe\xb9_\x0f\x08\x00\x00\x00\x00\x06\x00\x00\x00\x14\
Delete tool shor\
tcut\x07\x00\x00\x00\x0cExterna\
lTool\x01\x03\x00\x00\x00\x04\x95\x19\x8b\xef\x08\
\x00\x00\x00\x00\x06\x00\x00\x00\x05Error\x07\x00\
\x00\x00\x0cExternalTool\x01\
\x03\x00\x00\x00\x0aS\xefbg\x88Le\x87N\xf6\x08\
\x00\x00\x00\x00\x06\x00\x00\x00\x0bExecuta\
bles\x07\x00\x00\x00\x0cExterna\
lTool\x01\x03\x00\x00\x00\x10\x90\x09b\xe9e\
\xb0v\x84Y\x16\x90\xe8]\xe5Qw\x08\x00\x00\x00\x00\
\x06\x00\x00\x00\x18Select new \
external tool\x07\x00\x00\
\x00\x0cExternalTool\x01\x03\
\x00\x00\x00\x16\x5c\x06i\xfd\x8b\xbe\x7fnN:Qv\
N\xd6Y\x16\x90\xe8]\xe5Qw\x08\x00\x00\x00\x00\x06\
\x00\x00\x00%Set slot to \
a different exte\
rnal tool\x07\x00\x00\x00\x0cEx\
ternalTool\x01\x03\x00\x00\x00\x0c\
T/R\xa8Y\x16\x90\xe8]\xe5Qw\x08\x00\x00\x00\
\x00\x06\x00\x00\x00\x13Start exte\
rnal tool\x07\x00\x00\x00\x0cEx\
ternalTool\x01\x03\x00\x00\x00\x12\
S\xd1s\xb0\x91\xcdY\x0dv\x84_\xebcwe\xb9\
_\x0f\x08\x00\x00\x00\x00\x06\x00\x00\x00\x19Dupl\
icate shortcuts \
found\x07\x00\x00\x00\x13Extern\
alToolDisplay\x01\x03\x00\
\x00\x00\x22g*m\xfbR\xa0_\xebcwe\xb9_\
\x0f\xff\x0cV\xe0N:[\x83N\xec]\xf2~\xcf[\
XW(\xff\x1a\x08\x00\x00\x00\x00\x06\x00\x00\x004S\
hortcuts were no\
t added because \
they already exi\
st:\x07\x00\x00\x00\x13External\
ToolDisplay\x01\x03\x00\x00\x00\
\x1a\x00P\x00A\x00Y\x00D\x00A\x00Y\x00 \x00\
2\x00 n8b\x0fv\xee_U\x08\x00\x00\x00\x00\
\x06\x00\x00\x00\x17PAYDAY 2 Ga\
me Directory\x07\x00\x00\x00\
\x10GamePathNotFoun\
d\x01\x03\x00\x00\x00\x1c\x90\x09b\xe9\x00 \x00P\x00\
A\x00Y\x00D\x00A\x00Y\x00 \x002\x00 v\
\xee_U\x08\x00\x00\x00\x00\x06\x00\x00\x00\x19Sel\
ect PAYDAY 2 Dir\
ectory\x07\x00\x00\x00\x10GameP\
athNotFound\x01\x03\x00\x00\x00\
\x0c\x8b\xbe\x7fnn8b\x0f\x8d\xef_\x84\x08\x00\x00\
\x00\x00\x06\x00\x00\x00\x0dSet game \
path\x07\x00\x00\x00\x10GamePat\
hNotFound\x01\x03\x00\x00\x00\x04R\
 \x96d\x08\x00\x00\x00\x00\x06\x00\x00\x00\x06Rem\
ove\x07\x00\x00\x00\x10IgnoredM\
odsQMenu\x01\x03\x00\x00\x00\x04Qs\
N\x8e\x08\x00\x00\x00\x00\x06\x00\x00\x00\x05Abou\
t\x07\x00\x00\x00\x0aMainWindow\
\x01\x03\x00\x00\x00\x04{\xa1t\x06\x08\x00\x00\x00\x00\x06\
\x00\x00\x00\x07Manager\x07\x00\x00\x00\x0a\
MainWindow\x01\x03\x00\x00\x00\x04\
\x90\x09\x98y\x08\x00\x00\x00\x00\x06\x00\x00\x00\x07Op\
tions\x07\x00\x00\x00\x0aMainWi\
ndow\x01\x03\x00\x00\x00\x08\x91M\x7fne\x87\
N\xf6\x08\x00\x00\x00\x00\x06\x00\x00\x00\x08Prof\
iles\x07\x00\x00\x00\x0aMainWin\
dow\x01\x03\x00\x00\x00\x04]\xe5Qw\x08\x00\x00\
\x00\x00\x06\x00\x00\x00\x05Tools\x07\x00\x00\x00\
\x0aMainWindow\x01\x03\x00\x00\x00\
\x08h\xc0g\xe5f\xf4e\xb0\x08\x00\x00\x00\x00\x06\x00\
\x00\x00\x0cCheck Update\x07\
\x00\x00\x00\x0bManagerMenu\x01\
\x03\x00\x00\x00\x04R \x96d\x08\x00\x00\x00\x00\x06\x00\
\x00\x00\x06Delete\x07\x00\x00\x00\x0bMa\
nagerMenu\x01\x03\x00\x00\x00\x04y\
\x81u(\x08\x00\x00\x00\x00\x06\x00\x00\x00\x07Dis\
able\x07\x00\x00\x00\x0bManager\
Menu\x01\x03\x00\x00\x00\x04T/u(\x08\x00\
\x00\x00\x00\x06\x00\x00\x00\x06Enable\x07\x00\
\x00\x00\x0bManagerMenu\x01\x03\
\x00\x00\x00\x04\x96\x90\x85\xcf\x08\x00\x00\x00\x00\x06\x00\x00\
\x00\x04Hide\x07\x00\x00\x00\x0bManag\
erMenu\x01\x03\x00\x00\x00\x10bS_\x00\
e\x87N\xf6Y9\x00.\x00.\x00.\x08\x00\x00\x00\
\x00\x06\x00\x00\x00\x0eOpen Folde\
r...\x07\x00\x00\x00\x0bManager\
Menu\x01\x03\x00\x00\x00\x08g\xe5w\x0bh\x07\
{~\x08\x00\x00\x00\x00\x06\x00\x00\x00\x0bView\
 Tag(s)\x07\x00\x00\x00\x0bMana\
gerMenu\x01\x03\x00\x00\x00\x08\x8b\xbf\x95\
\xee\x98u\x97b\x08\x00\x00\x00\x00\x06\x00\x00\x00\x0aV\
isit Page\x07\x00\x00\x00\x0bMa\
nagerMenu\x01\x03\x00\x00\x00\x04]\
\xf2N:\x08\x00\x00\x00\x00\x06\x00\x00\x00 A n\
ew version has b\
een found for\x07\x00\x00\
\x00\x0dModListWidget\x01\
\x03\x00\x00\x00\x06g*T/u(\x08\x00\x00\x00\x00\
\x06\x00\x00\x00\x08Disabled\x07\x00\x00\
\x00\x0dModListWidget\x01\
\x03\x00\x00\x00\x06]\xf2T/u(\x08\x00\x00\x00\x00\
\x06\x00\x00\x00\x07Enabled\x07\x00\x00\x00\
\x0dModListWidget\x01\x03\
\x00\x00\x00\x04g,W0\x08\x00\x00\x00\x00\x06\x00\x00\
\x00\x05Local\x07\x00\x00\x00\x0dModL\
istWidget\x01\x03\x00\x00\x00\x10j\
!~\xc4f\xf4e\xb0h\xc0g\xe5~\xd3g\x9c\x08\
\x00\x00\x00\x00\x06\x00\x00\x00\x18Mod Upd\
ate Check Result\
s\x07\x00\x00\x00\x0dModListWid\
get\x01\x03\x00\x00\x00\x04T\x0dy\xf0\x08\x00\x00\
\x00\x00\x06\x00\x00\x00\x04Name\x07\x00\x00\x00\x0d\
ModListWidget\x01\x03\x00\
\x00\x00\x04|{W\x8b\x08\x00\x00\x00\x00\x06\x00\x00\x00\
\x04Type\x07\x00\x00\x00\x0dModLis\
tWidget\x01\x03\x00\x00\x00\x04rHg\
,\x08\x00\x00\x00\x00\x06\x00\x00\x00\x07Versi\
on\x07\x00\x00\x00\x0dModListWi\
dget\x01\x03\x00\x00\x00\x0af/g\x00e\xb0\
rHg,\x08\x00\x00\x00\x00\x06\x00\x00\x00\x0dis\
 up to date\x07\x00\x00\x00\x0d\
ModListWidget\x01\x03\x00\
\x00\x00(W(\x5c\x1d\x8b\xd5T/R\xa8\x00 \x00\
P\x00A\x00Y\x00D\x00A\x00Y\x00 \x002\x00\
 e\xf6Q\xfas\xb0\x95\x19\x8b\xef\x08\x00\x00\x00\x00\
\x06\x00\x00\x00)An error oc\
cured trying to \
start PAYDAY 2\x07\x00\
\x00\x00\x0aModManager\x01\x03\x00\
\x00\x00&e\xe0l\xd5N\xce\x00 \x00M\x00M\x00\
M\x00 T/R\xa8\x00 \x00P\x00A\x00Y\x00\
D\x00A\x00Y\x00 \x002\x08\x00\x00\x00\x00\x06\x00\
\x00\x00!Could not sta\
rt PAYDAY 2 from\
 MMM\x07\x00\x00\x00\x0aModMana\
ger\x01\x03\x00\x00\x00\x0cbS_\x00n8b\
\x0fv\xee_U\x08\x00\x00\x00\x00\x06\x00\x00\x00\x13O\
pen Game Directo\
ry\x07\x00\x00\x00\x0aModManage\
r\x01\x03\x00\x00\x00\x0e\x8d\xef_\x84N\x0df/~\
\xdd[\xf9v\x84\x08\x00\x00\x00\x00\x06\x00\x00\x00\x14P\
ath is not absol\
ute\x07\x00\x00\x00\x0aModManag\
er\x01\x03\x00\x00\x00\x0cR7e\xb0j!~\xc4\
R\x17\x88h\x08\x00\x00\x00\x00\x06\x00\x00\x00\x0cRe\
fresh Mods\x07\x00\x00\x00\x0aM\
odManager\x01\x03\x00\x00\x00Pd\
\x1c}\x22\x00.\x00.\x00.\x00.\x00.\x00.O\
\x7fu(N\x0d^&zzh<v\x84\x00  \
\x1c\x00t\x00a\x00g\x00:\x00  \x1dd\x1c}\
\x22h\x07\x8b\xb0\xff\x0cO\x7fu(\x90\x17S\xf7 \
\x1c\x00,\x00  \x1dR\x06\x96\x94h\x07\x8b\xb0\x08\
\x00\x00\x00\x00\x06\x00\x00\x00XSearch.\
.. use \x22tag:\x22 wi\
th no spaces to \
search for tags,\
 use a comma \x22,\x22\
 to seperate tag\
s\x07\x00\x00\x00\x0aModManager\
\x01\x03\x00\x00\x00\x16T/R\xa8\x00 \x00P\x00A\
\x00Y\x00D\x00A\x00Y\x00 \x002\x08\x00\x00\x00\
\x00\x06\x00\x00\x00\x0eStart PAYD\
AY 2\x07\x00\x00\x00\x0aModMana\
ger\x01\x03\x00\x00\x00\x08j!~\xc4`;e\
p\x08\x00\x00\x00\x00\x06\x00\x00\x00\x0aTotal\
 Mods\x07\x00\x00\x00\x0aModMan\
ager\x01\x03\x00\x00\x00\x14y\x81u(j!\
~\xc4e\xf6Q\xfas\xb0\x95\x19\x8b\xef\xff\x1a\x08\x00\
\x00\x00\x00\x06\x00\x00\x00'An error\
 occured while d\
isabling a mod:\x07\
\x00\x00\x00\x11MoveToDisabl\
edDir\x01\x03\x00\x00\x00\x04y\x81u(\x08\
\x00\x00\x00\x00\x06\x00\x00\x00\x09Disabli\
ng\x07\x00\x00\x00\x11MoveToDis\
abledDir\x01\x03\x00\x00\x00\x14T/\
u(j!~\xc4e\xf6S\xd1u\x1f\x95\x19\x8b\xef\
\xff\x1a\x08\x00\x00\x00\x00\x06\x00\x00\x00&An e\
rror occured whi\
le enabling a mo\
d:\x07\x00\x00\x00\x13MoveToEna\
bledModDir\x01\x03\x00\x00\x00\x04\
T/u(\x08\x00\x00\x00\x00\x06\x00\x00\x00\x08En\
abling\x07\x00\x00\x00\x13MoveT\
oEnabledModDir\x01\x03\
\x00\x00\x00\x04^\x94u(\x08\x00\x00\x00\x00\x06\x00\x00\
\x00\x05Apply\x07\x00\x00\x00\x07Opti\
ons\x01\x03\x00\x00\x00\x04S\xd6m\x88\x08\x00\x00\
\x00\x00\x06\x00\x00\x00\x06Cancel\x07\x00\x00\
\x00\x07Options\x01\x03\x00\x00\x00\x04^\
8\x89\xc4\x08\x00\x00\x00\x00\x06\x00\x00\x00\x07Gen\
eral\x07\x00\x00\x00\x07Options\
\x01\x03\x00\x00\x00\x0a\x96\x90\x85\xcfv\x84j!~\xc4\
\x08\x00\x00\x00\x00\x06\x00\x00\x00\x0cIgnore\
d Mods\x07\x00\x00\x00\x07Optio\
ns\x01\x03\x00\x00\x00\x04QvN\xd6\x08\x00\x00\x00\
\x00\x06\x00\x00\x00\x04Misc\x07\x00\x00\x00\x07O\
ptions\x01\x03\x00\x00\x00\x06_\xebcw\
\x95.\x08\x00\x00\x00\x00\x06\x00\x00\x00\x09Shor\
tcuts\x07\x00\x00\x00\x07Option\
s\x01\x03\x00\x00\x00\x08h\xc0g\xe5f\xf4e\xb0\x08\
\x00\x00\x00\x00\x06\x00\x00\x00\x11Check f\
or updates\x07\x00\x00\x00\x0eO\
ptionsGeneral\x01\x03\x00\
\x00\x00\x0ekcW(h\xc0g\xe5\x00.\x00.\x00\
.\x08\x00\x00\x00\x00\x06\x00\x00\x00\x0bCheck\
ing...\x07\x00\x00\x00\x0eOptio\
nsGeneral\x01\x03\x00\x00\x00\x08\x98\
\x9c\x82rN;\x98\x98\x08\x00\x00\x00\x00\x06\x00\x00\x00\
\x0bColor Theme\x07\x00\x00\x00\
\x0eOptionsGeneral\x01\
\x03\x00\x00\x00\x04m\xf1\x82r\x08\x00\x00\x00\x00\x06\x00\
\x00\x00\x04Dark\x07\x00\x00\x00\x0eOpti\
onsGeneral\x01\x03\x00\x00\x00\x0e\
y\x81u(j!~\xc4\x8d\xef_\x84\x00:\x08\x00\
\x00\x00\x00\x06\x00\x00\x00\x13Disabled\
 Mods Path:\x07\x00\x00\x00\x0e\
OptionsGeneral\x01\x03\
\x00\x00\x00\x1c\x95\x19\x8b\xef\xff\x1ah\xc0g\xe5e\xe5\
_\xd7N\xe5\x83\xb7S\xd6f\xf4Y\x1aO\xe1`o\
\x08\x00\x00\x00\x00\x06\x00\x00\x00\x1fError:\
 Check logs for \
more info\x07\x00\x00\x00\x0eOp\
tionsGeneral\x01\x03\x00\x00\
\x00\x04^8\x89\xc4\x08\x00\x00\x00\x00\x06\x00\x00\x00\x07\
General\x07\x00\x00\x00\x0eOpti\
onsGeneral\x01\x03\x00\x00\x00\x06\
\x8b\xed\x8a\x00\x00:\x08\x00\x00\x00\x00\x06\x00\x00\x00\x09\
Language:\x07\x00\x00\x00\x0eOp\
tionsGeneral\x01\x03\x00\x00\
\x00\x04mE\x82r\x08\x00\x00\x00\x00\x06\x00\x00\x00\x05\
Light\x07\x00\x00\x00\x0eOption\
sGeneral\x01\x03\x00\x00\x00\x12e6\
\x83\xb7e\xe5\x002n8b\x0fv\xee_U\xff\x1a\
\x08\x00\x00\x00\x00\x06\x00\x00\x00\x18Payday\
 2 Game Director\
y:\x07\x00\x00\x00\x0eOptionsGe\
neral\x01\x03\x00\x00\x00\x06SG~\xa7\x00\
!\x08\x00\x00\x00\x00\x06\x00\x00\x00\x0bUp to\
 date!\x07\x00\x00\x00\x0eOptio\
nsGeneral\x01\x03\x00\x00\x00\x10T\
/R\xa8e\xf6v\x84f\xf4e\xb0c\xd0y:\x08\
\x00\x00\x00\x00\x06\x00\x00\x00\x18Update \
alerts on startu\
p\x07\x00\x00\x00\x0eOptionsGen\
eral\x01\x03\x00\x00\x00\x04f\xf4e\xb0\x08\x00\
\x00\x00\x00\x06\x00\x00\x00\x07Updates\x07\
\x00\x00\x00\x0eOptionsGener\
al\x01\x03\x00\x00\x00\x0e\x88\xab\x96\x90\x85\xcfv\x84\
j!~\xc4\xff\x1a\x08\x00\x00\x00\x00\x06\x00\x00\x00\x0c\
Hidden Mods:\x07\x00\x00\x00\
\x12OptionsIgnoredM\
ods\x01\x03\x00\x00\x00\x08Y\x07N\xfdj!~\
\xc4\x08\x00\x00\x00\x00\x06\x00\x00\x00\x0bBacku\
p Mods\x07\x00\x00\x00\x0bOptio\
nsMisc\x01\x03\x00\x00\x00,Y\x0dR6\
^vS\x8b\x7f)b@g\x09j!~\xc4R0\
\x00 \x00M\x00M\x00M\x00 v\x84[\x89\x88\xc5\
e\x87N\xf6Y9N-\x08\x00\x00\x00\x00\x06\x00\x00\
\x00CCopies and com\
presses all of y\
our mods to MMM'\
s installation f\
older\x07\x00\x00\x00\x0bOption\
sMisc\x01\x03\x00\x00\x00\x04QvN\xd6\x08\
\x00\x00\x00\x00\x06\x00\x00\x00\x04Misc\x07\x00\x00\
\x00\x0bOptionsMisc\x01\x03\x00\
\x00\x00\x22y^\x8b\xddj!WW{\xa1t\x06V\
h\xff\x1aN\x0de/c\x01S\x9frH])n\
\x83e\xe5_\xd7\x08\x00\x00\x00\x00\x06\x00\x00\x000M\
yth Mod Manager:\
 Vanilla crash l\
ogs unsupported\x07\
\x00\x00\x00\x0bOptionsMisc\x01\
\x03\x00\x00\x00\x12bS_\x00])n\x83e\xe5_\
\xd7\x00.\x00.\x00.\x08\x00\x00\x00\x00\x06\x00\x00\x00\
\x12Open Crash Logs\
...\x07\x00\x00\x00\x0bOptionsM\
isc\x01\x03\x00\x00\x00\x16bS_\x00j!~\
\xc4])n\x83e\xe5_\xd7\x00.\x00.\x00.\x08\
\x00\x00\x00\x00\x06\x00\x00\x00\x16Open Mo\
d Crash Logs...\x07\
\x00\x00\x00\x0bOptionsMisc\x01\
\x03\x00\x00\x00\x1cbS_\x00\x00B\x00L\x00TO\
\x7fu(v\x84])n\x83e\xe5_\xd7v\xee_\
U\x08\x00\x00\x00\x00\x06\x00\x00\x00+Opens\
 the crash log d\
irectory that BL\
T uses\x07\x00\x00\x00\x0bOptio\
nsMisc\x01\x03\x00\x00\x00&bS_\x00\
S\x9frH0\x0ae6\x83\xb7e\xe5\x0020\x0b\
O\x7fu(v\x84])n\x83e\xe5_\xd7v\xee\
_U\x08\x00\x00\x00\x00\x06\x00\x00\x006Open\
s the crash log \
directory used b\
y vanilla Payday\
 2\x07\x00\x00\x00\x0bOptionsMi\
sc\x01\x03\x00\x00\x006\x00O\x00v\x00e\x00r\
\x00k\x00i\x00l\x00l\x00 l\xa1g\x09N:\
\x00 \x00l\x00i\x00n\x00u\x00x\x00 c\xd0\
O\x9bS\x9frH])n\x83e\xe5_\xd7\x08\x00\
\x00\x00\x00\x06\x00\x00\x008Overkill\
 did not impleme\
nt a vanilla cra\
sh log for linux\
\x07\x00\x00\x00\x0bOptionsMisc\
\x01\x03\x00\x00\x00\x12f\xf4e9\x91M\x7fne\x87\
N\xf6T\x0dy\xf0\x00:\x08\x00\x00\x00\x00\x06\x00\x00\
\x00\x14Change Profile\
 Name:\x07\x00\x00\x00\x10Optio\
nsShortcuts\x01\x03\x00\x00\x00\
\x14R \x96dj!~\xc4b\x16\x91M\x7fne\
\x87N\xf6\xff\x1a\x08\x00\x00\x00\x00\x06\x00\x00\x00\x16D\
elete Mod or Pro\
file:\x07\x00\x00\x00\x10Option\
sShortcuts\x01\x03\x00\x00\x00\x0e\
S\xd6m\x88Qh\x90\xe8\x90\x09b\xe9\xff\x1a\x08\x00\
\x00\x00\x00\x06\x00\x00\x00\x0dDeselect\
 All:\x07\x00\x00\x00\x10Option\
sShortcuts\x01\x03\x00\x00\x00\x06\
Qh\x90\x09\xff\x1a\x08\x00\x00\x00\x00\x06\x00\x00\x00\x0b\
Select All:\x07\x00\x00\x00\x10\
OptionsShortcuts\
\x01\x03\x00\x00\x00\x06_\xebcw\x95.\x08\x00\x00\x00\
\x00\x06\x00\x00\x00\x09Shortcuts\x07\
\x00\x00\x00\x10OptionsShort\
cuts\x01\x03\x00\x00\x00\x1cR\x07cbh\x07\
{~\xff\x1aT\x11]\xe6{\xadY40\x01T\x11\
S\xf3{\xadY4\x08\x00\x00\x00\x00\x06\x00\x00\x00$\
Switch tabs: Arr\
ow left, Arrow r\
ight\x07\x00\x00\x00\x10Options\
Shortcuts\x01\x03\x00\x00\x00\x1c]\
\xf2[XW(O\x7fu(\x8b\xe5T\x0dy\xf0v\
\x84\x91M\x7fne\x87N\xf6\xff\x1a\x08\x00\x00\x00\x00\
\x06\x00\x00\x00(A profile w\
ith that name al\
ready exists:\x07\x00\x00\
\x00\x0bProfileList\x01\x03\x00\
\x00\x00\x16\x95\x19\x8b\xef\xff\x1a\x91M\x7fne\x87N\
\xf6T\x0dy\xf0\x91\xcdY\x0d\x08\x00\x00\x00\x00\x06\x00\
\x00\x00\x1dError: Duplic\
ate profile name\
\x07\x00\x00\x00\x0bProfileList\
\x01\x03\x00\x00\x00\x08j!~\xc4ep\x91\xcf\x08\x00\
\x00\x00\x00\x06\x00\x00\x00\x09Mod Coun\
t\x07\x00\x00\x00\x0bProfileLis\
t\x01\x03\x00\x00\x00\x10e\xb0\x91M\x7fne\x87N\
\xf6T\x0dy\xf0\xff\x1a\x08\x00\x00\x00\x00\x06\x00\x00\x00\
\x11New profile nam\
e:\x07\x00\x00\x00\x0bProfileLi\
st\x01\x03\x00\x00\x00\x08\x91M\x7fne\x87N\xf6\
\x08\x00\x00\x00\x00\x06\x00\x00\x00\x07Profil\
e\x07\x00\x00\x00\x0bProfileLis\
t\x01\x03\x00\x00\x00\x08m\xfbR\xa0j!~\xc4\x08\
\x00\x00\x00\x00\x06\x00\x00\x00\x08Add Mod\
s\x07\x00\x00\x00\x0bProfileMen\
u\x01\x03\x00\x00\x00\x0cm\xfbR\xa0\x91M\x7fne\
\x87N\xf6\x08\x00\x00\x00\x00\x06\x00\x00\x00\x0bAdd\
 Profile\x07\x00\x00\x00\x0bPro\
fileMenu\x01\x03\x00\x00\x00\x0c^\x94\
u(\x91M\x7fne\x87N\xf6\x08\x00\x00\x00\x00\x06\
\x00\x00\x00\x0dApply Profil\
e\x07\x00\x00\x00\x0bProfileMen\
u\x01\x03\x00\x00\x00\x10f\xf4e9\x91M\x7fne\
\x87N\xf6T\x0dy\xf0\x08\x00\x00\x00\x00\x06\x00\x00\x00\
\x13Change Profile \
Name\x07\x00\x00\x00\x0bProfile\
Menu\x01\x03\x00\x00\x00\x0cY\x0dR6\x91M\
\x7fne\x87N\xf6\x08\x00\x00\x00\x00\x06\x00\x00\x00\x0c\
Copy Profile\x07\x00\x00\x00\
\x0bProfileMenu\x01\x03\x00\x00\
\x00\x10Y\x0dR6j!~\xc4R0\x00.\x00.\
\x00.\x08\x00\x00\x00\x00\x06\x00\x00\x00\x11Copy\
 mod(s) to...\x07\x00\x00\
\x00\x0bProfileMenu\x01\x03\x00\
\x00\x00\x08R \x96dj!~\xc4\x08\x00\x00\x00\x00\
\x06\x00\x00\x00\x0aRemove Mod\x07\
\x00\x00\x00\x0bProfileMenu\x01\
\x03\x00\x00\x00\x0cR \x96d\x91M\x7fne\x87N\
\xf6\x08\x00\x00\x00\x00\x06\x00\x00\x00\x0eRemov\
e Profile\x07\x00\x00\x00\x0bPr\
ofileMenu\x01\x03\x00\x00\x00\x10S\
\xd6m\x88\xff\x0c\x90\x00Q\xfaN\xe5~\xe7~\xed\x08\
\x00\x00\x00\x00\x06\x00\x00\x00\x1aCancele\
d, exit to conti\
nue\x07\x00\x00\x00\x0eProgress\
Widget\x01\x03\x00\x00\x00\x06[\x8cb\x10\
\xff\x01\x08\x00\x00\x00\x00\x06\x00\x00\x00\x05Done\
!\x07\x00\x00\x00\x0eProgressWi\
dget\x01\x03\x00\x00\x00\x0a\x90\x00Q\xfaN\xe5\
~\xe7~\xed\x08\x00\x00\x00\x00\x06\x00\x00\x00\x10Ex\
it to continue\x07\x00\
\x00\x00\x0eProgressWidge\
t\x01\x03\x00\x00\x00\x12y^\x8b\xddj!_\x0f{\
\xa1t\x06VhN\xfbR\xa1\x08\x00\x00\x00\x00\x06\x00\
\x00\x00\x15Myth Mod Mana\
ger Task\x07\x00\x00\x00\x0ePro\
gressWidget\x01\x03\x00\x00\x00\
\x0e\x89\x81m\xfbR\xa0v\x84j!~\xc4\xff\x1a\x08\
\x00\x00\x00\x00\x06\x00\x00\x00\x11Mods to\
 be added:\x07\x00\x00\x00\x09S\
electMod\x01\x03\x00\x00\x00Pd\x1c\
}\x22\x00.\x00.\x00.\x00.\x00.\x00.O\x7f\
u(N\x0d^&zzh<v\x84\x00  \x1c\
\x00t\x00a\x00g\x00:\x00  \x1dd\x1c}\x22\
h\x07{~\xff\x0cO\x7fu(\x90\x17S\xf7 \x1c\
\x00,\x00  \x1dR\x06\x96\x94h\x07{~\x08\x00\
\x00\x00\x00\x06\x00\x00\x00XSearch..\
. use \x22tag:\x22 wit\
h no spaces to s\
earch for tags, \
use a comma \x22,\x22 \
to seperate tags\
\x07\x00\x00\x00\x09SelectMod\x01\x03\
\x00\x00\x00\x1a\x89\x81\x5c\x06j!~\xc4Y\x0dR6\
R0v\x84\x91M\x7fne\x87N\xf6\xff\x1a\x08\x00\
\x00\x00\x00\x06\x00\x00\x00\x1aProfile \
to copy mod(s) t\
o:\x07\x00\x00\x00\x0dSelectPro\
file\x01\x03\x00\x00\x00\x0ad\x1c}\x22\x00.\
\x00.\x00.\x08\x00\x00\x00\x00\x06\x00\x00\x00\x09Se\
arch...\x07\x00\x00\x00\x0dSele\
ctProfile\x01\x03\x00\x00\x00\x04T\
\x0dy\xf0\x08\x00\x00\x00\x00\x06\x00\x00\x00\x04Nam\
e\x07\x00\x00\x00\x0aTagDisplay\
\x01\x03\x00\x00\x00\x04h\x07{~\x08\x00\x00\x00\x00\x06\
\x00\x00\x00\x04Tags\x07\x00\x00\x00\x0aTag\
Display\x01\x03\x00\x00\x00\x0e~\xd9j\
!~\xc4m\xfbR\xa0h\x07{~\x08\x00\x00\x00\x00\
\x06\x00\x00\x00\x0eAdd tag to \
mod\x07\x00\x00\x00\x0aTagHandl\
er\x01\x03\x00\x00\x00\x10N\xcej!~\xc4N-\
R \x96dh\x07{~\x08\x00\x00\x00\x00\x06\x00\x00\
\x00\x13Remove tag fro\
m mod\x07\x00\x00\x00\x0aTagHan\
dler\x01\x03\x00\x00\x00&\x89\x81c\x07[\x9a\
Y\x1aN*h\x07{~\xff\x0c\x8b\xf7u(\x90\x17\
S\xf7 \x1c\x00, \x1dR\x06\x96\x94[\x83N\xec\
\x08\x00\x00\x00\x00\x06\x00\x00\x007To spe\
cify multiple ta\
gs seperate them\
 with a comma \x22,\
\x22\x07\x00\x00\x00\x0aTagHandler\
\x01\x03\x00\x00\x00\x12\x00(kdd\xcdO\x5ce\xe0\
l\xd5\x90\x06\x8fl\xff\x09\x08\x00\x00\x00\x00\x06\x00\x00\
\x00 (This action c\
annot be reverse\
d)\x07\x00\x00\x00\x09TagViewer\
\x01\x03\x00\x00\x00(`\xa8xn[\x9a\x89\x81R \
\x96dN\x0e`\xa8v\x84j!~\xc4v\xf8Qs\
v\x84b@g\x09h\x07{~T\x17\xff\x1f\x08\x00\
\x00\x00\x00\x06\x00\x00\x00JAre you \
sure you want to\
 delete all of t\
he tags associat\
ed with your mod\
s?\x07\x00\x00\x00\x09TagViewer\
\x01\x03\x00\x00\x00\x0cR \x96db@g\x09h\x07\
{~\x08\x00\x00\x00\x00\x06\x00\x00\x00\x0fDele\
te all tags\x07\x00\x00\x00\x09\
TagViewer\x01\x03\x00\x00\x00\x0ej\
!~\xc4h\x07{~g\xe5w\x0bVh\x08\x00\x00\
\x00\x00\x06\x00\x00\x00\x0eMod Tag V\
iewer\x07\x00\x00\x00\x09TagVie\
wer\x01\x03\x00\x00\x00\x08m\xfbR\xa0h\x07{\
~\x08\x00\x00\x00\x00\x06\x00\x00\x00\x0aAdd T\
ag(s)\x07\x00\x00\x00\x0dTagVie\
werMenu\x01\x03\x00\x00\x00\x0cR \x96\
db@g\x09h\x07{~\x08\x00\x00\x00\x00\x06\x00\
\x00\x00\x0fDelete All Ta\
gs\x07\x00\x00\x00\x0dTagViewer\
Menu\x01\x03\x00\x00\x00\x08R \x96dh\x07\
{~\x08\x00\x00\x00\x00\x06\x00\x00\x00\x0dRemo\
ve Tag(s)\x07\x00\x00\x00\x0dTa\
gViewerMenu\x01\x03\x00\x00\x00\
\x08m\xfbR\xa0]\xe5Qw\x08\x00\x00\x00\x00\x06\x00\
\x00\x00\x08Add Tool\x07\x00\x00\x00\x0b\
ToolManager\x01\x03\x00\x00\x00\
\x0aS\xefbg\x88Le\x87N\xf6\x08\x00\x00\x00\x00\
\x06\x00\x00\x00\x0bExecutables\
\x07\x00\x00\x00\x0bToolManager\
\x01\x03\x00\x00\x00\x0c\x90\x09b\xe9Y\x16\x90\xe8]\xe5\
Qw\x08\x00\x00\x00\x00\x06\x00\x00\x00\x17Sele\
ct External Tool\
(s)\x07\x00\x00\x00\x0bToolMana\
ger\x01\x03\x00\x00\x00\x1c\x00u\x00n\x00Z\x00\
i\x00p\x00M\x00o\x00d\x00 Q\xfas\xb0\x95\
\x19\x8b\xef\xff\x1a\x08\x00\x00\x00\x00\x06\x00\x00\x00 A\
n error was rais\
ed in unZipMod:\x07\
\x00\x00\x00\x08UnZipMod\x01\x03\x00\x00\
\x00\x12\x8b\xf7\x5c\x1d\x8b\xd5QHbKR\xa8\x89\xe3\
S\x8b\x7f)\x08\x00\x00\x00\x00\x06\x00\x00\x00%Tr\
y extracting the\
 mod manually fi\
rst\x07\x00\x00\x00\x08UnZipMod\
\x01\x03\x00\x00\x00\x06\x89\xe3S\x8b\x7f)\x08\x00\x00\x00\
\x00\x06\x00\x00\x00\x09Unpacking\x07\
\x00\x00\x00\x08UnZipMod\x01\x03\x00\x00\
\x00\x0ch\xc0g\xe5e\x87N\xf6gC\x96P\x08\x00\
\x00\x00\x00\x06\x00\x00\x00\x1cChecking\
 file permission\
s of\x07\x00\x00\x00\x06Worker\x01\
\x03\x00\x00\x00\x0eh\xc0g\xe5e\x87N\xf6Y9g\
C\x96P\x08\x00\x00\x00\x00\x06\x00\x00\x00\x1eChe\
cking folder per\
missions of\x07\x00\x00\x00\x06\
Worker\x01\x03\x00\x00\x00\x08O\xeeY\x0d\
[\x89\x88\xc5\x08\x00\x00\x00\x00\x06\x00\x00\x00\x12Fi\
xing install for\
\x07\x00\x00\x00\x06Worker\x01\x03\x00\x00\x00\
\x08c\xd2Qee\x87g,\x08\x00\x00\x00\x00\x06\x00\
\x00\x00\x0bInsert text\x07\x00\
\x00\x00\x0cinsertString\x01\
\x03\x00\x00\x00\x18\x91M\x7fne\x87N\xf6\xff\x1ag\
\xd0N\x9bj!~\xc4g*^\x94u(\x08\x00\x00\
\x00\x00\x06\x00\x00\x00#Profile: \
Some mods were n\
ot applied\x07\x00\x00\x00\x0am\
odProfile\x01\x03\x00\x00\x00 u\
1N\x8eg*[\x89\x88\xc5\xff\x0cV\xe0kdg\
*^\x94u(N\x0bR\x17j!~\xc4\xff\x1a\x08\
\x00\x00\x00\x00\x06\x00\x00\x00CThe fol\
lowing mods were\
 not applied bec\
ause they are no\
t installed:\x07\x00\x00\x00\
\x0amodProfile\x01\x03\x00\x00\x00\
\x08[\x89\x88\xc5j!_\x0f\x08\x00\x00\x00\x00\x06\x00\
\x00\x00\x0fInstalling mo\
ds\x07\x00\x00\x00\x0enewModLoc\
ation\x01\x03\x00\x00\x00\x16\x8b\xf7\x90\x09b\
\xe9j!~\xc4v\x84[\x89\x88\xc5OM\x7fn\xff\
\x1a\x08\x00\x00\x00\x00\x06\x00\x00\x001Pleas\
e select where t\
he mods should b\
e installed:\x07\x00\x00\x00\
\x0enewModLocation\x01\
\x03\x00\x00\x00\x1aS\xd6m\x88\x00.\x00.\x00.\xff\
\x08[\x8cb\x10_SRMke\x9a\xa4\xff\x09\x08\
\x00\x00\x00\x00\x06\x00\x00\x00%Canceli\
ng... (Finishing\
 current step)\x07\x00\
\x00\x00\x0eupdateDetecte\
d\x01\x03\x00\x00\x00<SUQ\xfb\x00  \x1cx\
n[\x9a\x00  \x1d\x90\x00Q\xfa^vf\xf4e\
\xb0\x00 \x00M\x00y\x00t\x00h\x00 \x00M\x00\
o\x00d\x00 \x00M\x00a\x00n\x00a\x00g\x00\
e\x00r\x08\x00\x00\x00\x00\x06\x00\x00\x00,Cli\
ck ok to exit an\
d update Myth Mo\
d Manager\x07\x00\x00\x00\x0eup\
dateDetected\x01\x03\x00\x00\
\x00\x0a_SRMrHg,\xff\x1a\x08\x00\x00\x00\
\x00\x06\x00\x00\x00\x10Current Ve\
rsion:\x07\x00\x00\x00\x0eupdat\
eDetected\x01\x03\x00\x00\x00\x08N\
\x0dQ\x8d\x8b\xe2\x95\xee\x08\x00\x00\x00\x00\x06\x00\x00\x00\
\x10Do not ask agai\
n\x07\x00\x00\x00\x0eupdateDete\
cted\x01\x03\x00\x00\x00\x0a\x89\x81f\xf4e\xb0\
T\x17\xff\x1f\x08\x00\x00\x00\x00\x06\x00\x00\x00\x16Do\
 you want to Upd\
ate?\x07\x00\x00\x00\x0eupdateD\
etected\x01\x03\x00\x00\x00\x08\x95\x19\x8b\
\xefO\xe1`o\x08\x00\x00\x00\x00\x06\x00\x00\x00\x05E\
rror\x07\x00\x00\x00\x0eupdateD\
etected\x01\x03\x00\x00\x00\x0a[\x89\x88\
\xc5b\x10R\x9f\xff\x01\x08\x00\x00\x00\x00\x06\x00\x00\x00\
\x18Installation Su\
ccessful!\x07\x00\x00\x00\x0eup\
dateDetected\x01\x03\x00\x00\
\x00\x0cS\xd1s\xb0e\xb0f\xf4e\xb0\xff\x1a\x08\x00\
\x00\x00\x00\x06\x00\x00\x00\x11New upda\
te found:\x07\x00\x00\x00\x0eup\
dateDetected\x01\x03\x00\x00\
\x00\x08f\xf4e\xb0\x90\x1aw\xe5\x08\x00\x00\x00\x00\x06\
\x00\x00\x00\x0dUpdate Notic\
e\x07\x00\x00\x00\x0eupdateDete\
cted\x01\x03\x00\x00\x00(g\xe5w\x0b\x00 \
\x00g\x00i\x00t\x00h\x00u\x00b\x00.\x00c\
\x00o\x00m\x00 N\x0av\x84S\xd1^\x03\x8b\xf4\
f\x0e\x08\x00\x00\x00\x00\x06\x00\x00\x00 View\
 Release Notes o\
n github.com\x07\x00\x00\x00\
\x0eupdateDetected\x01\
\
\x00\x007\xe7\
<\
\xb8d\x18\xca\xef\x9c\x95\xcd!\x1c\xbf`\xa1\xbd\xddB\
\x00\x00\x05\x10\x00\x00\x07\xaf\x00\x00\x058\x00\x02\xf5\x05\
\x00\x00\x22\x9c\x00\x04\xa8\x8b\x00\x00\x18\x0d\x00\x04\xef\xa5\
\x00\x00\x0e\xf6\x00\x05@\x93\x00\x00\x16\xf2\x00\x05@\x93\
\x00\x00\x1b\xab\x00\x05H5\x00\x00\x11\x01\x00\x05H5\
\x00\x00&\xeb\x00\x05\xa7\xe3\x00\x00'\x12\x00\x05\xc0e\
\x00\x00\x11+\x00 n\x0a\x00\x00 \xb3\x00-\x9b#\
\x00\x00)D\x00/\x99#\x00\x00)\xfd\x00G\x96\xc4\
\x00\x00\x0dJ\x00Hw9\x00\x00\x16>\x00Kdq\
\x00\x00$p\x00L\x99b\x00\x00\x09\xab\x00L\x99b\
\x00\x001-\x00R\xfd\xf4\x00\x00\x19<\x00SY|\
\x00\x00\x10z\x00U\x0d\xff\x00\x00\x06\xac\x00[f3\
\x00\x00\x0e\x0b\x00]\x05y\x00\x00/%\x00`\xb7u\
\x00\x00\x0f\x95\x00\x95\x84\xda\x00\x00!\xb1\x00\x97\x92\xb4\
\x00\x00\x0b\x1a\x00\x97\x96\x04\x00\x00\x10\x1f\x00\xaao\x12\
\x00\x00)\x87\x00\xad\xc0\x0a\x00\x00\x1f\x8e\x00\xcd0>\
\x00\x00\x01\x04\x016\xad\xc1\x00\x00\x19\xcb\x017\xfe\xb2\
\x00\x00'\xc2\x01L\x05#\x00\x00\x17K\x01X\x11u\
\x00\x00\x0e5\x01\xb6\x0b,\x00\x00\x0a\xd2\x01\xcd\x8c\xae\
\x00\x00\x17\x95\x02;\x9c,\x00\x00\x08\x03\x02}\xb5\x95\
\x00\x00!%\x02\xcc\xfcc\x00\x00\x10\xa9\x02\xe3/b\
\x00\x00\x11\xc3\x02\xfb\xd1T\x00\x00-I\x033\xb5u\
\x00\x00#\x22\x03]\x7f\x80\x00\x00\x1a\x01\x03k\x81\x09\
\x00\x00(L\x03\x84}\x92\x00\x00\x0dv\x03\x8e\xc7\x8a\
\x00\x00\x1f3\x03\xd6\x9f+\x00\x00$\xdf\x03\xe5\x0e\xdd\
\x00\x00\x12A\x04\x10\x89U\x00\x00\x17\xd3\x04%<\x15\
\x00\x00$\x9e\x04XMJ\x00\x000@\x04l\x1bN\
\x00\x00\x0f\x1e\x04y,\x87\x00\x00\x16\x08\x04\x98I\xbc\
\x00\x00\x16g\x04\xac,\xa5\x00\x00\x0ek\x04\xbd\xf1\xaa\
\x00\x00\x1a\x8a\x04\xc4>D\x00\x00\x08\xec\x04\xc4y%\
\x00\x00\x0e\xc6\x04\xded\x91\x00\x001[\x04\xeb/\x0a\
\x00\x00\x19\x0a\x04\xf8\xaa\x9f\x00\x00(\xa6\x05\x01q\x8a\
\x00\x00\x05c\x05-\xd3j\x00\x00\x15\x8e\x058\xd6j\
\x00\x00\x188\x05\x8cF\xc5\x00\x00\x0d\x17\x05\xa3\xe59\
\x00\x00)\xc7\x05\xfbc\xc9\x00\x00\x0f`\x06\x03e>\
\x00\x00\x00\x00\x06\x1aF\xca\x00\x00-\xbf\x06J@\x04\
\x00\x00!\x80\x06z/\xe5\x00\x00\x12\xfb\x06zD\x17\
\x00\x00+\xf4\x06{\x06\x03\x00\x00\x0d\xa8\x06\x83AJ\
\x00\x00\x19j\x06\x9a\xf5C\x00\x00\x17\x18\x06\x9a\xf5C\
\x00\x00 \x0c\x06\xc2\xe0\x14\x00\x00#\xa7\x06\xeb\xfdv\
\x00\x00,\x1e\x07\x02\x87\xdf\x00\x00\x05\x05\x07\x87\x8cJ\
\x00\x00\x0b\x81\x07\x95\xd0u\x00\x00!\xf8\x07\x9e\xea\xd3\
\x00\x00\x04\xaa\x07\xbd\xb2\xe2\x00\x00/\x9d\x07\xd2ju\
\x00\x00\x22_\x07\xe0\x11*\x00\x00&Z\x07\xe2\x93\x13\
\x00\x00\x14\xaf\x08\x05\x0e\x1e\x00\x000\x89\x08.\xba\xd5\
\x00\x00\x02i\x08<\xaa\xa4\x00\x00'x\x08\x8a\x0a\xbe\
\x00\x00&\xb6\x09&\xdd:\x00\x00\x14\xe4\x097\xf54\
\x00\x00-\x0f\x09<%\xb5\x00\x002\x0a\x09<\xa0\x8e\
\x00\x00\x07x\x09]\x07\xb3\x00\x00\x0d\xd8\x09n\x19\x19\
\x00\x00\x00\xa4\x09n\xf6\xdf\x00\x000\xde\x09yeG\
\x00\x00\x15Y\x09\x82\x0b\xde\x00\x00\x1c\xc3\x09\x96B>\
\x00\x00\x07D\x0a+\x85\x80\x00\x00\x03\xe9\x0a=\xc0J\
\x00\x00\x1f\xd0\x0a]\x9b\x02\x00\x00\x1b\x06\x0aeA\xc3\
\x00\x00\x22+\x0ae\xb2,\x00\x00*y\x0ah\x00\x07\
\x00\x00\x04\x1d\x0aj\xd2\xc9\x00\x00\x0c\x15\x0a\x88+\xe7\
\x00\x00\x05\xdd\x0a\xb1\x05\x98\x00\x00\x0c\xd5\x0a\xe0\xee\x84\
\x00\x00\x09V\x0a\xe1\xf9\x19\x00\x00\x12\xb1\x0b\x09\x07z\
\x00\x001\xb2\x0b\x09ye\x00\x00\x0e\x95\x0b\x22t]\
\x00\x00\x06\xf1\x0bAj\xa5\x00\x00\x11\x8a\x0b\x5c@\x5c\
\x00\x00\x0ab\x0b\x96\xdc\xaa\x00\x00+/\x0b\xd3\x0e\xf5\
\x00\x00#\xe1\x0b\xd4:9\x00\x00\x02 \x0b\xee\xc7\x82\
\x00\x00,\xd0\x0c \xaf\x9f\x00\x00\x18\x84\x0c,\xac\xe7\
\x00\x00\x06\x82\x0c0\xfds\x00\x00\x13J\x0c>7d\
\x00\x00 H\x0cG\x92\xf4\x00\x00\x10M\x0cQ\x0b\xd2\
\x00\x00\x14j\x0cV\xb4n\x00\x00\x02\xbd\x0ceP\xa3\
\x00\x00\x1d\x19\x0cj\x8a\x93\x00\x00\x1aT\x0cm_\x93\
\x00\x00\x1a\xc9\x0c\x94\x16Z\x00\x00.\xa7\x0c\xc9\xa0\x0e\
\x00\x00\x11W\x0c\xe5\x11\xba\x00\x00\x06\x15\x0c\xebyc\
\x00\x00\x09\xd7\x0c\xebyc\x00\x00*\xad\x0c\xf6)\xee\
\x00\x00#b\x0dL\xf4\xd8\x00\x00\x1eF\x0dc\xf3y\
\x00\x00*@\x0dl\xcd\xf6\x00\x00,w\x0d\xac\x9c\x19\
\x00\x00*\xe8\x0d\xc4\xc8<\x00\x00\x16\x93\x0d\xc4\xc8<\
\x00\x00\x18\xdc\x0d\xd6\xd1\xb4\x00\x00'9\x0e/\xbeC\
\x00\x00\x03u\x0e?\xc7\x03\x00\x00.a\x0ee~j\
\x00\x00\x1e\xe4\x0ei\x85\xfe\x00\x00\x04I\x0e\x7f\x98Z\
\x00\x00%=\x0e\x8c\xfau\x00\x00$!\x0e\xb0\x1b\x1e\
\x00\x00\x1cw\x0e\xc8a\xa2\x00\x00\x1d\x9c\x0e\xdb#r\
\x00\x00\x0f\xcb\x0e\xe6W\xe5\x00\x00\x22\xdb\x0e\xfa\x87\xb4\
\x00\x00+\x94\x0f\x0a\x9f\xc9\x00\x00\x0cs\x0f\x15\x9f\xdc\
\x00\x00\x0a\x13\x0f=\xcc?\x00\x00\x08u\x0fC\xc9\xf4\
\x00\x00\x1b\xd5\x0f\x9bs3\x00\x00\x16\xba\x0f\xaa\xa7-\
\x00\x002P\x0f\xfcx\xc3\x00\x00\x13\x85\x0f\xfcx\xc3\
\x00\x00%|i\x00\x002\xbd\x03\x00\x00\x00H\x00m\
\x00o\x00d\x00w\x00o\x00r\x00k\x00s\x00h\
\x00o\x00p\x00.\x00n\x00e\x00t0h\x00g\
\x00i\x00t\x00h\x00u\x00b0g0nc\xd0\
hH0\x92Y'0D0kkS\x8f\xce0W\
0~0Y0\x02\x08\x00\x00\x00\x00\x06\x00\x00\x00B\
Suggestions are \
greatly apprecia\
ted on modworksh\
op.net and githu\
b.\x07\x00\x00\x00\x05About\x01\x03\x00\x00\
\x00,\x00K\x00o\x00-\x00F\x00i0g\x00W\
\x00o\x00l\x00f\x00m\x00y\x00t\x00h\x00s\
0\x920\xb50\xdd0\xfc0\xc80Y0\x8b\x08\x00\
\x00\x00\x00\x06\x00\x00\x00\x1aSupport \
Wolfmyths on Ko-\
Fi\x07\x00\x00\x00\x05About\x01\x03\x00\x00\
\x00~0S0n0\xd70\xed0\xb00\xe90\xe0\
0nv\xeev\x840o0\x01\x89\x07ep0n\
0\xd50\xa10\xa40\xeb0\xa80\xaf0\xb90\xd7\
0\xed0\xfc0\xe90\xfc0\x92d\xcdO\x5c0Y\
0\x8bbK\x95\x930\x92w\x010M0\x01\x00P\
\x00A\x00Y\x00D\x00A\x00Y\x00 \x0020n\
\x00M\x00O\x00D{\xa1t\x060\x92R\xb9s\x87\
S\x160Y0\x8b0S0h0g0Y0\x02\
\x08\x00\x00\x00\x00\x06\x00\x00\x00\x84The go\
al of this progr\
am is to streaml\
ine the proccess\
 of PAYDAY 2 mod\
 managment witho\
ut hassle of jug\
gling multiple f\
ile explorers.\x07\x00\
\x00\x00\x05About\x01\x03\x00\x00\x00\x18\x00G\
\x00i\x00t\x00h\x00u\x00b0\xea0\xdd0\xb8\
0\xc80\xea0x\x08\x00\x00\x00\x00\x06\x00\x00\x00\x17\
Visit Github Rep\
ository\x07\x00\x00\x00\x05Abou\
t\x01\x03\x00\x00\x00$\x00M\x00o\x00d\x00w\x00\
o\x00r\x00k\x00s\x00h\x00o\x00p0n0\
\xda0\xfc0\xb80\x92\x89\x8b0\x8b\x08\x00\x00\x00\x00\
\x06\x00\x00\x00\x16Visit Modwo\
rkshop Page\x07\x00\x00\x00\x05\
About\x01\x03\x00\x00\x00^0o\x00W\x00\
o\x00l\x00f\x00m\x00y\x00t\x00h\x00s0\
k0\x880c0fO\x5cb\x100U0\x8c0\
_\x00P\x00A\x00Y\x00D\x00A\x00Y\x00 \x00\
20n0\xaa0\xfc0\xd70\xf30\xbd0\xfc0\
\xb9\x00M\x00O\x00D0\xde0\xcd0\xfc0\xb80\
\xe30\xfc0g0Y0\x02\x08\x00\x00\x00\x00\x06\x00\
\x00\x00@is an open-so\
urce mod manager\
 for PAYDAY 2 cr\
eated by Wolfmyt\
hs.\x07\x00\x00\x00\x05About\x01\x03\x00\
\x00\x00,\x00M\x00O\x00D0n0\xd00\xc30\
\xaf0\xa20\xc30\xd7N-0k0\xa80\xe90\
\xfc0Lvzu\x1f0W0~0W0_\x08\
\x00\x00\x00\x00\x06\x00\x00\x00)An erro\
r was raised whi\
le backing up mo\
ds\x07\x00\x00\x00\x0aBackupMod\
s\x01\x03\x00\x00\x00\x0e0\xaf0\xea0\xfc0\xf30\
\xa20\xc30\xd7\x08\x00\x00\x00\x00\x06\x00\x00\x00\x07C\
leanup\x07\x00\x00\x00\x0aBacku\
pMods\x01\x03\x00\x00\x00\x060\xb30\xd40\
\xfc\x08\x00\x00\x00\x00\x06\x00\x00\x00\x07Copyi\
ng\x07\x00\x00\x00\x0aBackupMod\
s\x01\x03\x00\x00\x00&0S0\x8c0ofB\x95\
\x930L0K0K0\x8b0K0\x820W0\
\x8c0~0[0\x93\x00.\x00.\x00.\x08\x00\x00\
\x00\x00\x06\x00\x00\x00\x1cThis migh\
t take some time\
...\x07\x00\x00\x00\x0aBackupMo\
ds\x01\x03\x00\x00\x00\x1e0\xd00\xc30\xaf0\xa2\
0\xc30\xd70\xd50\xa90\xeb0\xc00\xd10\xb9\
0ni\x1c\x8a<\x08\x00\x00\x00\x00\x06\x00\x00\x00\x1e\
Validating backu\
p folder paths\x07\x00\
\x00\x00\x0aBackupMods\x01\x03\x00\
\x00\x00\x0a\x00Z\x00i\x00pW'~.\x08\x00\x00\
\x00\x00\x06\x00\x00\x00\x0aZipping t\
o\x07\x00\x00\x00\x0aBackupMods\
\x01\x03\x00\x00\x00\x0a0x0n0\xb30\xd40\xfc\
\x08\x00\x00\x00\x00\x06\x00\x00\x00\x02to\x07\x00\x00\x00\
\x0aBackupMods\x01\x03\x00\x00\x00\
,\x00M\x00O\x00D0\xbf0\xa40\xd70nY\
\x09f\xf4N-0k0\xa80\xe90\xfc0Lv\
zu\x1f0W0~0W0_\xff\x1a\x08\x00\x00\
\x00\x00\x06\x00\x00\x00,An error \
was raised while\
 changing mod ty\
pe:\x07\x00\x00\x00\x0dChangeMo\
dType\x01\x03\x00\x00\x00\x0c0\xa40\xf30\
\xb90\xc80\xfc0\xeb\x08\x00\x00\x00\x00\x06\x00\x00\x00\
\x0aInstalling\x07\x00\x00\x00\x0d\
ChangeModType\x01\x03\x00\
\x00\x00&\x00M\x00O\x00D0nRJ\x96dN\
-0k0\xa80\xe90\xfc0Lvzu\x1f0\
W0~0W0_\xff\x1a\x08\x00\x00\x00\x00\x06\x00\
\x00\x00)An error was \
raised while del\
eting a mod:\x07\x00\x00\x00\
\x09DeleteMod\x01\x03\x00\x00\x00\x04\
RJ\x96d\x08\x00\x00\x00\x00\x06\x00\x00\x00\x08De\
leting\x07\x00\x00\x00\x09Delet\
eMod\x01\x03\x00\x00\x00\x120k\x95\x8b0Q\
0~0[0\x930g0W0_\x08\x00\x00\x00\
\x00\x06\x00\x00\x00\x11Could not \
open to\x07\x00\x00\x00\x0dErro\
rChecking\x01\x03\x00\x00\x00\x1a0\
\xd70\xed0\xb00\xe90\xe00\x92\x95\x8bY\xcb0\
g0M0~0[0\x93\x08\x00\x00\x00\x00\x06\x00\
\x00\x00\x17Could not sta\
rt program\x07\x00\x00\x00\x0dE\
rrorChecking\x01\x03\x00\x00\
\x00\x0a0g0n0\xa80\xe90\xfc\x08\x00\x00\x00\
\x00\x06\x00\x00\x00\x08Error in\x07\x00\
\x00\x00\x0dErrorChecking\
\x01\x03\x00\x00\x002\x8dwR\xd50Y0\x8b0\xd7\
0\xed0\xb00\xe90\xe00x0n0\xd50\xeb\
0\xd10\xb90\x92O\x7fu(0W0f0O\
0`0U0D0\x02\x08\x00\x00\x00\x00\x06\x00\x00\
\x007Please use a f\
ull path to the \
program you are \
starting.\x07\x00\x00\x00\x0dEr\
rorChecking\x01\x03\x00\x00\x00\
$Y\x16\x90\xe80\xc40\xfc0\xeb0n\x8dwR\
\xd50\xa80\xe90\xfc0Lvzu\x1f0W0\
~0W0_\x08\x00\x00\x00\x00\x06\x00\x00\x00-A\
n error was rais\
ed starting an e\
xternal tool\x07\x00\x00\x00\
\x0cExternalTool\x01\x03\x00\
\x00\x00(g,_S0k0S0n0\xb70\
\xe70\xfc0\xc80\xab0\xc30\xc80\x92RJ\x96\
d0W0~0Y0K\xff\x1f\x08\x00\x00\x00\x00\
\x06\x00\x00\x00.Are you sur\
e you want to de\
lete this shortc\
ut?\x07\x00\x00\x00\x0cExternal\
Tool\x01\x03\x00\x00\x00,Y\x16\x90\xe80\xc4\
0\xfc0\xeb0n0\xb70\xe70\xfc0\xc80\xab\
0\xc30\xc80\x92RJ\x96d0W0f0O\
0`0U0D\x08\x00\x00\x00\x00\x06\x00\x00\x00\x1d\
Delete external \
tool shortcut\x07\x00\x00\
\x00\x0cExternalTool\x01\x03\
\x00\x00\x00 0\xc40\xfc0\xeb0n0\xb70\xe7\
0\xfc0\xc80\xab0\xc30\xc80\x92RJ\x96d\
0Y0\x8b\x08\x00\x00\x00\x00\x06\x00\x00\x00\x14De\
lete tool shortc\
ut\x07\x00\x00\x00\x0cExternalT\
ool\x01\x03\x00\x00\x00\x060\xa80\xe90\xfc\x08\
\x00\x00\x00\x00\x06\x00\x00\x00\x05Error\x07\x00\
\x00\x00\x0cExternalTool\x01\
\x03\x00\x00\x00\x10[\x9f\x88LS\xef\x80\xfd0\xd50\
\xa10\xa40\xeb\x08\x00\x00\x00\x00\x06\x00\x00\x00\x0bE\
xecutables\x07\x00\x00\x00\x0cE\
xternalTool\x01\x03\x00\x00\x00\
\x16e\xb00W0DY\x16\x90\xe80\xc40\xfc0\
\xeb0\x92\x90xb\x9e\x08\x00\x00\x00\x00\x06\x00\x00\x00\
\x18Select new exte\
rnal tool\x07\x00\x00\x00\x0cEx\
ternalTool\x01\x03\x00\x00\x00*\
0\xb90\xed0\xc30\xc80\x92R%0nY\x16\
\x90\xe80\xc40\xfc0\xeb0k\x8a-[\x9a0W\
0f0O0`0U0D\x08\x00\x00\x00\x00\x06\
\x00\x00\x00%Set slot to \
a different exte\
rnal tool\x07\x00\x00\x00\x0cEx\
ternalTool\x01\x03\x00\x00\x00\x14\
Y\x16\x90\xe80\xc40\xfc0\xeb0\x92\x8dwR\xd5\
0Y0\x8b\x08\x00\x00\x00\x00\x06\x00\x00\x00\x13St\
art external too\
l\x07\x00\x00\x00\x0cExternalTo\
ol\x01\x03\x00\x00\x00&\x91\xcd\x89\x070W0_\
0\xb70\xe70\xfc0\xc80\xab0\xc30\xc80L\
\x89\x8b0d0K0\x8a0~0W0_\x08\x00\
\x00\x00\x00\x06\x00\x00\x00\x19Duplicat\
e shortcuts foun\
d\x07\x00\x00\x00\x13ExternalTo\
olDisplay\x01\x03\x00\x00\x0080\
\xb70\xe70\xfc0\xc80\xab0\xc30\xc80oe\
\xe20k[XW(0Y0\x8b0_0\x810\
\x01\x8f\xfdR\xa00U0\x8c0~0[0\x930\
g0W0_\xff\x1a\x08\x00\x00\x00\x00\x06\x00\x00\x00\
4Shortcuts were \
not added becaus\
e they already e\
xist:\x07\x00\x00\x00\x13Extern\
alToolDisplay\x01\x03\x00\
\x00\x00\x22\x00P\x00A\x00Y\x00D\x00A\x00Y\x00\
 \x0020\xb20\xfc0\xe00\xc70\xa30\xec0\
\xaf0\xc80\xea\x08\x00\x00\x00\x00\x06\x00\x00\x00\x17P\
AYDAY 2 Game Dir\
ectory\x07\x00\x00\x00\x10GameP\
athNotFound\x01\x03\x00\x00\x00\
$\x00P\x00A\x00Y\x00D\x00A\x00Y\x00 \x00\
2\x00 0\xc70\xa30\xec0\xaf0\xc80\xea0\
\x92\x90xb\x9e\x08\x00\x00\x00\x00\x06\x00\x00\x00\x19S\
elect PAYDAY 2 D\
irectory\x07\x00\x00\x00\x10Gam\
ePathNotFound\x01\x03\x00\
\x00\x00\x100\xb20\xfc0\xe00\xd10\xb90n\x8a\
-[\x9a\x08\x00\x00\x00\x00\x06\x00\x00\x00\x0dSet\
 game path\x07\x00\x00\x00\x10G\
amePathNotFound\x01\
\x03\x00\x00\x00\x08RJ\x96d0Y0\x8b\x08\x00\x00\
\x00\x00\x06\x00\x00\x00\x06Remove\x07\x00\x00\
\x00\x10IgnoredModsQMe\
nu\x01\x03\x00\x00\x00\x080k0d0D0f\
\x08\x00\x00\x00\x00\x06\x00\x00\x00\x05About\x07\
\x00\x00\x00\x0aMainWindow\x01\x03\
\x00\x00\x00\x0c0\xde0\xcd0\xfc0\xb80\xe30\xfc\
\x08\x00\x00\x00\x00\x06\x00\x00\x00\x07Manage\
r\x07\x00\x00\x00\x0aMainWindow\
\x01\x03\x00\x00\x00\x0a0\xaa0\xd70\xb70\xe70\xf3\
\x08\x00\x00\x00\x00\x06\x00\x00\x00\x07Option\
s\x07\x00\x00\x00\x0aMainWindow\
\x01\x03\x00\x00\x00\x0c0\xd70\xed0\xd50\xa30\xfc\
0\xeb\x08\x00\x00\x00\x00\x06\x00\x00\x00\x08Prof\
iles\x07\x00\x00\x00\x0aMainWin\
dow\x01\x03\x00\x00\x00\x060\xc40\xfc0\xeb\x08\
\x00\x00\x00\x00\x06\x00\x00\x00\x05Tools\x07\x00\
\x00\x00\x0aMainWindow\x01\x03\x00\
\x00\x00\x0af\xf4e\xb00nx\xba\x8a\x8d\x08\x00\x00\
\x00\x00\x06\x00\x00\x00\x0cCheck Upd\
ate\x07\x00\x00\x00\x0bManagerM\
enu\x01\x03\x00\x00\x00\x04RJ\x96d\x08\x00\x00\
\x00\x00\x06\x00\x00\x00\x06Delete\x07\x00\x00\
\x00\x0bManagerMenu\x01\x03\x00\
\x00\x00\x0aq!R\xb90k0Y0\x8b\x08\x00\x00\
\x00\x00\x06\x00\x00\x00\x07Disable\x07\x00\
\x00\x00\x0bManagerMenu\x01\x03\
\x00\x00\x00\x0ag\x09R\xb90k0Y0\x8b\x08\x00\
\x00\x00\x00\x06\x00\x00\x00\x06Enable\x07\x00\
\x00\x00\x0bManagerMenu\x01\x03\
\x00\x00\x00\x04\x96\xa00Y\x08\x00\x00\x00\x00\x06\x00\x00\
\x00\x04Hide\x07\x00\x00\x00\x0bManag\
erMenu\x01\x03\x00\x00\x00\x140\xd50\xa9\
0\xeb0\xc00\x92\x95\x8b0O\x00.\x00.\x00.\
\x08\x00\x00\x00\x00\x06\x00\x00\x00\x0eOpen F\
older...\x07\x00\x00\x00\x0bMan\
agerMenu\x01\x03\x00\x00\x00\x0a0\xbf\
0\xb00\x92\x89\x8b0\x8b\x08\x00\x00\x00\x00\x06\x00\x00\
\x00\x0bView Tag(s)\x07\x00\x00\
\x00\x0bManagerMenu\x01\x03\x00\
\x00\x00\x0c0\xda0\xfc0\xb80\x92\x89\x8b0\x8b\x08\
\x00\x00\x00\x00\x06\x00\x00\x00\x0aVisit P\
age\x07\x00\x00\x00\x0bManagerM\
enu\x01\x03\x00\x00\x00\x12e\xb00W0D0\
\xd00\xfc0\xb80\xe70\xf30L\x08\x00\x00\x00\x00\
\x06\x00\x00\x00 A new versi\
on has been foun\
d for\x07\x00\x00\x00\x0dModLis\
tWidget\x01\x03\x00\x00\x00\x04q!R\
\xb9\x08\x00\x00\x00\x00\x06\x00\x00\x00\x08Disab\
led\x07\x00\x00\x00\x0dModListW\
idget\x01\x03\x00\x00\x00\x04g\x09R\xb9\x08\
\x00\x00\x00\x00\x06\x00\x00\x00\x07Enabled\
\x07\x00\x00\x00\x0dModListWidg\
et\x01\x03\x00\x00\x00\x080\xed0\xfc0\xab0\xeb\
\x08\x00\x00\x00\x00\x06\x00\x00\x00\x05Local\x07\
\x00\x00\x00\x0dModListWidge\
t\x01\x03\x00\x00\x00\x1e\x00M\x00O\x00D0\xa20\
\xc30\xd70\xc70\xfc0\xc80\xc10\xa70\xc30\
\xaf}Pg\x9c\x08\x00\x00\x00\x00\x06\x00\x00\x00\x18M\
od Update Check \
Results\x07\x00\x00\x00\x0dModL\
istWidget\x01\x03\x00\x00\x00\x04T\
\x0dRM\x08\x00\x00\x00\x00\x06\x00\x00\x00\x04Nam\
e\x07\x00\x00\x00\x0dModListWid\
get\x01\x03\x00\x00\x00\x060\xbf0\xa40\xd7\x08\
\x00\x00\x00\x00\x06\x00\x00\x00\x04Type\x07\x00\x00\
\x00\x0dModListWidget\x01\
\x03\x00\x00\x00\x0a0\xd00\xfc0\xb80\xe70\xf3\x08\
\x00\x00\x00\x00\x06\x00\x00\x00\x07Version\
\x07\x00\x00\x00\x0dModListWidg\
et\x01\x03\x00\x00\x00\x0a0Lg\x00e\xb00g\
0Y\x08\x00\x00\x00\x00\x06\x00\x00\x00\x0dis u\
p to date\x07\x00\x00\x00\x0dMo\
dListWidget\x01\x03\x00\x00\x00\
6\x00P\x00A\x00Y\x00D\x00A\x00Y\x00 \x00\
20\x92\x8dwR\xd50W0\x880F0h0\
Y0\x8b0h0\xa80\xe90\xfc0Lvzu\
\x1f0W0~0Y\x08\x00\x00\x00\x00\x06\x00\x00\x00\
)An error occure\
d trying to star\
t PAYDAY 2\x07\x00\x00\x00\x0aM\
odManager\x01\x03\x00\x00\x000\x00\
M\x00M\x00M0K0\x89\x00P\x00A\x00Y\x00\
D\x00A\x00Y\x00 \x0020\x92\x8dwR\xd50\
g0M0~0[0\x930g0W0_\x08\
\x00\x00\x00\x00\x06\x00\x00\x00!Could n\
ot start PAYDAY \
2 from MMM\x07\x00\x00\x00\x0aM\
odManager\x01\x03\x00\x00\x00\x180\
\xb20\xfc0\xe00\xc70\xa30\xec0\xaf0\xc80\
\xea0\x92\x95\x8b0O\x08\x00\x00\x00\x00\x06\x00\x00\x00\
\x13Open Game Direc\
tory\x07\x00\x00\x00\x0aModMana\
ger\x01\x03\x00\x00\x00\x1c0\xd10\xb90L}\
v[\xfe0\xd10\xb90g0o0B0\x8a0\
~0[0\x93\x08\x00\x00\x00\x00\x06\x00\x00\x00\x14P\
ath is not absol\
ute\x07\x00\x00\x00\x0aModManag\
er\x01\x03\x00\x00\x00\x10\x00M\x00O\x00D0\x92\
f\xf4e\xb00Y0\x8b\x08\x00\x00\x00\x00\x06\x00\x00\
\x00\x0cRefresh Mods\x07\x00\
\x00\x00\x0aModManager\x01\x03\x00\
\x00\x00ni\x1c}\x22\x00.\x00.\x00.0\xbf0\
\xb00\x92i\x1c}\x220Y0\x8b0k0o\x00\
 0\x0c\x00t\x00a\x00g\x00:\x00 0\x0d0\
\x920\xb90\xda0\xfc0\xb90j0W0gO\
\x7fu(0W0\x010\xbf0\xb00\x92S:R\
\x070\x8b0k0o0\xab0\xf30\xde0\x0c\x00\
,\x00 0\x0d0\x92O\x7fu(0W0~0\
Y\x08\x00\x00\x00\x00\x06\x00\x00\x00XSearc\
h... use \x22tag:\x22 \
with no spaces t\
o search for tag\
s, use a comma \x22\
,\x22 to seperate t\
ags\x07\x00\x00\x00\x0aModManag\
er\x01\x03\x00\x00\x00\x18\x00P\x00A\x00Y\x00D\
\x00A\x00Y\x00 \x0020\x92Y\xcb0\x810\x8b\
\x08\x00\x00\x00\x00\x06\x00\x00\x00\x0eStart \
PAYDAY 2\x07\x00\x00\x00\x0aMod\
Manager\x01\x03\x00\x00\x00\x0cT\x08\x8a\
\x08\x00M\x00O\x00Dep\x08\x00\x00\x00\x00\x06\x00\
\x00\x00\x0aTotal Mods\x07\x00\x00\
\x00\x0aModManager\x01\x03\x00\x00\
\x00(\x00M\x00O\x00D0nq!R\xb9S\x16\
N-0k0\xa80\xe90\xfc0Lvzu\x1f\
0W0~0W0_\xff\x1a\x08\x00\x00\x00\x00\x06\
\x00\x00\x00'An error occ\
ured while disab\
ling a mod:\x07\x00\x00\x00\x11\
MoveToDisabledDi\
r\x01\x03\x00\x00\x00\x06q!R\xb9S\x16\x08\x00\x00\
\x00\x00\x06\x00\x00\x00\x09Disabling\
\x07\x00\x00\x00\x11MoveToDisab\
ledDir\x01\x03\x00\x00\x00,\x00M\x00O\
\x00D0\x92g\x09R\xb9S\x160Y0\x8b\x96\x9b\
0k0\xa80\xe90\xfc0Lvzu\x1f0W\
0~0W0_\xff\x1a\x08\x00\x00\x00\x00\x06\x00\x00\
\x00&An error occur\
ed while enablin\
g a mod:\x07\x00\x00\x00\x13Mov\
eToEnabledModDir\
\x01\x03\x00\x00\x00\x06g\x09R\xb9S\x16\x08\x00\x00\x00\
\x00\x06\x00\x00\x00\x08Enabling\x07\x00\
\x00\x00\x13MoveToEnabled\
ModDir\x01\x03\x00\x00\x00\x08\x90iu(\
0Y0\x8b\x08\x00\x00\x00\x00\x06\x00\x00\x00\x05Ap\
ply\x07\x00\x00\x00\x07Options\x01\
\x03\x00\x00\x00\x0a0\xad0\xe30\xf30\xbb0\xeb\x08\
\x00\x00\x00\x00\x06\x00\x00\x00\x06Cancel\x07\
\x00\x00\x00\x07Options\x01\x03\x00\x00\x00\
\x04N\x00\x82,\x08\x00\x00\x00\x00\x06\x00\x00\x00\x07G\
eneral\x07\x00\x00\x00\x07Optio\
ns\x01\x03\x00\x00\x00\x10q!\x89\x960U0\x8c\
0_\x00M\x00O\x00D\x08\x00\x00\x00\x00\x06\x00\x00\
\x00\x0cIgnored Mods\x07\x00\
\x00\x00\x07Options\x01\x03\x00\x00\x00\x06\
0]0nN\xd6\x08\x00\x00\x00\x00\x06\x00\x00\x00\x04\
Misc\x07\x00\x00\x00\x07Options\
\x01\x03\x00\x00\x00\x0e0\xb70\xe70\xfc0\xc80\xab\
0\xc30\xc8\x08\x00\x00\x00\x00\x06\x00\x00\x00\x09Sh\
ortcuts\x07\x00\x00\x00\x07Opti\
ons\x01\x03\x00\x00\x00\x160\xa20\xc30\xd70\
\xc70\xfc0\xc80\x920\xc10\xa70\xc30\xaf\x08\
\x00\x00\x00\x00\x06\x00\x00\x00\x11Check f\
or updates\x07\x00\x00\x00\x0eO\
ptionsGeneral\x01\x03\x00\
\x00\x00\x100\xc10\xa70\xc30\xafN-\x00.\x00\
.\x00.\x08\x00\x00\x00\x00\x06\x00\x00\x00\x0bChe\
cking...\x07\x00\x00\x00\x0eOpt\
ionsGeneral\x01\x03\x00\x00\x00\
\x0c0\xab0\xe90\xfc0\xc60\xfc0\xde\x08\x00\x00\
\x00\x00\x06\x00\x00\x00\x0bColor The\
me\x07\x00\x00\x00\x0eOptionsGe\
neral\x01\x03\x00\x00\x00\x04f\x970D\x08\
\x00\x00\x00\x00\x06\x00\x00\x00\x04Dark\x07\x00\x00\
\x00\x0eOptionsGeneral\
\x01\x03\x00\x00\x00\x16q!R\xb90j\x00M\x00o\
\x00d\x00s0n0\xd10\xb9\xff\x1a\x08\x00\x00\x00\
\x00\x06\x00\x00\x00\x13Disabled M\
ods Path:\x07\x00\x00\x00\x0eOp\
tionsGeneral\x01\x03\x00\x00\
\x00\x160\xa80\xe90\xfc\x00 0\xed0\xb00\x92\
0\xc10\xa70\xc30\xaf\x08\x00\x00\x00\x00\x06\x00\x00\
\x00\x1fError: Check l\
ogs for more inf\
o\x07\x00\x00\x00\x0eOptionsGen\
eral\x01\x03\x00\x00\x00\x04N\x00\x82,\x08\x00\
\x00\x00\x00\x06\x00\x00\x00\x07General\x07\
\x00\x00\x00\x0eOptionsGener\
al\x01\x03\x00\x00\x00\x06\x8a\x00\x8a\x9e\xff\x1a\x08\x00\
\x00\x00\x00\x06\x00\x00\x00\x09Language\
:\x07\x00\x00\x00\x0eOptionsGen\
eral\x01\x03\x00\x00\x00\x060\xe90\xa40\xc8\
\x08\x00\x00\x00\x00\x06\x00\x00\x00\x05Light\x07\
\x00\x00\x00\x0eOptionsGener\
al\x01\x03\x00\x00\x00&\x00P\x00a\x00y\x00d\
\x00a\x00y\x00 \x002\x00 0\xb20\xfc0\xe0\
0\xc70\xa30\xec0\xaf0\xc80\xea\xff\x1a\x08\x00\
\x00\x00\x00\x06\x00\x00\x00\x18Payday 2\
 Game Directory:\
\x07\x00\x00\x00\x0eOptionsGene\
ral\x01\x03\x00\x00\x00\x08g\x00e\xb0rH\x00\
!\x08\x00\x00\x00\x00\x06\x00\x00\x00\x0bUp to\
 date!\x07\x00\x00\x00\x0eOptio\
nsGeneral\x01\x03\x00\x00\x00\x18\x8d\
wR\xd5fB0n0\xa20\xc30\xd70\xc70\
\xfc0\xc8\x8bfTJ\x08\x00\x00\x00\x00\x06\x00\x00\x00\
\x18Update alerts o\
n startup\x07\x00\x00\x00\x0eOp\
tionsGeneral\x01\x03\x00\x00\
\x00\x0c0\xa20\xc30\xd70\xc70\xfc0\xc8\x08\x00\
\x00\x00\x00\x06\x00\x00\x00\x07Updates\x07\
\x00\x00\x00\x0eOptionsGener\
al\x01\x03\x00\x00\x00\x0c\x96\xa00W\x00M\x00O\
\x00D\x00:\x08\x00\x00\x00\x00\x06\x00\x00\x00\x0cHi\
dden Mods:\x07\x00\x00\x00\x12O\
ptionsIgnoredMod\
s\x01\x03\x00\x00\x00\x120\xd00\xc30\xaf0\xa20\
\xc30\xd7\x00M\x00O\x00D\x08\x00\x00\x00\x00\x06\x00\
\x00\x00\x0bBackup Mods\x07\x00\
\x00\x00\x0bOptionsMisc\x01\x03\
\x00\x00\x00B0Y0y0f0n\x00M\x00O\
\x00D0\x92\x00M\x00M\x00M0n0\xa40\xf3\
0\xb90\xc80\xfc0\xeb0\xd50\xa90\xeb0\xc0\
0k0\xb30\xd40\xfc0W0fW'~.\
0W0~0Y\x08\x00\x00\x00\x00\x06\x00\x00\x00C\
Copies and compr\
esses all of you\
r mods to MMM's \
installation fol\
der\x07\x00\x00\x00\x0bOptionsM\
isc\x01\x03\x00\x00\x00\x060]0nN\xd6\x08\
\x00\x00\x00\x00\x06\x00\x00\x00\x04Misc\x07\x00\x00\
\x00\x0bOptionsMisc\x01\x03\x00\
\x00\x00R\x00M\x00y\x00t\x00h\x00 \x00M\x00\
o\x00d\x00 \x00M\x00a\x00n\x00a\x00g\x00\
e\x00r\xff\x1a\x00 0\xd00\xcb0\xe90n0\
\xaf0\xe90\xc30\xb70\xe50\xed0\xb00o0\
\xb50\xdd0\xfc0\xc80U0\x8c0f0D0\
~0[0\x93\x08\x00\x00\x00\x00\x06\x00\x00\x000M\
yth Mod Manager:\
 Vanilla crash l\
ogs unsupported\x07\
\x00\x00\x00\x0bOptionsMisc\x01\
\x03\x00\x00\x00\x1a0\xaf0\xe90\xc30\xb70\xe50\
\xed0\xb00\x92\x95\x8b0O\x00.\x00.\x00.\x08\
\x00\x00\x00\x00\x06\x00\x00\x00\x12Open Cr\
ash Logs...\x07\x00\x00\x00\x0b\
OptionsMisc\x01\x03\x00\x00\x00\
 \x00M\x00O\x00D0\xaf0\xe90\xc30\xb70\
\xe50\xed0\xb00\x92\x95\x8b0O\x00.\x00.\x00\
.\x08\x00\x00\x00\x00\x06\x00\x00\x00\x16Open \
Mod Crash Logs..\
.\x07\x00\x00\x00\x0bOptionsMis\
c\x01\x03\x00\x00\x008\x00B\x00L\x00T0LO\
\x7fu(0W0f0D0\x8b0\xaf0\xe90\
\xc30\xb70\xe50\xed0\xb00\xc70\xa30\xec0\
\xaf0\xc80\xea0\x92\x95\x8b0M0~0Y\x08\
\x00\x00\x00\x00\x06\x00\x00\x00+Opens t\
he crash log dir\
ectory that BLT \
uses\x07\x00\x00\x00\x0bOptions\
Misc\x01\x03\x00\x00\x00T\x00V\x00a\x00n\
\x00i\x00l\x00l\x00a\x00 \x00P\x00a\x00y\
\x00d\x00a\x00y\x00 \x0020gO\x7fu(\
0U0\x8c0f0D0\x8b0\xaf0\xe90\xc3\
0\xb70\xe50\xed0\xb00\xc70\xa30\xec0\xaf\
0\xc80\xea0\x92\x95\x8b0M0~0Y\x08\x00\
\x00\x00\x00\x06\x00\x00\x006Opens th\
e crash log dire\
ctory used by va\
nilla Payday 2\x07\x00\
\x00\x00\x0bOptionsMisc\x01\x03\
\x00\x00\x00F\x00O\x00v\x00e\x00r\x00k\x00i\
\x00l\x00l0o\x00L\x00i\x00n\x00u\x00x\
u(0n0\xd00\xcb0\xe90\xaf0\xe90\xc3\
0\xb70\xe50\xed0\xb00\x92[\x9f\x88\xc50W\
0f0D0~0[0\x93\x08\x00\x00\x00\x00\x06\
\x00\x00\x008Overkill did\
 not implement a\
 vanilla crash l\
og for linux\x07\x00\x00\x00\
\x0bOptionsMisc\x01\x03\x00\x00\
\x00\x160\xd70\xed0\xd50\xa30\xfc0\xebT\x0d\
0nY\x09f\xf4\x00:\x08\x00\x00\x00\x00\x06\x00\x00\
\x00\x14Change Profile\
 Name:\x07\x00\x00\x00\x10Optio\
nsShortcuts\x01\x03\x00\x00\x00\
 \x00M\x00O\x00D0~0_0o0\xd70\
\xed0\xd50\xa30\xfc0\xeb0\x92RJ\x96d\x00\
:\x08\x00\x00\x00\x00\x06\x00\x00\x00\x16Delet\
e Mod or Profile\
:\x07\x00\x00\x00\x10OptionsSho\
rtcuts\x01\x03\x00\x00\x00\x100Y0y\
0f\x90xb\x9e\x89\xe3\x96d\x00:\x08\x00\x00\x00\
\x00\x06\x00\x00\x00\x0dDeselect A\
ll:\x07\x00\x00\x00\x10OptionsS\
hortcuts\x01\x03\x00\x00\x00\x0c0Y\
0y0f\x90xb\x9e\x00:\x08\x00\x00\x00\x00\x06\
\x00\x00\x00\x0bSelect All:\x07\
\x00\x00\x00\x10OptionsShort\
cuts\x01\x03\x00\x00\x00\x0e0\xb70\xe70\xfc\
0\xc80\xab0\xc30\xc8\x08\x00\x00\x00\x00\x06\x00\x00\
\x00\x09Shortcuts\x07\x00\x00\x00\x10\
OptionsShortcuts\
\x01\x03\x00\x00\x00\x220\xbf0\xd60\x92R\x070\x8a\
f\xff0H0\x8b\xff\x1a\x00 ]\xe6w\xe2Sp\
0\x01S\xf3w\xe2Sp\x08\x00\x00\x00\x00\x06\x00\x00\
\x00$Switch tabs: A\
rrow left, Arrow\
 right\x07\x00\x00\x00\x10Optio\
nsShortcuts\x01\x03\x00\x00\x00\
*0]0nT\x0dRM0n0\xd70\xed0\
\xd50\xa10\xa40\xeb0o0Y0g0k[\
XW(0W0~0Y\xff\x1a\x08\x00\x00\x00\x00\
\x06\x00\x00\x00(A profile w\
ith that name al\
ready exists:\x07\x00\x00\
\x00\x0bProfileList\x01\x03\x00\
\x00\x00\x1e0\xa80\xe90\xfc\xff\x1a\x00 0\xd70\
\xed0\xd50\xa10\xa40\xebT\x0d0n\x91\xcd\x89\
\x07\x08\x00\x00\x00\x00\x06\x00\x00\x00\x1dError\
: Duplicate prof\
ile name\x07\x00\x00\x00\x0bPro\
fileList\x01\x03\x00\x00\x00\x08\x00M\
\x00O\x00Dep\x08\x00\x00\x00\x00\x06\x00\x00\x00\x09\
Mod Count\x07\x00\x00\x00\x0bPr\
ofileList\x01\x03\x00\x00\x00\x16e\
\xb00W0D0\xd70\xed0\xd50\xa30\xfc0\
\xebT\x0d\x00:\x08\x00\x00\x00\x00\x06\x00\x00\x00\x11N\
ew profile name:\
\x07\x00\x00\x00\x0bProfileList\
\x01\x03\x00\x00\x00\x0c0\xd70\xed0\xd50\xa30\xfc\
0\xeb\x08\x00\x00\x00\x00\x06\x00\x00\x00\x07Prof\
ile\x07\x00\x00\x00\x0bProfileL\
ist\x01\x03\x00\x00\x00\x0c\x00M\x00O\x00D0\
n\x8f\xfdR\xa0\x08\x00\x00\x00\x00\x06\x00\x00\x00\x08A\
dd Mods\x07\x00\x00\x00\x0bProf\
ileMenu\x01\x03\x00\x00\x00\x120\xd70\
\xed0\xd50\xa10\xa40\xeb0n\x8f\xfdR\xa0\x08\
\x00\x00\x00\x00\x06\x00\x00\x00\x0bAdd Pro\
file\x07\x00\x00\x00\x0bProfile\
Menu\x01\x03\x00\x00\x00\x120\xd70\xed0\xd5\
0\xa10\xa40\xeb0n\x90iu(\x08\x00\x00\x00\
\x00\x06\x00\x00\x00\x0dApply Prof\
ile\x07\x00\x00\x00\x0bProfileM\
enu\x01\x03\x00\x00\x00\x140\xd70\xed0\xd50\
\xa10\xa40\xebT\x0d0nY\x09f\xf4\x08\x00\x00\
\x00\x00\x06\x00\x00\x00\x13Change Pr\
ofile Name\x07\x00\x00\x00\x0bP\
rofileMenu\x01\x03\x00\x00\x00\x14\
0\xd70\xed0\xd50\xa30\xfc0\xeb0n0\xb3\
0\xd40\xfc\x08\x00\x00\x00\x00\x06\x00\x00\x00\x0cCo\
py Profile\x07\x00\x00\x00\x0bP\
rofileMenu\x01\x03\x00\x00\x00\x14\
\x00M\x00O\x00D0\x920\xb30\xd40\xfc\x00.\
\x00.\x00.\x08\x00\x00\x00\x00\x06\x00\x00\x00\x11Co\
py mod(s) to...\x07\
\x00\x00\x00\x0bProfileMenu\x01\
\x03\x00\x00\x00\x10\x00M\x00O\x00D0\x92RJ\x96\
d0Y0\x8b\x08\x00\x00\x00\x00\x06\x00\x00\x00\x0aR\
emove Mod\x07\x00\x00\x00\x0bPr\
ofileMenu\x01\x03\x00\x00\x00\x120\
\xd70\xed0\xd50\xa10\xa40\xeb0nRJ\x96\
d\x08\x00\x00\x00\x00\x06\x00\x00\x00\x0eRemov\
e Profile\x07\x00\x00\x00\x0bPr\
ofileMenu\x01\x03\x00\x00\x00\x120\
\xad0\xe30\xf30\xbb0\xeb0W0~0W0\
_\x08\x00\x00\x00\x00\x06\x00\x00\x00\x1aCance\
led, exit to con\
tinue\x07\x00\x00\x00\x0eProgre\
ssWidget\x01\x03\x00\x00\x00\x06[\x8c\
N\x86\x00!\x08\x00\x00\x00\x00\x06\x00\x00\x00\x05Do\
ne!\x07\x00\x00\x00\x0eProgress\
Widget\x01\x03\x00\x00\x00\x0e}BN\x86\
0W0f}\x9a0Q0\x8b\x08\x00\x00\x00\x00\x06\
\x00\x00\x00\x10Exit to cont\
inue\x07\x00\x00\x00\x0eProgres\
sWidget\x01\x03\x00\x00\x00&\x00M\x00\
y\x00t\x00h\x00 \x00M\x00o\x00d\x00 \x00\
M\x00a\x00n\x00a\x00g\x00e\x00r0\xbf0\
\xb90\xaf\x08\x00\x00\x00\x00\x06\x00\x00\x00\x15Myt\
h Mod Manager Ta\
sk\x07\x00\x00\x00\x0eProgressW\
idget\x01\x03\x00\x00\x00\x10\x8f\xfdR\xa00\
Y0\x8b\x00M\x00O\x00D\x00:\x08\x00\x00\x00\x00\
\x06\x00\x00\x00\x11Mods to be \
added:\x07\x00\x00\x00\x09Selec\
tMod\x01\x03\x00\x00\x00hi\x1c}\x22\x00.\
\x00.\x00.0\xbf0\xb00\x92i\x1c}\x220Y\
0\x8b0k0o0\xb90\xda0\xfc0\xb90\x92\
Qe0\x8c0Z0k\x00 0\x0c\x00t\x00a\
\x00g\x00:\x00 0\x0d0\x92O\x7f0D0\x01\
0\xbf0\xb00\x92S:R\x070\x8b0k0o\
0\x0c\x00,\x00 0\x0d0\x92O\x7f0D0~\
0Y\x08\x00\x00\x00\x00\x06\x00\x00\x00XSear\
ch... use \x22tag:\x22\
 with no spaces \
to search for ta\
gs, use a comma \
\x22,\x22 to seperate \
tags\x07\x00\x00\x00\x09SelectM\
od\x01\x03\x00\x00\x00 \x00M\x00O\x00D0\x92\
0\xb30\xd40\xfc0Y0\x8b0\xd70\xed0\xd5\
0\xa30\xfc0\xeb\x00:\x08\x00\x00\x00\x00\x06\x00\x00\
\x00\x1aProfile to cop\
y mod(s) to:\x07\x00\x00\x00\
\x0dSelectProfile\x01\x03\
\x00\x00\x00\x0ai\x1c}\x22\x00.\x00.\x00.\x08\x00\
\x00\x00\x00\x06\x00\x00\x00\x09Search..\
.\x07\x00\x00\x00\x0dSelectProf\
ile\x01\x03\x00\x00\x00\x04T\x0dRM\x08\x00\x00\
\x00\x00\x06\x00\x00\x00\x04Name\x07\x00\x00\x00\x0a\
TagDisplay\x01\x03\x00\x00\x00\x04\
0\xbf0\xb0\x08\x00\x00\x00\x00\x06\x00\x00\x00\x04Ta\
gs\x07\x00\x00\x00\x0aTagDispla\
y\x01\x03\x00\x00\x00\x12\x00M\x00O\x00D0k0\
\xbf0\xb00\x92\x8f\xfdR\xa0\x08\x00\x00\x00\x00\x06\x00\
\x00\x00\x0eAdd tag to mo\
d\x07\x00\x00\x00\x0aTagHandler\
\x01\x03\x00\x00\x00\x18\x00M\x00O\x00D0K0\x89\
0\xbf0\xb00\x92RJ\x96d0Y0\x8b\x08\x00\
\x00\x00\x00\x06\x00\x00\x00\x13Remove t\
ag from mod\x07\x00\x00\x00\x0a\
TagHandler\x01\x03\x00\x00\x004\
\x89\x07ep0n0\xbf0\xb00\x92c\x07[\x9a\
0Y0\x8b0k0o0\x010\x0c\x00,\x00 \
0\x0d0gS:R\x070c0f0O0`\
0U0D\x08\x00\x00\x00\x00\x06\x00\x00\x007To\
 specify multipl\
e tags seperate \
them with a comm\
a \x22,\x22\x07\x00\x00\x00\x0aTagHan\
dler\x01\x03\x00\x00\x00\x1c\x00(0S0n\
d\xcdO\x5c0oQC0kb;0[0~\
0[0\x93\x00)\x08\x00\x00\x00\x00\x06\x00\x00\x00 \
(This action can\
not be reversed)\
\x07\x00\x00\x00\x09TagViewer\x01\x03\
\x00\x00\x006\x00M\x00O\x00D0k\x95\xa2\x90#\
0Y0\x8b0\xbf0\xb00\x920Y0y0f\
RJ\x96d0W0f0\x820\x880\x8d0W\
0D0g0Y0K\xff\x1f\x08\x00\x00\x00\x00\x06\
\x00\x00\x00JAre you sure\
 you want to del\
ete all of the t\
ags associated w\
ith your mods?\x07\x00\
\x00\x00\x09TagViewer\x01\x03\x00\x00\
\x00\x160Y0y0f0n0\xbf0\xb00\x92\
RJ\x96d0Y0\x8b\x08\x00\x00\x00\x00\x06\x00\x00\
\x00\x0fDelete all tag\
s\x07\x00\x00\x00\x09TagViewer\x01\
\x03\x00\x00\x00\x14\x00M\x00O\x00D0\xbf0\xb00\
\xfb0\xd30\xe50\xfc0\xa2\x08\x00\x00\x00\x00\x06\x00\
\x00\x00\x0eMod Tag Viewe\
r\x07\x00\x00\x00\x09TagViewer\x01\
\x03\x00\x00\x00\x0a0\xbf0\xb00n\x8f\xfdR\xa0\x08\
\x00\x00\x00\x00\x06\x00\x00\x00\x0aAdd Tag\
(s)\x07\x00\x00\x00\x0dTagViewe\
rMenu\x01\x03\x00\x00\x00\x120Y0y0\
f0n0\xbf0\xb00\x92RJ\x96d\x08\x00\x00\
\x00\x00\x06\x00\x00\x00\x0fDelete Al\
l Tags\x07\x00\x00\x00\x0dTagVi\
ewerMenu\x01\x03\x00\x00\x00\x0a0\xbf\
0\xb00nRJ\x96d\x08\x00\x00\x00\x00\x06\x00\x00\
\x00\x0dRemove Tag(s)\x07\
\x00\x00\x00\x0dTagViewerMen\
u\x01\x03\x00\x00\x00\x0c0\xc40\xfc0\xeb0n\x8f\
\xfdR\xa0\x08\x00\x00\x00\x00\x06\x00\x00\x00\x08Add\
 Tool\x07\x00\x00\x00\x0bToolMa\
nager\x01\x03\x00\x00\x00\x10[\x9f\x88LS\
\xef\x80\xfd0\xd50\xa10\xa40\xeb\x08\x00\x00\x00\x00\
\x06\x00\x00\x00\x0bExecutables\
\x07\x00\x00\x00\x0bToolManager\
\x01\x03\x00\x00\x00\x10Y\x16\x90\xe80\xc40\xfc0\xeb\
0\x92\x90xb\x9e\x08\x00\x00\x00\x00\x06\x00\x00\x00\x17\
Select External \
Tool(s)\x07\x00\x00\x00\x0bTool\
Manager\x01\x03\x00\x00\x00(\x00u\x00\
n\x00Z\x00i\x00p\x00M\x00o\x00d0g0\
\xa80\xe90\xfc0Lvzu\x1f0W0~0\
W0_\xff\x1a\x08\x00\x00\x00\x00\x06\x00\x00\x00 A\
n error was rais\
ed in unZipMod:\x07\
\x00\x00\x00\x08UnZipMod\x01\x03\x00\x00\
\x00\x1e0~0ZbKR\xd50g\x89\xe3Q\xcd\
0W0f0\x7f0f0O0`0U0D\
\x08\x00\x00\x00\x00\x06\x00\x00\x00%Try ex\
tracting the mod\
 manually first\x07\
\x00\x00\x00\x08UnZipMod\x01\x03\x00\x00\
\x00\x04\x89\xe3Q\xcd\x08\x00\x00\x00\x00\x06\x00\x00\x00\x09\
Unpacking\x07\x00\x00\x00\x08Un\
ZipMod\x01\x03\x00\x00\x00\x220n0\xd5\
0\xa10\xa40\xeb0\xd10\xfc0\xdf0\xc30\xb7\
0\xe70\xf30n0\xc10\xa70\xc30\xaf\x08\x00\
\x00\x00\x00\x06\x00\x00\x00\x1cChecking\
 file permission\
s of\x07\x00\x00\x00\x06Worker\x01\
\x03\x00\x00\x00 0\xd50\xa90\xeb0\xc00\xd10\
\xfc0\xdf0\xc30\xb70\xe70\xf30n0\xc10\
\xa70\xc30\xaf\x08\x00\x00\x00\x00\x06\x00\x00\x00\x1eC\
hecking folder p\
ermissions of\x07\x00\x00\
\x00\x06Worker\x01\x03\x00\x00\x00\x120\xa4\
0\xf30\xb90\xc80\xfc0\xeb0nO\xeekc\
\x08\x00\x00\x00\x00\x06\x00\x00\x00\x12Fixing\
 install for\x07\x00\x00\x00\
\x06Worker\x01\x03\x00\x00\x00\x0e0\xc60\
\xad0\xb90\xc80nc?Qe\x08\x00\x00\x00\x00\
\x06\x00\x00\x00\x0bInsert text\
\x07\x00\x00\x00\x0cinsertStrin\
g\x01\x03\x00\x00\x0040\xd70\xed0\xd50\xa30\
\xfc0\xeb\x00 0D0O0d0K0n\x00\
M\x00O\x00D0L\x90iu(0U0\x8c0\
~0[0\x930g0W0_\x08\x00\x00\x00\x00\
\x06\x00\x00\x00#Profile: So\
me mods were not\
 applied\x07\x00\x00\x00\x0amod\
Profile\x01\x03\x00\x00\x00@N\xe5N\
\x0b0n\x00M\x00O\x00D0o0\xa40\xf30\
\xb90\xc80\xfc0\xeb0U0\x8c0f0D0\
j0D0_0\x81\x90iu(0U0\x8c0\
~0[0\x930g0W0_\xff\x1a\x08\x00\x00\
\x00\x00\x06\x00\x00\x00CThe follo\
wing mods were n\
ot applied becau\
se they are not \
installed:\x07\x00\x00\x00\x0am\
odProfile\x01\x03\x00\x00\x00\x14\x00\
M\x00O\x00D0n0\xa40\xf30\xb90\xc80\
\xfc0\xeb\x08\x00\x00\x00\x00\x06\x00\x00\x00\x0fIns\
talling mods\x07\x00\x00\x00\
\x0enewModLocation\x01\
\x03\x00\x00\x00*\x00M\x00O\x00D0n0\xa40\
\xf30\xb90\xc80\xfc0\xebQH0\x92\x90xb\
\x9e0W0f0O0`0U0D\xff\x1a\x08\
\x00\x00\x00\x00\x06\x00\x00\x001Please \
select where the\
 mods should be \
installed:\x07\x00\x00\x00\x0en\
ewModLocation\x01\x03\x00\
\x00\x0000\xad0\xe30\xf30\xbb0\xeb\x00.\x00\
.\x00.\x00 \x00(s\xfeW(0n0\xb90\
\xc60\xc30\xd70\x92}BN\x860W0~0\
Y\x00)\x08\x00\x00\x00\x00\x06\x00\x00\x00%Can\
celing... (Finis\
hing current ste\
p)\x07\x00\x00\x00\x0eupdateDet\
ected\x01\x03\x00\x00\x00T\x00o\x00k0\
\x920\xaf0\xea0\xc30\xaf0W0f}BN\
\x860W0\x01\x00M\x00y\x00t\x00h\x00 \x00\
M\x00o\x00d\x00 \x00M\x00a\x00n\x00a\x00\
g\x00e\x00r0\x920\xa20\xc30\xd70\xc70\
\xfc0\xc80W0f0O0`0U0D\x08\
\x00\x00\x00\x00\x06\x00\x00\x00,Click o\
k to exit and up\
date Myth Mod Ma\
nager\x07\x00\x00\x00\x0eupdate\
Detected\x01\x03\x00\x00\x00\x16s\xfe\
W(0n0\xd00\xfc0\xb80\xe70\xf30g\
0Y\xff\x1a\x08\x00\x00\x00\x00\x06\x00\x00\x00\x10Cu\
rrent Version:\x07\x00\
\x00\x00\x0eupdateDetecte\
d\x01\x03\x00\x00\x00\x22Q\x8d^\xa60n0JU\
O0DT\x080\x8f0[0o0T\x90`a\
n0O0`0U0D\x08\x00\x00\x00\x00\x06\x00\
\x00\x00\x10Do not ask ag\
ain\x07\x00\x00\x00\x0eupdateDe\
tected\x01\x03\x00\x00\x00\x160\xa20\xc3\
0\xd70\xc70\xfc0\xc80W0~0Y0K\
\xff\x1f\x08\x00\x00\x00\x00\x06\x00\x00\x00\x16Do y\
ou want to Updat\
e?\x07\x00\x00\x00\x0eupdateDet\
ected\x01\x03\x00\x00\x00\x060\xa80\xe90\
\xfc\x08\x00\x00\x00\x00\x06\x00\x00\x00\x05Error\
\x07\x00\x00\x00\x0eupdateDetec\
ted\x01\x03\x00\x00\x00\x1c0\xa40\xf30\xb90\
\xc80\xfc0\xeb0kb\x10R\x9f0W0~0\
W0_\xff\x01\x08\x00\x00\x00\x00\x06\x00\x00\x00\x18I\
nstallation Succ\
essful!\x07\x00\x00\x00\x0eupda\
teDetected\x01\x03\x00\x00\x00$\
e\xb00W0D0\xa20\xc30\xd70\xc70\xfc\
0\xc80L\x89\x8b0d0K0\x8a0~0W\
0_\xff\x1a\x08\x00\x00\x00\x00\x06\x00\x00\x00\x11Ne\
w update found:\x07\
\x00\x00\x00\x0eupdateDetect\
ed\x01\x03\x00\x00\x00\x160\xa20\xc30\xd70\xc7\
0\xfc0\xc80n0Jw\xe50\x890[\x08\x00\
\x00\x00\x00\x06\x00\x00\x00\x0dUpdate N\
otice\x07\x00\x00\x00\x0eupdate\
Detected\x01\x03\x00\x00\x00*\x00g\
\x00i\x00t\x00h\x00u\x00b\x00.\x00c\x00o\
\x00m0n0\xea0\xea0\xfc0\xb90\xce0\xfc\
0\xc80\x92\x89\x8b0\x8b\x08\x00\x00\x00\x00\x06\x00\x00\
\x00 View Release N\
otes on github.c\
om\x07\x00\x00\x00\x0eupdateDet\
ected\x01\
\x00\x00H\xc0\
<\
\xb8d\x18\xca\xef\x9c\x95\xcd!\x1c\xbf`\xa1\xbd\xddB\
\x00\x00\x05\x10\x00\x00\x07\xaf\x00\x00\x07B\x00\x02\xf5\x05\
\x00\x00.\x22\x00\x04\xa8\x8b\x00\x00\x1f\xe1\x00\x04\xef\xa5\
\x00\x00\x14\x10\x00\x05@\x93\x00\x00\x1e\x84\x00\x05@\x93\
\x00\x00$\xd7\x00\x05H5\x00\x00\x16\xdf\x00\x05H5\
\x00\x003\xc7\x00\x05\xa7\xe3\x00\x003\xf2\x00\x05\xc0e\
\x00\x00\x17#\x00 n\x0a\x00\x00+\xb9\x00-\x9b#\
\x00\x007\x10\x00/\x99#\x00\x008\x15\x00G\x96\xc4\
\x00\x00\x12\x12\x00Hw9\x00\x00\x1d\xb2\x00Kdq\
\x00\x000p\x00L\x99b\x00\x00\x0dI\x00L\x99b\
\x00\x00A\xa5\x00R\xfd\xf4\x00\x00!\xa4\x00SY|\
\x00\x00\x16\x14\x00U\x0d\xff\x00\x00\x09\x0e\x00[f3\
\x00\x00\x12\xe1\x00]\x05y\x00\x00?M\x00`\xb7u\
\x00\x00\x14\xd1\x00\x95\x84\xda\x00\x00-\x07\x00\x97\x92\xb4\
\x00\x00\x0fJ\x00\x97\x96\x04\x00\x00\x15\x9f\x00\xaao\x12\
\x00\x007g\x00\xad\xc0\x0a\x00\x00*\x08\x00\xcd0>\
\x00\x00\x01F\x016\xad\xc1\x00\x00\x22G\x017\xfe\xb2\
\x00\x004\xc8\x01L\x05#\x00\x00\x1e\xe7\x01X\x11u\
\x00\x00\x13\x1b\x01\xb6\x0b,\x00\x00\x0e\xe2\x01\xcd\x8c\xae\
\x00\x00\x1fS\x02;\x9c,\x00\x00\x0a\xfb\x02}\xb5\x95\
\x00\x00,E\x02\xcc\xfcc\x00\x00\x16E\x02\xe3/b\
\x00\x00\x17\xe1\x02\xfb\xd1T\x00\x00<\xc1\x033\xb5u\
\x00\x00.\xca\x03]\x7f\x80\x00\x00\x22\x8b\x03k\x81\x09\
\x00\x005\x94\x03\x84}\x92\x00\x00\x12@\x03\x8e\xc7\x8a\
\x00\x00)\xa1\x03\xd6\x9f+\x00\x001\x05\x03\xe5\x0e\xdd\
\x00\x00\x18\x81\x04\x10\x89U\x00\x00\x1f\x9d\x04%<\x15\
\x00\x000\xac\x04XMJ\x00\x00@\x9e\x04l\x1bN\
\x00\x00\x14B\x04y,\x87\x00\x00\x1dl\x04\x98I\xbc\
\x00\x00\x1d\xe1\x04\xac,\xa5\x00\x00\x13q\x04\xbd\xf1\xaa\
\x00\x00#V\x04\xc4>D\x00\x00\x0cV\x04\xc4y%\
\x00\x00\x13\xde\x04\xded\x91\x00\x00A\xd5\x04\xeb/\x0a\
\x00\x00!j\x04\xf8\xaa\x9f\x00\x006\x16\x05\x01q\x8a\
\x00\x00\x07k\x05-\xd3j\x00\x00\x1c\xdc\x058\xd6j\
\x00\x00 \x14\x05\x8cF\xc5\x00\x00\x11\xd9\x05\xa3\xe59\
\x00\x007\xc9\x05\xfbc\xc9\x00\x00\x14\x8c\x06\x03e>\
\x00\x00\x00\x00\x06\x1aF\xca\x00\x00=e\x06J@\x04\
\x00\x00,\xbe\x06z/\xe5\x00\x00\x19\x89\x06zD\x17\
\x00\x00:\xd0\x06{\x06\x03\x00\x00\x12|\x06\x83AJ\
\x00\x00!\xd6\x06\x9a\xf5C\x00\x00\x1e\xb4\x06\x9a\xf5C\
\x00\x00*\xc2\x06\xc2\xe0\x14\x00\x00/k\x06\xeb\xfdv\
\x00\x00;\x12\x07\x02\x87\xdf\x00\x00\x06\xfd\x07\x87\x8cJ\
\x00\x00\x0f\xc7\x07\x95\xd0u\x00\x00-`\x07\x9e\xea\xd3\
\x00\x00\x06n\x07\xbd\xb2\xe2\x00\x00?\xe5\x07\xd2ju\
\x00\x00-\xd7\x07\xe0\x11*\x00\x003\x10\x07\xe2\x93\x13\
\x00\x00\x1b\xbf\x08\x05\x0e\x1e\x00\x00@\xeb\x08.\xba\xd5\
\x00\x00\x03\x93\x08<\xaa\xa4\x00\x004r\x08\x8a\x0a\xbe\
\x00\x003\x8a\x09&\xdd:\x00\x00\x1c\x02\x097\xf54\
\x00\x00<{\x09<%\xb5\x00\x00B\xac\x09<\xa0\x8e\
\x00\x00\x0a.\x09]\x07\xb3\x00\x00\x12\xae\x09n\x19\x19\
\x00\x00\x00\xde\x09n\xf6\xdf\x00\x00AJ\x09yeG\
\x00\x00\x1c\x97\x09\x82\x0b\xde\x00\x00&w\x09\x96B>\
\x00\x00\x09\xf6\x0a+\x85\x80\x00\x00\x05\x93\x0a=\xc0J\
\x00\x00*X\x0a]\x9b\x02\x00\x00#\xea\x0aeA\xc3\
\x00\x00-\x93\x0ae\xb2,\x00\x008\xbb\x0ah\x00\x07\
\x00\x00\x05\xc7\x0aj\xd2\xc9\x00\x00\x10\x89\x0a\x88+\xe7\
\x00\x00\x08\x0b\x0a\xb1\x05\x98\x00\x00\x11y\x0a\xe0\xee\x84\
\x00\x00\x0c\xdc\x0a\xe1\xf9\x19\x00\x00\x19'\x0b\x09\x07z\
\x00\x00B@\x0b\x09ye\x00\x00\x13\xa5\x0b\x22t]\
\x00\x00\x09w\x0bAj\xa5\x00\x00\x17\x94\x0b\x5c@\x5c\
\x00\x00\x0e6\x0b\x96\xdc\xaa\x00\x009\xc9\x0b\xd3\x0e\xf5\
\x00\x00/\xad\x0b\xd4:9\x00\x00\x03&\x0b\xee\xc7\x82\
\x00\x00<\x1a\x0c \xaf\x9f\x00\x00 \x84\x0c,\xac\xe7\
\x00\x00\x08\xd6\x0c0\xfds\x00\x00\x19\xec\x0c>7d\
\x00\x00*\xfe\x0cG\x92\xf4\x00\x00\x15\xdd\x0cQ\x0b\xd2\
\x00\x00\x1br\x0cV\xb4n\x00\x00\x03\xff\x0ceP\xa3\
\x00\x00&\xd9\x0cj\x8a\x93\x00\x00#\x14\x0cm_\x93\
\x00\x00#\xa3\x0c\x94\x16Z\x00\x00>\xa1\x0c\xc9\xa0\x0e\
\x00\x00\x17_\x0c\xe5\x11\xba\x00\x00\x08K\x0c\xebyc\
\x00\x00\x0dw\x0c\xebyc\x00\x009\x0b\x0c\xf6)\xee\
\x00\x00/\x10\x0dL\xf4\xd8\x00\x00(h\x0dc\xf3y\
\x00\x008p\x0dl\xcd\xf6\x00\x00;\x97\x0d\xac\x9c\x19\
\x00\x009L\x0d\xc4\xc8<\x00\x00\x1e\x13\x0d\xc4\xc8<\
\x00\x00!6\x0d\xd6\xd1\xb4\x00\x004\x1d\x0e/\xbeC\
\x00\x00\x04\xf7\x0e?\xc7\x03\x00\x00>K\x0ee~j\
\x00\x00):\x0ei\x85\xfe\x00\x00\x05\xf7\x0e\x7f\x98Z\
\x00\x001q\x0e\x8c\xfau\x00\x00/\xf7\x0e\xb0\x1b\x1e\
\x00\x00%\xe9\x0e\xc8a\xa2\x00\x00'\x8e\x0e\xdb#r\
\x00\x00\x15\x17\x0e\xe6W\xe5\x00\x00.k\x0e\xfa\x87\xb4\
\x00\x00:>\x0f\x0a\x9f\xc9\x00\x00\x10\xf9\x0f\x15\x9f\xdc\
\x00\x00\x0d\xb9\x0f=\xcc?\x00\x00\x0b\xab\x0fC\xc9\xf4\
\x00\x00%\x0b\x0f\x9bs3\x00\x00\x1e@\x0f\xaa\xa7-\
\x00\x00C\x04\x0f\xfcx\xc3\x00\x00\x1a3\x0f\xfcx\xc3\
\x00\x001\xd2i\x00\x00C\x8f\x03\x00\x00\x00\x82\x00A\
\x00s\x00 \x00s\x00u\x00g\x00e\x00s\x00t\
\x00\xf5\x00e\x00s\x00 \x00s\x00\xe3\x00o\x00 \
\x00m\x00u\x00i\x00t\x00o\x00 \x00b\x00e\
\x00m\x00-\x00v\x00i\x00n\x00d\x00a\x00s\
\x00 \x00n\x00o\x00 \x00m\x00o\x00d\x00w\
\x00o\x00r\x00k\x00s\x00h\x00o\x00p\x00.\
\x00n\x00e\x00t\x00 \x00e\x00 \x00n\x00o\
\x00 \x00g\x00i\x00t\x00h\x00u\x00b\x00.\
\x08\x00\x00\x00\x00\x06\x00\x00\x00BSugges\
tions are greatl\
y appreciated on\
 modworkshop.net\
 and github.\x07\x00\x00\x00\
\x05About\x01\x03\x00\x00\x004\x00A\x00p\
\x00o\x00i\x00e\x00 \x00o\x00 \x00W\x00o\
\x00l\x00f\x00m\x00y\x00t\x00h\x00s\x00 \
\x00n\x00o\x00 \x00K\x00o\x00-\x00F\x00i\
\x08\x00\x00\x00\x00\x06\x00\x00\x00\x1aSuppor\
t Wolfmyths on K\
o-Fi\x07\x00\x00\x00\x05About\x01\x03\
\x00\x00\x01B\x00O\x00 \x00o\x00b\x00j\x00e\
\x00t\x00i\x00v\x00o\x00 \x00d\x00e\x00s\
\x00s\x00e\x00 \x00p\x00r\x00o\x00g\x00r\
\x00a\x00m\x00a\x00 \x00\xe9\x00 \x00s\x00i\
\x00m\x00p\x00l\x00i\x00f\x00i\x00c\x00a\
\x00r\x00 \x00o\x00 \x00p\x00r\x00o\x00c\
\x00e\x00s\x00s\x00o\x00 \x00d\x00e\x00 \
\x00g\x00e\x00r\x00e\x00n\x00c\x00i\x00a\
\x00m\x00e\x00n\x00t\x00o\x00 \x00d\x00e\
\x00 \x00m\x00o\x00d\x00s\x00 \x00d\x00o\
\x00 \x00P\x00A\x00Y\x00D\x00A\x00Y\x00 \
\x002\x00 \x00s\x00e\x00m\x00 \x00o\x00 \
\x00i\x00n\x00c\x00\xf4\x00m\x00o\x00d\x00o\
\x00 \x00d\x00e\x00 \x00f\x00a\x00z\x00e\
\x00r\x00 \x00m\x00a\x00l\x00a\x00b\x00a\
\x00r\x00i\x00s\x00m\x00o\x00s\x00 \x00c\
\x00o\x00m\x00 \x00v\x00\xe1\x00r\x00i\x00o\
\x00s\x00 \x00e\x00x\x00p\x00l\x00o\x00r\
\x00a\x00d\x00o\x00r\x00e\x00s\x00 \x00d\
\x00e\x00 \x00a\x00r\x00q\x00u\x00i\x00v\
\x00o\x00s\x00.\x08\x00\x00\x00\x00\x06\x00\x00\x00\x84\
The goal of this\
 program is to s\
treamline the pr\
occess of PAYDAY\
 2 mod managment\
 without hassle \
of juggling mult\
iple file explor\
ers.\x07\x00\x00\x00\x05About\x01\x03\
\x00\x00\x00<\x00V\x00i\x00s\x00i\x00t\x00e\
\x00 \x00o\x00 \x00r\x00e\x00p\x00o\x00s\
\x00i\x00t\x00\xf3\x00r\x00i\x00o\x00 \x00d\
\x00o\x00 \x00G\x00i\x00t\x00h\x00u\x00b\
\x08\x00\x00\x00\x00\x06\x00\x00\x00\x17Visit \
Github Repositor\
y\x07\x00\x00\x00\x05About\x01\x03\x00\x00\x00\
<\x00V\x00i\x00s\x00i\x00t\x00e\x00 \x00\
a\x00 \x00p\x00\xe1\x00g\x00i\x00n\x00a\x00\
 \x00d\x00o\x00 \x00M\x00o\x00d\x00w\x00\
o\x00r\x00k\x00s\x00h\x00o\x00p\x08\x00\x00\
\x00\x00\x06\x00\x00\x00\x16Visit Mod\
workshop Page\x07\x00\x00\
\x00\x05About\x01\x03\x00\x00\x00\x9e\x00\xe9\x00\
 \x00u\x00m\x00 \x00g\x00e\x00r\x00e\x00\
n\x00c\x00i\x00a\x00d\x00o\x00r\x00 \x00\
d\x00e\x00 \x00m\x00o\x00d\x00s\x00 \x00\
d\x00e\x00 \x00c\x00\xf3\x00d\x00i\x00g\x00\
o\x00 \x00a\x00b\x00e\x00r\x00t\x00o\x00\
 \x00p\x00a\x00r\x00a\x00 \x00o\x00 \x00\
P\x00A\x00Y\x00D\x00A\x00Y\x00 \x002\x00\
 \x00c\x00r\x00i\x00a\x00d\x00o\x00 \x00\
p\x00o\x00r\x00 \x00W\x00o\x00l\x00f\x00\
m\x00y\x00t\x00h\x00s\x00.\x08\x00\x00\x00\x00\
\x06\x00\x00\x00@is an open-\
source mod manag\
er for PAYDAY 2 \
created by Wolfm\
yths.\x07\x00\x00\x00\x05About\x01\
\x03\x00\x00\x00T\x00O\x00c\x00o\x00r\x00r\x00\
e\x00u\x00 \x00u\x00m\x00 \x00e\x00r\x00\
r\x00o\x00 \x00a\x00o\x00 \x00f\x00a\x00\
z\x00e\x00r\x00 \x00o\x00 \x00b\x00a\x00\
c\x00k\x00u\x00p\x00 \x00d\x00o\x00s\x00\
 \x00m\x00o\x00d\x00s\x08\x00\x00\x00\x00\x06\x00\
\x00\x00)An error was \
raised while bac\
king up mods\x07\x00\x00\x00\
\x0aBackupMods\x01\x03\x00\x00\x00\
\x0e\x00L\x00i\x00m\x00p\x00e\x00z\x00a\x08\
\x00\x00\x00\x00\x06\x00\x00\x00\x07Cleanup\
\x07\x00\x00\x00\x0aBackupMods\x01\
\x03\x00\x00\x00\x0a\x00C\x00\xf3\x00p\x00i\x00a\x08\
\x00\x00\x00\x00\x06\x00\x00\x00\x07Copying\
\x07\x00\x00\x00\x0aBackupMods\x01\
\x03\x00\x00\x00<\x00I\x00s\x00s\x00o\x00 \x00\
p\x00o\x00d\x00e\x00 \x00l\x00e\x00v\x00\
a\x00r\x00 \x00a\x00l\x00g\x00u\x00m\x00\
 \x00t\x00e\x00m\x00p\x00o\x00.\x00.\x00\
.\x08\x00\x00\x00\x00\x06\x00\x00\x00\x1cThis \
might take some \
time...\x07\x00\x00\x00\x0aBack\
upMods\x01\x03\x00\x00\x00R\x00V\x00a\
\x00l\x00i\x00d\x00a\x00\xe7\x00\xe3\x00o\x00 \
\x00d\x00e\x00 \x00c\x00a\x00m\x00i\x00n\
\x00h\x00o\x00s\x00 \x00d\x00e\x00 \x00p\
\x00a\x00s\x00t\x00a\x00s\x00 \x00d\x00e\
\x00 \x00b\x00a\x00c\x00k\x00u\x00p\x08\x00\
\x00\x00\x00\x06\x00\x00\x00\x1eValidati\
ng backup folder\
 paths\x07\x00\x00\x00\x0aBacku\
pMods\x01\x03\x00\x00\x00\x1c\x00C\x00o\x00\
m\x00p\x00a\x00c\x00t\x00a\x00r\x00 \x00\
p\x00a\x00r\x00a\x08\x00\x00\x00\x00\x06\x00\x00\x00\
\x0aZipping to\x07\x00\x00\x00\x0a\
BackupMods\x01\x03\x00\x00\x00\x08\
\x00p\x00a\x00r\x00a\x08\x00\x00\x00\x00\x06\x00\x00\
\x00\x02to\x07\x00\x00\x00\x0aBackupM\
ods\x01\x03\x00\x00\x00R\x00O\x00c\x00o\x00\
r\x00r\x00e\x00u\x00 \x00u\x00m\x00 \x00\
e\x00r\x00r\x00o\x00 \x00a\x00o\x00 \x00\
a\x00l\x00t\x00e\x00r\x00a\x00r\x00 \x00\
o\x00 \x00t\x00i\x00p\x00o\x00 \x00d\x00\
e\x00 \x00m\x00o\x00d\x00:\x08\x00\x00\x00\x00\
\x06\x00\x00\x00,An error wa\
s raised while c\
hanging mod type\
:\x07\x00\x00\x00\x0dChangeModT\
ype\x01\x03\x00\x00\x00\x14\x00I\x00n\x00s\x00\
t\x00a\x00l\x00a\x00\xe7\x00\xe3\x00o\x08\x00\x00\
\x00\x00\x06\x00\x00\x00\x0aInstallin\
g\x07\x00\x00\x00\x0dChangeModT\
ype\x01\x03\x00\x00\x00D\x00O\x00c\x00o\x00\
r\x00r\x00e\x00u\x00 \x00u\x00m\x00 \x00\
e\x00r\x00r\x00o\x00 \x00a\x00o\x00 \x00\
e\x00x\x00c\x00l\x00u\x00i\x00r\x00 \x00\
u\x00m\x00 \x00m\x00o\x00d\x00:\x08\x00\x00\
\x00\x00\x06\x00\x00\x00)An error \
was raised while\
 deleting a mod:\
\x07\x00\x00\x00\x09DeleteMod\x01\x03\
\x00\x00\x00\x12\x00E\x00x\x00c\x00l\x00u\x00i\
\x00n\x00d\x00o\x08\x00\x00\x00\x00\x06\x00\x00\x00\x08\
Deleting\x07\x00\x00\x00\x09Del\
eteMod\x01\x03\x00\x00\x006\x00N\x00\xe3\
\x00o\x00 \x00f\x00o\x00i\x00 \x00p\x00o\
\x00s\x00s\x00\xed\x00v\x00e\x00l\x00 \x00a\
\x00b\x00r\x00i\x00r\x00 \x00p\x00a\x00r\
\x00a\x08\x00\x00\x00\x00\x06\x00\x00\x00\x11Coul\
d not open to\x07\x00\x00\
\x00\x0dErrorChecking\x01\
\x03\x00\x00\x00F\x00N\x00\xe3\x00o\x00 \x00f\x00\
o\x00i\x00 \x00p\x00o\x00s\x00s\x00\xed\x00\
v\x00e\x00l\x00 \x00i\x00n\x00i\x00c\x00\
i\x00a\x00r\x00 \x00o\x00 \x00p\x00r\x00\
o\x00g\x00r\x00a\x00m\x00a\x08\x00\x00\x00\x00\
\x06\x00\x00\x00\x17Could not s\
tart program\x07\x00\x00\x00\
\x0dErrorChecking\x01\x03\
\x00\x00\x00\x0e\x00E\x00r\x00r\x00o\x00 \x00e\
\x00m\x08\x00\x00\x00\x00\x06\x00\x00\x00\x08Erro\
r in\x07\x00\x00\x00\x0dErrorCh\
ecking\x01\x03\x00\x00\x00t\x00U\x00s\
\x00e\x00 \x00o\x00 \x00c\x00a\x00m\x00i\
\x00n\x00h\x00o\x00 \x00c\x00o\x00m\x00p\
\x00l\x00e\x00t\x00o\x00 \x00p\x00a\x00r\
\x00a\x00 \x00o\x00 \x00p\x00r\x00o\x00g\
\x00r\x00a\x00m\x00a\x00 \x00q\x00u\x00e\
\x00 \x00e\x00s\x00t\x00\xe1\x00 \x00i\x00n\
\x00i\x00c\x00i\x00a\x00n\x00d\x00o\x00.\
\x08\x00\x00\x00\x00\x06\x00\x00\x007Please\
 use a full path\
 to the program \
you are starting\
.\x07\x00\x00\x00\x0dErrorCheck\
ing\x01\x03\x00\x00\x00b\x00O\x00c\x00o\x00\
r\x00r\x00e\x00u\x00 \x00u\x00m\x00 \x00\
e\x00r\x00r\x00o\x00 \x00a\x00o\x00 \x00\
i\x00n\x00i\x00c\x00i\x00a\x00r\x00 \x00\
u\x00m\x00a\x00 \x00f\x00e\x00r\x00r\x00\
a\x00m\x00e\x00n\x00t\x00a\x00 \x00e\x00\
x\x00t\x00e\x00r\x00n\x00a\x08\x00\x00\x00\x00\
\x06\x00\x00\x00-An error wa\
s raised startin\
g an external to\
ol\x07\x00\x00\x00\x0cExternalT\
ool\x01\x03\x00\x00\x00\x5c\x00T\x00e\x00m\x00\
 \x00c\x00e\x00r\x00t\x00e\x00z\x00a\x00\
 \x00d\x00e\x00 \x00q\x00u\x00e\x00 \x00\
d\x00e\x00s\x00e\x00j\x00a\x00 \x00e\x00\
x\x00c\x00l\x00u\x00i\x00r\x00 \x00e\x00\
s\x00s\x00e\x00 \x00a\x00t\x00a\x00l\x00\
h\x00o\x00?\x08\x00\x00\x00\x00\x06\x00\x00\x00.A\
re you sure you \
want to delete t\
his shortcut?\x07\x00\x00\
\x00\x0cExternalTool\x01\x03\
\x00\x00\x00H\x00E\x00x\x00c\x00l\x00u\x00i\
\x00r\x00 \x00a\x00t\x00a\x00l\x00h\x00o\
\x00 \x00d\x00e\x00 \x00f\x00e\x00r\x00r\
\x00a\x00m\x00e\x00n\x00t\x00a\x00 \x00e\
\x00x\x00t\x00e\x00r\x00n\x00a\x08\x00\x00\x00\
\x00\x06\x00\x00\x00\x1dDelete ext\
ernal tool short\
cut\x07\x00\x00\x00\x0cExternal\
Tool\x01\x03\x00\x00\x008\x00E\x00x\x00c\
\x00l\x00u\x00i\x00r\x00 \x00a\x00t\x00a\
\x00l\x00h\x00o\x00 \x00d\x00e\x00 \x00f\
\x00e\x00r\x00r\x00a\x00m\x00e\x00n\x00t\
\x00a\x08\x00\x00\x00\x00\x06\x00\x00\x00\x14Dele\
te tool shortcut\
\x07\x00\x00\x00\x0cExternalToo\
l\x01\x03\x00\x00\x00\x08\x00E\x00r\x00r\x00o\x08\
\x00\x00\x00\x00\x06\x00\x00\x00\x05Error\x07\x00\
\x00\x00\x0cExternalTool\x01\
\x03\x00\x00\x00\x16\x00E\x00x\x00e\x00c\x00u\x00\
t\x00\xe1\x00v\x00e\x00i\x00s\x08\x00\x00\x00\x00\
\x06\x00\x00\x00\x0bExecutables\
\x07\x00\x00\x00\x0cExternalToo\
l\x01\x03\x00\x00\x00D\x00S\x00e\x00l\x00e\x00\
c\x00i\x00o\x00n\x00a\x00r\x00 \x00n\x00\
o\x00v\x00a\x00 \x00f\x00e\x00r\x00r\x00\
a\x00m\x00e\x00n\x00t\x00a\x00 \x00e\x00\
x\x00t\x00e\x00r\x00n\x00a\x08\x00\x00\x00\x00\
\x06\x00\x00\x00\x18Select new \
external tool\x07\x00\x00\
\x00\x0cExternalTool\x01\x03\
\x00\x00\x00f\x00D\x00e\x00f\x00i\x00n\x00a\
\x00 \x00o\x00 \x00s\x00l\x00o\x00t\x00 \
\x00p\x00a\x00r\x00a\x00 \x00u\x00m\x00a\
\x00 \x00f\x00e\x00r\x00r\x00a\x00m\x00e\
\x00n\x00t\x00a\x00 \x00e\x00x\x00t\x00e\
\x00r\x00n\x00a\x00 \x00d\x00i\x00f\x00e\
\x00r\x00e\x00n\x00t\x00e\x08\x00\x00\x00\x00\x06\
\x00\x00\x00%Set slot to \
a different exte\
rnal tool\x07\x00\x00\x00\x0cEx\
ternalTool\x01\x03\x00\x00\x004\
\x00I\x00n\x00i\x00c\x00i\x00a\x00r\x00 \
\x00f\x00e\x00r\x00r\x00a\x00m\x00e\x00n\
\x00t\x00a\x00 \x00e\x00x\x00t\x00e\x00r\
\x00n\x00a\x08\x00\x00\x00\x00\x06\x00\x00\x00\x13St\
art external too\
l\x07\x00\x00\x00\x0cExternalTo\
ol\x01\x03\x00\x00\x00<\x00A\x00t\x00a\x00l\
\x00h\x00o\x00s\x00 \x00d\x00u\x00p\x00l\
\x00i\x00c\x00a\x00d\x00o\x00s\x00 \x00e\
\x00n\x00c\x00o\x00n\x00t\x00r\x00a\x00d\
\x00o\x00s\x08\x00\x00\x00\x00\x06\x00\x00\x00\x19Du\
plicate shortcut\
s found\x07\x00\x00\x00\x13Exte\
rnalToolDisplay\x01\
\x03\x00\x00\x00f\x00O\x00s\x00 \x00a\x00t\x00\
a\x00l\x00h\x00o\x00s\x00 \x00n\x00\xe3\x00\
o\x00 \x00f\x00o\x00r\x00a\x00m\x00 \x00\
a\x00d\x00i\x00c\x00i\x00o\x00n\x00a\x00\
d\x00o\x00s\x00 \x00p\x00o\x00r\x00q\x00\
u\x00e\x00 \x00j\x00\xe1\x00 \x00e\x00x\x00\
i\x00s\x00t\x00e\x00m\x00:\x08\x00\x00\x00\x00\
\x06\x00\x00\x004Shortcuts w\
ere not added be\
cause they alrea\
dy exist:\x07\x00\x00\x00\x13Ex\
ternalToolDispla\
y\x01\x03\x00\x00\x004\x00D\x00i\x00r\x00e\x00\
t\x00\xf3\x00r\x00i\x00o\x00 \x00d\x00o\x00\
 \x00j\x00o\x00g\x00o\x00 \x00P\x00A\x00\
Y\x00D\x00A\x00Y\x00 \x002\x08\x00\x00\x00\x00\
\x06\x00\x00\x00\x17PAYDAY 2 Ga\
me Directory\x07\x00\x00\x00\
\x10GamePathNotFoun\
d\x01\x03\x00\x00\x00B\x00S\x00e\x00l\x00e\x00\
c\x00i\x00o\x00n\x00e\x00 \x00o\x00 \x00\
d\x00i\x00r\x00e\x00t\x00\xf3\x00r\x00i\x00\
o\x00 \x00d\x00o\x00 \x00P\x00A\x00Y\x00\
D\x00A\x00Y\x00 \x002\x08\x00\x00\x00\x00\x06\x00\
\x00\x00\x19Select PAYDAY\
 2 Directory\x07\x00\x00\x00\
\x10GamePathNotFoun\
d\x01\x03\x00\x00\x00.\x00D\x00e\x00f\x00i\x00\
n\x00i\x00r\x00 \x00c\x00a\x00m\x00i\x00\
n\x00h\x00o\x00 \x00d\x00o\x00 \x00j\x00\
o\x00g\x00o\x08\x00\x00\x00\x00\x06\x00\x00\x00\x0dS\
et game path\x07\x00\x00\x00\
\x10GamePathNotFoun\
d\x01\x03\x00\x00\x00\x0e\x00R\x00e\x00m\x00o\x00\
v\x00e\x00r\x08\x00\x00\x00\x00\x06\x00\x00\x00\x06R\
emove\x07\x00\x00\x00\x10Ignore\
dModsQMenu\x01\x03\x00\x00\x00\x0a\
\x00S\x00o\x00b\x00r\x00e\x08\x00\x00\x00\x00\x06\
\x00\x00\x00\x05About\x07\x00\x00\x00\x0aMa\
inWindow\x01\x03\x00\x00\x00\x16\x00G\
\x00e\x00r\x00e\x00n\x00c\x00i\x00a\x00d\
\x00o\x00r\x08\x00\x00\x00\x00\x06\x00\x00\x00\x07Ma\
nager\x07\x00\x00\x00\x0aMainWi\
ndow\x01\x03\x00\x00\x00\x0c\x00O\x00p\x00\xe7\
\x00\xf5\x00e\x00s\x08\x00\x00\x00\x00\x06\x00\x00\x00\x07\
Options\x07\x00\x00\x00\x0aMain\
Window\x01\x03\x00\x00\x00\x0c\x00P\x00e\
\x00r\x00f\x00i\x00s\x08\x00\x00\x00\x00\x06\x00\x00\
\x00\x08Profiles\x07\x00\x00\x00\x0aM\
ainWindow\x01\x03\x00\x00\x00\x16\x00\
F\x00e\x00r\x00r\x00a\x00m\x00e\x00n\x00\
t\x00a\x00s\x08\x00\x00\x00\x00\x06\x00\x00\x00\x05T\
ools\x07\x00\x00\x00\x0aMainWin\
dow\x01\x03\x00\x00\x00*\x00V\x00e\x00r\x00\
i\x00f\x00i\x00c\x00a\x00r\x00 \x00a\x00\
t\x00u\x00a\x00l\x00i\x00z\x00a\x00\xe7\x00\
\xe3\x00o\x08\x00\x00\x00\x00\x06\x00\x00\x00\x0cChe\
ck Update\x07\x00\x00\x00\x0bMa\
nagerMenu\x01\x03\x00\x00\x00\x0e\x00\
E\x00x\x00c\x00l\x00u\x00i\x00r\x08\x00\x00\
\x00\x00\x06\x00\x00\x00\x06Delete\x07\x00\x00\
\x00\x0bManagerMenu\x01\x03\x00\
\x00\x00\x12\x00D\x00e\x00s\x00a\x00t\x00i\x00\
v\x00a\x00r\x08\x00\x00\x00\x00\x06\x00\x00\x00\x07D\
isable\x07\x00\x00\x00\x0bManag\
erMenu\x01\x03\x00\x00\x00\x0c\x00A\x00t\
\x00i\x00v\x00a\x00r\x08\x00\x00\x00\x00\x06\x00\x00\
\x00\x06Enable\x07\x00\x00\x00\x0bMan\
agerMenu\x01\x03\x00\x00\x00\x0e\x00O\
\x00c\x00u\x00l\x00t\x00a\x00r\x08\x00\x00\x00\
\x00\x06\x00\x00\x00\x04Hide\x07\x00\x00\x00\x0bM\
anagerMenu\x01\x03\x00\x00\x00\x1c\
\x00A\x00b\x00r\x00i\x00r\x00 \x00p\x00a\
\x00s\x00t\x00a\x00.\x00.\x00.\x08\x00\x00\x00\
\x00\x06\x00\x00\x00\x0eOpen Folde\
r...\x07\x00\x00\x00\x0bManager\
Menu\x01\x03\x00\x00\x00\x1a\x00E\x00x\x00i\
\x00b\x00i\x00r\x00 \x00t\x00a\x00g\x00(\
\x00s\x00)\x08\x00\x00\x00\x00\x06\x00\x00\x00\x0bVi\
ew Tag(s)\x07\x00\x00\x00\x0bMa\
nagerMenu\x01\x03\x00\x00\x00\x1c\x00\
V\x00i\x00s\x00i\x00t\x00a\x00r\x00 \x00\
p\x00\xe1\x00g\x00i\x00n\x00a\x08\x00\x00\x00\x00\
\x06\x00\x00\x00\x0aVisit Page\x07\
\x00\x00\x00\x0bManagerMenu\x01\
\x03\x00\x00\x00F\x00F\x00o\x00i\x00 \x00e\x00\
n\x00c\x00o\x00n\x00t\x00r\x00a\x00d\x00\
a\x00 \x00u\x00m\x00a\x00 \x00n\x00o\x00\
v\x00a\x00 \x00v\x00e\x00r\x00s\x00\xe3\x00\
o\x00 \x00p\x00a\x00r\x00a\x08\x00\x00\x00\x00\
\x06\x00\x00\x00 A new versi\
on has been foun\
d for\x07\x00\x00\x00\x0dModLis\
tWidget\x01\x03\x00\x00\x00\x14\x00D\x00\
e\x00s\x00a\x00t\x00i\x00v\x00a\x00d\x00\
o\x08\x00\x00\x00\x00\x06\x00\x00\x00\x08Disab\
led\x07\x00\x00\x00\x0dModListW\
idget\x01\x03\x00\x00\x00\x0e\x00A\x00t\x00\
i\x00v\x00a\x00d\x00o\x08\x00\x00\x00\x00\x06\x00\
\x00\x00\x07Enabled\x07\x00\x00\x00\x0dM\
odListWidget\x01\x03\x00\x00\
\x00\x0a\x00L\x00o\x00c\x00a\x00l\x08\x00\x00\x00\
\x00\x06\x00\x00\x00\x05Local\x07\x00\x00\x00\x0d\
ModListWidget\x01\x03\x00\
\x00\x00`\x00R\x00e\x00s\x00u\x00l\x00t\x00\
a\x00d\x00o\x00s\x00 \x00d\x00a\x00 \x00\
v\x00e\x00r\x00i\x00f\x00i\x00c\x00a\x00\
\xe7\x00\xe3\x00o\x00 \x00d\x00e\x00 \x00a\x00\
t\x00u\x00a\x00l\x00i\x00z\x00a\x00\xe7\x00\
\xe3\x00o\x00 \x00d\x00e\x00 \x00m\x00o\x00\
d\x00s\x08\x00\x00\x00\x00\x06\x00\x00\x00\x18Mod\
 Update Check Re\
sults\x07\x00\x00\x00\x0dModLis\
tWidget\x01\x03\x00\x00\x00\x1e\x00N\x00\
o\x00m\x00e\x00 \x00d\x00o\x00 \x00u\x00\
s\x00u\x00\xe1\x00r\x00i\x00o\x08\x00\x00\x00\x00\
\x06\x00\x00\x00\x04Name\x07\x00\x00\x00\x0dMo\
dListWidget\x01\x03\x00\x00\x00\
\x16\x00T\x00i\x00p\x00o\x00 \x00d\x00e\x00\
 \x00t\x00a\x00g\x08\x00\x00\x00\x00\x06\x00\x00\x00\
\x04Type\x07\x00\x00\x00\x0dModLis\
tWidget\x01\x03\x00\x00\x00\x0c\x00V\x00\
e\x00r\x00s\x00\xe3\x00o\x08\x00\x00\x00\x00\x06\x00\
\x00\x00\x07Version\x07\x00\x00\x00\x0dM\
odListWidget\x01\x03\x00\x00\
\x00\x1e\x00e\x00s\x00t\x00\xe1\x00 \x00a\x00t\
\x00u\x00a\x00l\x00i\x00z\x00a\x00d\x00a\
\x08\x00\x00\x00\x00\x06\x00\x00\x00\x0dis up \
to date\x07\x00\x00\x00\x0dModL\
istWidget\x01\x03\x00\x00\x00X\x00\
O\x00c\x00o\x00r\x00r\x00e\x00u\x00 \x00\
u\x00m\x00 \x00e\x00r\x00r\x00o\x00 \x00\
a\x00o\x00 \x00t\x00e\x00n\x00t\x00a\x00\
r\x00 \x00i\x00n\x00i\x00c\x00i\x00a\x00\
r\x00 \x00o\x00 \x00P\x00A\x00Y\x00D\x00\
A\x00Y\x00 \x002\x08\x00\x00\x00\x00\x06\x00\x00\x00\
)An error occure\
d trying to star\
t PAYDAY 2\x07\x00\x00\x00\x0aM\
odManager\x01\x03\x00\x00\x00f\x00\
N\x00\xe3\x00o\x00 \x00f\x00o\x00i\x00 \x00\
p\x00o\x00s\x00s\x00\xed\x00v\x00e\x00l\x00\
 \x00i\x00n\x00i\x00c\x00i\x00a\x00r\x00\
 \x00o\x00 \x00P\x00A\x00Y\x00D\x00A\x00\
Y\x00 \x002\x00 \x00a\x00 \x00p\x00a\x00\
r\x00t\x00i\x00r\x00 \x00d\x00o\x00 \x00\
M\x00M\x00M\x08\x00\x00\x00\x00\x06\x00\x00\x00!C\
ould not start P\
AYDAY 2 from MMM\
\x07\x00\x00\x00\x0aModManager\x01\
\x03\x00\x00\x000\x00A\x00b\x00r\x00i\x00r\x00\
 \x00d\x00i\x00r\x00e\x00t\x00\xf3\x00r\x00\
i\x00o\x00 \x00d\x00e\x00 \x00j\x00o\x00\
g\x00o\x00s\x08\x00\x00\x00\x00\x06\x00\x00\x00\x13O\
pen Game Directo\
ry\x07\x00\x00\x00\x0aModManage\
r\x01\x03\x00\x00\x000\x00O\x00 \x00c\x00a\x00\
m\x00i\x00n\x00h\x00o\x00 \x00n\x00\xe3\x00\
o\x00 \x00\xe9\x00 \x00a\x00b\x00s\x00o\x00\
l\x00u\x00t\x00o\x08\x00\x00\x00\x00\x06\x00\x00\x00\
\x14Path is not abs\
olute\x07\x00\x00\x00\x0aModMan\
ager\x01\x03\x00\x00\x00\x1c\x00A\x00t\x00u\
\x00a\x00l\x00i\x00z\x00a\x00r\x00 \x00m\
\x00o\x00d\x00s\x08\x00\x00\x00\x00\x06\x00\x00\x00\x0c\
Refresh Mods\x07\x00\x00\x00\
\x0aModManager\x01\x03\x00\x00\x00\
\xc8\x00P\x00e\x00s\x00q\x00u\x00i\x00s\x00\
a\x00r\x00.\x00.\x00.\x00 \x00u\x00s\x00\
e\x00  \x1c\x00t\x00a\x00g\x00: \x1d\x00\
 \x00s\x00e\x00m\x00 \x00e\x00s\x00p\x00\
a\x00\xe7\x00o\x00s\x00 \x00p\x00a\x00r\x00\
a\x00 \x00p\x00e\x00s\x00q\x00u\x00i\x00\
s\x00a\x00r\x00 \x00a\x00s\x00 \x00t\x00\
a\x00g\x00s\x00,\x00 \x00u\x00s\x00e\x00\
 \x00u\x00m\x00a\x00 \x00v\x00\xed\x00r\x00\
g\x00u\x00l\x00a\x00  \x1c\x00, \x1d\x00\
 \x00p\x00a\x00r\x00a\x00 \x00s\x00e\x00\
p\x00a\x00r\x00a\x00r\x00 \x00a\x00s\x00\
 \x00t\x00a\x00g\x00s\x08\x00\x00\x00\x00\x06\x00\
\x00\x00XSearch... use\
 \x22tag:\x22 with no \
spaces to search\
 for tags, use a\
 comma \x22,\x22 to se\
perate tags\x07\x00\x00\x00\x0a\
ModManager\x01\x03\x00\x00\x00 \
\x00I\x00n\x00i\x00c\x00i\x00a\x00r\x00 \
\x00P\x00A\x00Y\x00D\x00A\x00Y\x00 \x002\
\x08\x00\x00\x00\x00\x06\x00\x00\x00\x0eStart \
PAYDAY 2\x07\x00\x00\x00\x0aMod\
Manager\x01\x03\x00\x00\x00\x1a\x00T\x00\
o\x00t\x00a\x00l\x00 \x00d\x00e\x00 \x00\
m\x00o\x00d\x00s\x08\x00\x00\x00\x00\x06\x00\x00\x00\
\x0aTotal Mods\x07\x00\x00\x00\x0a\
ModManager\x01\x03\x00\x00\x00H\
\x00O\x00c\x00o\x00r\x00r\x00e\x00u\x00 \
\x00u\x00m\x00 \x00e\x00r\x00r\x00o\x00 \
\x00a\x00o\x00 \x00d\x00e\x00s\x00a\x00t\
\x00i\x00v\x00a\x00r\x00 \x00u\x00m\x00 \
\x00m\x00o\x00d\x00:\x08\x00\x00\x00\x00\x06\x00\x00\
\x00'An error occur\
ed while disabli\
ng a mod:\x07\x00\x00\x00\x11Mo\
veToDisabledDir\x01\
\x03\x00\x00\x00\x16\x00D\x00e\x00s\x00a\x00t\x00\
i\x00v\x00a\x00\xe7\x00\xe3\x00o\x08\x00\x00\x00\x00\
\x06\x00\x00\x00\x09Disabling\x07\x00\
\x00\x00\x11MoveToDisable\
dDir\x01\x03\x00\x00\x00B\x00O\x00c\x00o\
\x00r\x00r\x00e\x00u\x00 \x00u\x00m\x00 \
\x00e\x00r\x00r\x00o\x00 \x00a\x00o\x00 \
\x00a\x00t\x00i\x00v\x00a\x00r\x00 \x00u\
\x00m\x00 \x00m\x00o\x00d\x00:\x08\x00\x00\x00\
\x00\x06\x00\x00\x00&An error o\
ccured while ena\
bling a mod:\x07\x00\x00\x00\
\x13MoveToEnabledMo\
dDir\x01\x03\x00\x00\x00\x16\x00H\x00a\x00b\
\x00i\x00l\x00i\x00t\x00a\x00n\x00d\x00o\
\x08\x00\x00\x00\x00\x06\x00\x00\x00\x08Enabli\
ng\x07\x00\x00\x00\x13MoveToEna\
bledModDir\x01\x03\x00\x00\x00\x0e\
\x00A\x00p\x00l\x00i\x00c\x00a\x00r\x08\x00\
\x00\x00\x00\x06\x00\x00\x00\x05Apply\x07\x00\x00\
\x00\x07Options\x01\x03\x00\x00\x00\x10\x00\
C\x00a\x00n\x00c\x00e\x00l\x00a\x00r\x08\
\x00\x00\x00\x00\x06\x00\x00\x00\x06Cancel\x07\
\x00\x00\x00\x07Options\x01\x03\x00\x00\x00\
\x0a\x00G\x00e\x00r\x00a\x00l\x08\x00\x00\x00\x00\
\x06\x00\x00\x00\x07General\x07\x00\x00\x00\
\x07Options\x01\x03\x00\x00\x00\x1c\x00M\
\x00o\x00d\x00s\x00 \x00i\x00g\x00n\x00o\
\x00r\x00a\x00d\x00o\x00s\x08\x00\x00\x00\x00\x06\
\x00\x00\x00\x0cIgnored Mods\
\x07\x00\x00\x00\x07Options\x01\x03\x00\x00\
\x00\x10\x00D\x00i\x00v\x00e\x00r\x00s\x00o\
\x00s\x08\x00\x00\x00\x00\x06\x00\x00\x00\x04Misc\
\x07\x00\x00\x00\x07Options\x01\x03\x00\x00\
\x00\x0e\x00A\x00t\x00a\x00l\x00h\x00o\x00s\
\x08\x00\x00\x00\x00\x06\x00\x00\x00\x09Shortc\
uts\x07\x00\x00\x00\x07Options\x01\
\x03\x00\x00\x008\x00V\x00e\x00r\x00i\x00f\x00\
i\x00c\x00a\x00r\x00 \x00s\x00e\x00 \x00\
h\x00\xe1\x00 \x00a\x00t\x00u\x00a\x00l\x00\
i\x00z\x00a\x00\xe7\x00\xf5\x00e\x00s\x08\x00\x00\
\x00\x00\x06\x00\x00\x00\x11Check for\
 updates\x07\x00\x00\x00\x0eOpt\
ionsGeneral\x01\x03\x00\x00\x00\
\x1c\x00V\x00e\x00r\x00i\x00f\x00i\x00c\x00\
a\x00n\x00d\x00o\x00.\x00.\x00.\x08\x00\x00\
\x00\x00\x06\x00\x00\x00\x0bChecking.\
..\x07\x00\x00\x00\x0eOptionsGe\
neral\x01\x03\x00\x00\x00\x16\x00T\x00e\x00\
m\x00a\x00 \x00d\x00e\x00 \x00c\x00o\x00\
r\x08\x00\x00\x00\x00\x06\x00\x00\x00\x0bColor\
 Theme\x07\x00\x00\x00\x0eOptio\
nsGeneral\x01\x03\x00\x00\x00\x0c\x00\
E\x00s\x00c\x00u\x00r\x00o\x08\x00\x00\x00\x00\
\x06\x00\x00\x00\x04Dark\x07\x00\x00\x00\x0eOp\
tionsGeneral\x01\x03\x00\x00\
\x00:\x00C\x00a\x00m\x00i\x00n\x00h\x00o\
\x00 \x00d\x00o\x00s\x00 \x00m\x00o\x00d\
\x00s\x00 \x00d\x00e\x00s\x00a\x00t\x00i\
\x00v\x00a\x00d\x00o\x00s\x00:\x08\x00\x00\x00\
\x00\x06\x00\x00\x00\x13Disabled M\
ods Path:\x07\x00\x00\x00\x0eOp\
tionsGeneral\x01\x03\x00\x00\
\x00p\x00E\x00r\x00r\x00o\x00:\x00 \x00V\
\x00e\x00r\x00i\x00f\x00i\x00q\x00u\x00e\
\x00 \x00o\x00s\x00 \x00r\x00e\x00g\x00i\
\x00s\x00t\x00r\x00o\x00s\x00 \x00p\x00a\
\x00r\x00a\x00 \x00o\x00b\x00t\x00e\x00r\
\x00 \x00m\x00a\x00i\x00s\x00 \x00i\x00n\
\x00f\x00o\x00r\x00m\x00a\x00\xe7\x00\xf5\x00e\
\x00s\x08\x00\x00\x00\x00\x06\x00\x00\x00\x1fErro\
r: Check logs fo\
r more info\x07\x00\x00\x00\x0e\
OptionsGeneral\x01\x03\
\x00\x00\x00\x0a\x00G\x00e\x00r\x00a\x00l\x08\x00\
\x00\x00\x00\x06\x00\x00\x00\x07General\x07\
\x00\x00\x00\x0eOptionsGener\
al\x01\x03\x00\x00\x00\x0e\x00I\x00d\x00i\x00o\
\x00m\x00a\x00:\x08\x00\x00\x00\x00\x06\x00\x00\x00\x09\
Language:\x07\x00\x00\x00\x0eOp\
tionsGeneral\x01\x03\x00\x00\
\x00\x0a\x00C\x00l\x00a\x00r\x00o\x08\x00\x00\x00\
\x00\x06\x00\x00\x00\x05Light\x07\x00\x00\x00\x0e\
OptionsGeneral\x01\x03\
\x00\x00\x006\x00D\x00i\x00r\x00e\x00t\x00\xf3\
\x00r\x00i\x00o\x00 \x00d\x00o\x00 \x00j\
\x00o\x00g\x00o\x00 \x00P\x00a\x00y\x00d\
\x00a\x00y\x00 \x002\x00:\x08\x00\x00\x00\x00\x06\
\x00\x00\x00\x18Payday 2 Gam\
e Directory:\x07\x00\x00\x00\
\x0eOptionsGeneral\x01\
\x03\x00\x00\x00\x16\x00A\x00t\x00u\x00a\x00l\x00\
i\x00z\x00a\x00d\x00o\x00!\x08\x00\x00\x00\x00\
\x06\x00\x00\x00\x0bUp to date!\
\x07\x00\x00\x00\x0eOptionsGene\
ral\x01\x03\x00\x00\x00N\x00A\x00l\x00e\x00\
r\x00t\x00a\x00s\x00 \x00d\x00e\x00 \x00\
a\x00t\x00u\x00a\x00l\x00i\x00z\x00a\x00\
\xe7\x00\xe3\x00o\x00 \x00n\x00a\x00 \x00i\x00\
n\x00i\x00c\x00i\x00a\x00l\x00i\x00z\x00\
a\x00\xe7\x00\xe3\x00o\x08\x00\x00\x00\x00\x06\x00\x00\x00\
\x18Update alerts o\
n startup\x07\x00\x00\x00\x0eOp\
tionsGeneral\x01\x03\x00\x00\
\x00\x18\x00A\x00t\x00u\x00a\x00l\x00i\x00z\
\x00a\x00\xe7\x00\xf5\x00e\x00s\x08\x00\x00\x00\x00\x06\
\x00\x00\x00\x07Updates\x07\x00\x00\x00\x0e\
OptionsGeneral\x01\x03\
\x00\x00\x00\x1a\x00M\x00o\x00d\x00s\x00 \x00o\
\x00c\x00u\x00l\x00t\x00o\x00s\x00:\x08\x00\
\x00\x00\x00\x06\x00\x00\x00\x0cHidden M\
ods:\x07\x00\x00\x00\x12Options\
IgnoredMods\x01\x03\x00\x00\x00\
\x1c\x00M\x00o\x00d\x00s\x00 \x00d\x00e\x00\
 \x00b\x00a\x00c\x00k\x00u\x00p\x08\x00\x00\
\x00\x00\x06\x00\x00\x00\x0bBackup Mo\
ds\x07\x00\x00\x00\x0bOptionsMi\
sc\x01\x03\x00\x00\x00\x8a\x00C\x00o\x00p\x00i\
\x00a\x00 \x00e\x00 \x00c\x00o\x00m\x00p\
\x00a\x00c\x00t\x00a\x00 \x00t\x00o\x00d\
\x00o\x00s\x00 \x00o\x00s\x00 \x00s\x00e\
\x00u\x00s\x00 \x00m\x00o\x00d\x00s\x00 \
\x00p\x00a\x00r\x00a\x00 \x00a\x00 \x00p\
\x00a\x00s\x00t\x00a\x00 \x00d\x00e\x00 \
\x00i\x00n\x00s\x00t\x00a\x00l\x00a\x00\xe7\
\x00\xe3\x00o\x00 \x00d\x00o\x00 \x00M\x00M\
\x00M\x08\x00\x00\x00\x00\x06\x00\x00\x00CCopi\
es and compresse\
s all of your mo\
ds to MMM's inst\
allation folder\x07\
\x00\x00\x00\x0bOptionsMisc\x01\
\x03\x00\x00\x00\x10\x00D\x00i\x00v\x00e\x00r\x00\
s\x00o\x00s\x08\x00\x00\x00\x00\x06\x00\x00\x00\x04M\
isc\x07\x00\x00\x00\x0bOptionsM\
isc\x01\x03\x00\x00\x00\x8e\x00M\x00y\x00t\x00\
h\x00 \x00M\x00o\x00d\x00 \x00M\x00a\x00\
n\x00a\x00g\x00e\x00r\x00:\x00 \x00N\x00\
\xe3\x00o\x00 \x00h\x00\xe1\x00 \x00s\x00u\x00\
p\x00o\x00r\x00t\x00e\x00 \x00p\x00a\x00\
r\x00a\x00 \x00o\x00s\x00 \x00r\x00e\x00\
g\x00i\x00s\x00t\x00r\x00o\x00s\x00 \x00\
d\x00e\x00 \x00f\x00a\x00l\x00h\x00a\x00\
s\x00 \x00d\x00o\x00 \x00V\x00a\x00n\x00\
i\x00l\x00l\x00a\x08\x00\x00\x00\x00\x06\x00\x00\x00\
0Myth Mod Manage\
r: Vanilla crash\
 logs unsupporte\
d\x07\x00\x00\x00\x0bOptionsMis\
c\x01\x03\x00\x00\x00\x5c\x00O\x00p\x00e\x00n\x00\
 \x00C\x00r\x00a\x00s\x00h\x00 \x00L\x00\
o\x00g\x00s\x00 \x00(\x00A\x00b\x00r\x00\
i\x00r\x00 \x00r\x00e\x00g\x00i\x00s\x00\
t\x00r\x00o\x00s\x00 \x00d\x00e\x00 \x00\
f\x00a\x00l\x00h\x00a\x00s\x00)\x00.\x00\
.\x00.\x08\x00\x00\x00\x00\x06\x00\x00\x00\x12Ope\
n Crash Logs...\x07\
\x00\x00\x00\x0bOptionsMisc\x01\
\x03\x00\x00\x00,\x00O\x00p\x00e\x00n\x00 \x00\
M\x00o\x00d\x00 \x00C\x00r\x00a\x00s\x00\
h\x00 \x00L\x00o\x00g\x00s\x00.\x00.\x00\
.\x08\x00\x00\x00\x00\x06\x00\x00\x00\x16Open \
Mod Crash Logs..\
.\x07\x00\x00\x00\x0bOptionsMis\
c\x01\x03\x00\x00\x00j\x00A\x00b\x00r\x00e\x00\
 \x00o\x00 \x00d\x00i\x00r\x00e\x00t\x00\
\xf3\x00r\x00i\x00o\x00 \x00d\x00e\x00 \x00\
r\x00e\x00g\x00i\x00s\x00t\x00r\x00o\x00\
 \x00d\x00e\x00 \x00f\x00a\x00l\x00h\x00\
a\x00s\x00 \x00u\x00s\x00a\x00d\x00o\x00\
 \x00p\x00e\x00l\x00o\x00 \x00B\x00L\x00\
T\x08\x00\x00\x00\x00\x06\x00\x00\x00+Opens\
 the crash log d\
irectory that BL\
T uses\x07\x00\x00\x00\x0bOptio\
nsMisc\x01\x03\x00\x00\x00\x84\x00A\x00b\
\x00r\x00e\x00 \x00o\x00 \x00d\x00i\x00r\
\x00e\x00t\x00\xf3\x00r\x00i\x00o\x00 \x00d\
\x00e\x00 \x00r\x00e\x00g\x00i\x00s\x00t\
\x00r\x00o\x00s\x00 \x00d\x00e\x00 \x00f\
\x00a\x00l\x00h\x00a\x00s\x00 \x00u\x00s\
\x00a\x00d\x00o\x00 \x00p\x00e\x00l\x00o\
\x00 \x00P\x00a\x00y\x00d\x00a\x00y\x00 \
\x002\x00 \x00b\x00\xe1\x00s\x00i\x00c\x00o\
\x08\x00\x00\x00\x00\x06\x00\x00\x006Opens \
the crash log di\
rectory used by \
vanilla Payday 2\
\x07\x00\x00\x00\x0bOptionsMisc\
\x01\x03\x00\x00\x00z\x00A\x00 \x00O\x00v\x00e\
\x00r\x00k\x00i\x00l\x00l\x00 \x00n\x00\xe3\
\x00o\x00 \x00i\x00m\x00p\x00l\x00e\x00m\
\x00e\x00n\x00t\x00o\x00u\x00 \x00u\x00m\
\x00 \x00r\x00e\x00g\x00i\x00s\x00t\x00r\
\x00o\x00 \x00d\x00e\x00 \x00f\x00a\x00l\
\x00h\x00a\x00s\x00 \x00p\x00a\x00r\x00a\
\x00 \x00o\x00 \x00L\x00i\x00n\x00u\x00x\
\x08\x00\x00\x00\x00\x06\x00\x00\x008Overki\
ll did not imple\
ment a vanilla c\
rash log for lin\
ux\x07\x00\x00\x00\x0bOptionsMi\
sc\x01\x03\x00\x00\x00.\x00A\x00l\x00t\x00e\
\x00r\x00a\x00r\x00 \x00n\x00o\x00m\x00e\
\x00 \x00d\x00o\x00 \x00p\x00e\x00r\x00f\
\x00i\x00l\x00:\x08\x00\x00\x00\x00\x06\x00\x00\x00\x14\
Change Profile N\
ame:\x07\x00\x00\x00\x10Options\
Shortcuts\x01\x03\x00\x00\x00,\x00\
E\x00x\x00c\x00l\x00u\x00i\x00r\x00 \x00\
m\x00o\x00d\x00 \x00o\x00u\x00 \x00p\x00\
e\x00r\x00f\x00i\x00l\x00:\x08\x00\x00\x00\x00\
\x06\x00\x00\x00\x16Delete Mod \
or Profile:\x07\x00\x00\x00\x10\
OptionsShortcuts\
\x01\x03\x00\x00\x00\x1e\x00D\x00e\x00s\x00m\x00a\
\x00r\x00c\x00a\x00r\x00 \x00t\x00u\x00d\
\x00o\x00:\x08\x00\x00\x00\x00\x06\x00\x00\x00\x0dDe\
select All:\x07\x00\x00\x00\x10\
OptionsShortcuts\
\x01\x03\x00\x00\x00:\x00S\x00e\x00l\x00e\x00c\
\x00t\x00 \x00A\x00l\x00l\x00 \x00(\x00S\
\x00e\x00l\x00e\x00c\x00i\x00o\x00n\x00a\
\x00r\x00 \x00t\x00u\x00d\x00o\x00)\x00:\
\x08\x00\x00\x00\x00\x06\x00\x00\x00\x0bSelect\
 All:\x07\x00\x00\x00\x10Option\
sShortcuts\x01\x03\x00\x00\x00\x0e\
\x00A\x00t\x00a\x00l\x00h\x00o\x00s\x08\x00\
\x00\x00\x00\x06\x00\x00\x00\x09Shortcut\
s\x07\x00\x00\x00\x10OptionsSho\
rtcuts\x01\x03\x00\x00\x00r\x00A\x00l\
\x00t\x00e\x00r\x00n\x00a\x00r\x00 \x00g\
\x00u\x00i\x00a\x00s\x00:\x00 \x00S\x00e\
\x00t\x00a\x00 \x00p\x00a\x00r\x00a\x00 \
\x00a\x00 \x00e\x00s\x00q\x00u\x00e\x00r\
\x00d\x00a\x00,\x00 \x00S\x00e\x00t\x00a\
\x00 \x00p\x00a\x00r\x00a\x00 \x00a\x00 \
\x00d\x00i\x00r\x00e\x00i\x00t\x00a\x08\x00\
\x00\x00\x00\x06\x00\x00\x00$Switch t\
abs: Arrow left,\
 Arrow right\x07\x00\x00\x00\
\x10OptionsShortcut\
s\x01\x03\x00\x00\x00D\x00J\x00\xe1\x00 \x00e\x00\
x\x00i\x00s\x00t\x00e\x00 \x00u\x00m\x00\
 \x00p\x00e\x00r\x00f\x00i\x00l\x00 \x00\
c\x00o\x00m\x00 \x00e\x00s\x00s\x00e\x00\
 \x00n\x00o\x00m\x00e\x00:\x08\x00\x00\x00\x00\
\x06\x00\x00\x00(A profile w\
ith that name al\
ready exists:\x07\x00\x00\
\x00\x0bProfileList\x01\x03\x00\
\x00\x00<\x00E\x00r\x00r\x00o\x00:\x00 \x00\
N\x00o\x00m\x00e\x00 \x00d\x00e\x00 \x00\
p\x00e\x00r\x00f\x00i\x00l\x00 \x00d\x00\
u\x00p\x00l\x00i\x00c\x00a\x00d\x00o\x08\
\x00\x00\x00\x00\x06\x00\x00\x00\x1dError: \
Duplicate profil\
e name\x07\x00\x00\x00\x0bProfi\
leList\x01\x03\x00\x00\x00 \x00C\x00o\
\x00n\x00t\x00a\x00g\x00e\x00m\x00 \x00d\
\x00e\x00 \x00m\x00o\x00d\x00s\x08\x00\x00\x00\
\x00\x06\x00\x00\x00\x09Mod Count\x07\
\x00\x00\x00\x0bProfileList\x01\
\x03\x00\x00\x00(\x00N\x00o\x00v\x00o\x00 \x00\
n\x00o\x00m\x00e\x00 \x00d\x00e\x00 \x00\
p\x00e\x00r\x00f\x00i\x00l\x00:\x08\x00\x00\
\x00\x00\x06\x00\x00\x00\x11New profi\
le name:\x07\x00\x00\x00\x0bPro\
fileList\x01\x03\x00\x00\x00\x0c\x00P\
\x00e\x00r\x00f\x00i\x00l\x08\x00\x00\x00\x00\x06\
\x00\x00\x00\x07Profile\x07\x00\x00\x00\x0b\
ProfileList\x01\x03\x00\x00\x00\
\x1c\x00A\x00d\x00i\x00c\x00i\x00o\x00n\x00\
a\x00r\x00 \x00m\x00o\x00d\x00s\x08\x00\x00\
\x00\x00\x06\x00\x00\x00\x08Add Mods\x07\
\x00\x00\x00\x0bProfileMenu\x01\
\x03\x00\x00\x00 \x00A\x00d\x00i\x00c\x00i\x00\
o\x00n\x00a\x00r\x00 \x00p\x00e\x00r\x00\
f\x00i\x00l\x08\x00\x00\x00\x00\x06\x00\x00\x00\x0bA\
dd Profile\x07\x00\x00\x00\x0bP\
rofileMenu\x01\x03\x00\x00\x00\x1c\
\x00A\x00p\x00l\x00i\x00c\x00a\x00r\x00 \
\x00p\x00e\x00r\x00f\x00i\x00l\x08\x00\x00\x00\
\x00\x06\x00\x00\x00\x0dApply Prof\
ile\x07\x00\x00\x00\x0bProfileM\
enu\x01\x03\x00\x00\x00,\x00A\x00l\x00t\x00\
e\x00r\x00a\x00r\x00 \x00n\x00o\x00m\x00\
e\x00 \x00d\x00o\x00 \x00p\x00e\x00r\x00\
f\x00i\x00l\x08\x00\x00\x00\x00\x06\x00\x00\x00\x13C\
hange Profile Na\
me\x07\x00\x00\x00\x0bProfileMe\
nu\x01\x03\x00\x00\x00\x1a\x00C\x00o\x00p\x00i\
\x00a\x00r\x00 \x00p\x00e\x00r\x00f\x00i\
\x00l\x08\x00\x00\x00\x00\x06\x00\x00\x00\x0cCopy\
 Profile\x07\x00\x00\x00\x0bPro\
fileMenu\x01\x03\x00\x00\x00*\x00C\
\x00o\x00p\x00i\x00a\x00r\x00 \x00m\x00o\
\x00d\x00(\x00s\x00)\x00 \x00p\x00a\x00r\
\x00a\x00.\x00.\x00.\x08\x00\x00\x00\x00\x06\x00\x00\
\x00\x11Copy mod(s) to\
...\x07\x00\x00\x00\x0bProfileM\
enu\x01\x03\x00\x00\x00\x18\x00R\x00e\x00m\x00\
o\x00v\x00e\x00r\x00 \x00m\x00o\x00d\x00\
s\x08\x00\x00\x00\x00\x06\x00\x00\x00\x0aRemov\
e Mod\x07\x00\x00\x00\x0bProfil\
eMenu\x01\x03\x00\x00\x00\x1c\x00R\x00e\x00\
m\x00o\x00v\x00e\x00r\x00 \x00p\x00e\x00\
r\x00f\x00i\x00l\x08\x00\x00\x00\x00\x06\x00\x00\x00\
\x0eRemove Profile\x07\
\x00\x00\x00\x0bProfileMenu\x01\
\x03\x00\x00\x00<\x00C\x00a\x00n\x00c\x00e\x00\
l\x00a\x00d\x00o\x00,\x00 \x00s\x00a\x00\
i\x00a\x00 \x00p\x00a\x00r\x00a\x00 \x00\
c\x00o\x00n\x00t\x00i\x00n\x00u\x00a\x00\
r\x08\x00\x00\x00\x00\x06\x00\x00\x00\x1aCance\
led, exit to con\
tinue\x07\x00\x00\x00\x0eProgre\
ssWidget\x01\x03\x00\x00\x00\x14\x00C\
\x00o\x00n\x00c\x00l\x00u\x00\xed\x00d\x00o\
\x00!\x08\x00\x00\x00\x00\x06\x00\x00\x00\x05Done\
!\x07\x00\x00\x00\x0eProgressWi\
dget\x01\x03\x00\x00\x00&\x00S\x00a\x00i\
\x00r\x00 \x00p\x00a\x00r\x00a\x00 \x00c\
\x00o\x00n\x00t\x00i\x00n\x00u\x00a\x00r\
\x08\x00\x00\x00\x00\x06\x00\x00\x00\x10Exit t\
o continue\x07\x00\x00\x00\x0eP\
rogressWidget\x01\x03\x00\
\x00\x004\x00T\x00a\x00r\x00e\x00f\x00a\x00\
 \x00d\x00o\x00 \x00M\x00y\x00t\x00h\x00\
 \x00M\x00o\x00d\x00 \x00M\x00a\x00n\x00\
a\x00g\x00e\x00r\x08\x00\x00\x00\x00\x06\x00\x00\x00\
\x15Myth Mod Manage\
r Task\x07\x00\x00\x00\x0eProgr\
essWidget\x01\x03\x00\x00\x002\x00\
M\x00o\x00d\x00s\x00 \x00a\x00 \x00s\x00\
e\x00r\x00e\x00m\x00 \x00a\x00d\x00i\x00\
c\x00i\x00o\x00n\x00a\x00d\x00o\x00s\x00\
:\x08\x00\x00\x00\x00\x06\x00\x00\x00\x11Mods \
to be added:\x07\x00\x00\x00\
\x09SelectMod\x01\x03\x00\x00\x00\xc8\
\x00P\x00e\x00s\x00q\x00u\x00i\x00s\x00a\
\x00r\x00.\x00.\x00.\x00 \x00u\x00s\x00e\
\x00  \x1c\x00t\x00a\x00g\x00: \x1d\x00 \
\x00s\x00e\x00m\x00 \x00e\x00s\x00p\x00a\
\x00\xe7\x00o\x00s\x00 \x00p\x00a\x00r\x00a\
\x00 \x00p\x00e\x00s\x00q\x00u\x00i\x00s\
\x00a\x00r\x00 \x00a\x00s\x00 \x00t\x00a\
\x00g\x00s\x00,\x00 \x00u\x00s\x00e\x00 \
\x00u\x00m\x00a\x00 \x00v\x00\xed\x00r\x00g\
\x00u\x00l\x00a\x00  \x1c\x00, \x1d\x00 \
\x00p\x00a\x00r\x00a\x00 \x00s\x00e\x00p\
\x00a\x00r\x00a\x00r\x00 \x00a\x00s\x00 \
\x00t\x00a\x00g\x00s\x08\x00\x00\x00\x00\x06\x00\x00\
\x00XSearch... use \
\x22tag:\x22 with no s\
paces to search \
for tags, use a \
comma \x22,\x22 to sep\
erate tags\x07\x00\x00\x00\x09S\
electMod\x01\x03\x00\x00\x00>\x00P\
\x00e\x00r\x00f\x00i\x00l\x00 \x00p\x00a\
\x00r\x00a\x00 \x00c\x00o\x00p\x00i\x00a\
\x00r\x00 \x00o\x00(\x00s\x00)\x00 \x00m\
\x00o\x00d\x00(\x00s\x00)\x00:\x08\x00\x00\x00\
\x00\x06\x00\x00\x00\x1aProfile to\
 copy mod(s) to:\
\x07\x00\x00\x00\x0dSelectProfi\
le\x01\x03\x00\x00\x00\x12\x00S\x00e\x00a\x00r\
\x00c\x00h\x00.\x00.\x00.\x08\x00\x00\x00\x00\x06\
\x00\x00\x00\x09Search...\x07\x00\x00\
\x00\x0dSelectProfile\x01\
\x03\x00\x00\x00\x08\x00N\x00o\x00m\x00e\x08\x00\x00\
\x00\x00\x06\x00\x00\x00\x04Name\x07\x00\x00\x00\x0a\
TagDisplay\x01\x03\x00\x00\x00\x08\
\x00T\x00a\x00g\x00s\x08\x00\x00\x00\x00\x06\x00\x00\
\x00\x04Tags\x07\x00\x00\x00\x0aTagDi\
splay\x01\x03\x00\x00\x00(\x00A\x00d\x00\
i\x00c\x00i\x00o\x00n\x00a\x00r\x00 \x00\
t\x00a\x00g\x00 \x00a\x00o\x00 \x00m\x00\
o\x00d\x08\x00\x00\x00\x00\x06\x00\x00\x00\x0eAdd\
 tag to mod\x07\x00\x00\x00\x0a\
TagHandler\x01\x03\x00\x00\x00$\
\x00R\x00e\x00m\x00o\x00v\x00e\x00r\x00 \
\x00t\x00a\x00g\x00 \x00d\x00o\x00 \x00m\
\x00o\x00d\x08\x00\x00\x00\x00\x06\x00\x00\x00\x13Re\
move tag from mo\
d\x07\x00\x00\x00\x0aTagHandler\
\x01\x03\x00\x00\x00v\x00P\x00a\x00r\x00a\x00 \
\x00e\x00s\x00p\x00e\x00c\x00i\x00f\x00i\
\x00c\x00a\x00r\x00 \x00v\x00\xe1\x00r\x00i\
\x00a\x00s\x00 \x00t\x00a\x00g\x00s\x00,\
\x00 \x00s\x00e\x00p\x00a\x00r\x00e\x00-\
\x00a\x00s\x00 \x00c\x00o\x00m\x00 \x00u\
\x00m\x00a\x00 \x00v\x00\xed\x00r\x00g\x00u\
\x00l\x00a\x00  \x1d\x00, \x1d\x08\x00\x00\x00\
\x00\x06\x00\x00\x007To specify\
 multiple tags s\
eperate them wit\
h a comma \x22,\x22\x07\x00\x00\
\x00\x0aTagHandler\x01\x03\x00\x00\
\x00D\x00(\x00E\x00s\x00s\x00a\x00 \x00a\
\x00\xe7\x00\xe3\x00o\x00 \x00n\x00\xe3\x00o\x00 \
\x00p\x00o\x00d\x00e\x00 \x00s\x00e\x00r\
\x00 \x00r\x00e\x00v\x00e\x00r\x00t\x00i\
\x00d\x00a\x00)\x08\x00\x00\x00\x00\x06\x00\x00\x00 \
(This action can\
not be reversed)\
\x07\x00\x00\x00\x09TagViewer\x01\x03\
\x00\x00\x00\x92\x00T\x00e\x00m\x00 \x00c\x00e\
\x00r\x00t\x00e\x00z\x00a\x00 \x00d\x00e\
\x00 \x00q\x00u\x00e\x00 \x00d\x00e\x00s\
\x00e\x00j\x00a\x00 \x00e\x00x\x00c\x00l\
\x00u\x00i\x00r\x00 \x00t\x00o\x00d\x00a\
\x00s\x00 \x00a\x00s\x00 \x00t\x00a\x00g\
\x00s\x00 \x00a\x00s\x00s\x00o\x00c\x00i\
\x00a\x00d\x00a\x00s\x00 \x00a\x00o\x00s\
\x00 \x00s\x00e\x00u\x00s\x00 \x00m\x00o\
\x00d\x00s\x00?\x08\x00\x00\x00\x00\x06\x00\x00\x00J\
Are you sure you\
 want to delete \
all of the tags \
associated with \
your mods?\x07\x00\x00\x00\x09T\
agViewer\x01\x03\x00\x00\x00*\x00E\
\x00x\x00c\x00l\x00u\x00i\x00r\x00 \x00t\
\x00o\x00d\x00a\x00s\x00 \x00a\x00s\x00 \
\x00t\x00a\x00g\x00s\x08\x00\x00\x00\x00\x06\x00\x00\
\x00\x0fDelete all tag\
s\x07\x00\x00\x00\x09TagViewer\x01\
\x03\x00\x00\x006\x00V\x00i\x00s\x00u\x00a\x00\
l\x00i\x00z\x00a\x00d\x00o\x00r\x00 \x00\
d\x00e\x00 \x00t\x00a\x00g\x00s\x00 \x00\
d\x00e\x00 \x00m\x00o\x00d\x08\x00\x00\x00\x00\
\x06\x00\x00\x00\x0eMod Tag Vie\
wer\x07\x00\x00\x00\x09TagViewe\
r\x01\x03\x00\x00\x00 \x00A\x00d\x00i\x00c\x00\
i\x00o\x00n\x00a\x00r\x00 \x00t\x00a\x00\
g\x00(\x00s\x00)\x08\x00\x00\x00\x00\x06\x00\x00\x00\
\x0aAdd Tag(s)\x07\x00\x00\x00\x0d\
TagViewerMenu\x01\x03\x00\
\x00\x00*\x00E\x00x\x00c\x00l\x00u\x00i\x00\
r\x00 \x00t\x00o\x00d\x00a\x00s\x00 \x00\
a\x00s\x00 \x00t\x00a\x00g\x00s\x08\x00\x00\
\x00\x00\x06\x00\x00\x00\x0fDelete Al\
l Tags\x07\x00\x00\x00\x0dTagVi\
ewerMenu\x01\x03\x00\x00\x00\x1c\x00R\
\x00e\x00m\x00o\x00v\x00e\x00r\x00 \x00t\
\x00a\x00g\x00(\x00s\x00)\x08\x00\x00\x00\x00\x06\
\x00\x00\x00\x0dRemove Tag(s\
)\x07\x00\x00\x00\x0dTagViewerM\
enu\x01\x03\x00\x00\x00(\x00A\x00d\x00i\x00\
c\x00i\x00o\x00n\x00a\x00r\x00 \x00f\x00\
e\x00r\x00r\x00a\x00m\x00e\x00n\x00t\x00\
a\x08\x00\x00\x00\x00\x06\x00\x00\x00\x08Add T\
ool\x07\x00\x00\x00\x0bToolMana\
ger\x01\x03\x00\x00\x00\x16\x00E\x00x\x00e\x00\
c\x00u\x00t\x00\xe1\x00v\x00e\x00i\x00s\x08\
\x00\x00\x00\x00\x06\x00\x00\x00\x0bExecuta\
bles\x07\x00\x00\x00\x0bToolMan\
ager\x01\x03\x00\x00\x00F\x00S\x00e\x00l\
\x00e\x00c\x00i\x00o\x00n\x00a\x00r\x00 \
\x00f\x00e\x00r\x00r\x00a\x00m\x00e\x00n\
\x00t\x00a\x00(\x00s\x00)\x00 \x00e\x00x\
\x00t\x00e\x00r\x00n\x00a\x00(\x00s\x00)\
\x08\x00\x00\x00\x00\x06\x00\x00\x00\x17Select\
 External Tool(s\
)\x07\x00\x00\x00\x0bToolManage\
r\x01\x03\x00\x00\x008\x00O\x00c\x00o\x00r\x00\
r\x00e\x00u\x00 \x00u\x00m\x00 \x00e\x00\
r\x00r\x00o\x00 \x00n\x00o\x00 \x00u\x00\
n\x00Z\x00i\x00p\x00M\x00o\x00d\x00:\x08\
\x00\x00\x00\x00\x06\x00\x00\x00 An erro\
r was raised in \
unZipMod:\x07\x00\x00\x00\x08Un\
ZipMod\x01\x03\x00\x00\x00P\x00T\x00e\
\x00n\x00t\x00e\x00 \x00e\x00x\x00t\x00r\
\x00a\x00i\x00r\x00 \x00o\x00 \x00m\x00o\
\x00d\x00 \x00m\x00a\x00n\x00u\x00a\x00l\
\x00m\x00e\x00n\x00t\x00e\x00 \x00p\x00r\
\x00i\x00m\x00e\x00i\x00r\x00o\x08\x00\x00\x00\
\x00\x06\x00\x00\x00%Try extrac\
ting the mod man\
ually first\x07\x00\x00\x00\x08\
UnZipMod\x01\x03\x00\x00\x00\x1c\x00D\
\x00e\x00s\x00c\x00o\x00m\x00p\x00a\x00c\
\x00t\x00a\x00\xe7\x00\xe3\x00o\x08\x00\x00\x00\x00\x06\
\x00\x00\x00\x09Unpacking\x07\x00\x00\
\x00\x08UnZipMod\x01\x03\x00\x00\x00N\
\x00V\x00e\x00r\x00i\x00f\x00i\x00c\x00a\
\x00\xe7\x00\xe3\x00o\x00 \x00d\x00e\x00 \x00p\
\x00e\x00r\x00m\x00i\x00s\x00s\x00\xf5\x00e\
\x00s\x00 \x00d\x00e\x00 \x00a\x00r\x00q\
\x00u\x00i\x00v\x00o\x00 \x00d\x00e\x08\x00\
\x00\x00\x00\x06\x00\x00\x00\x1cChecking\
 file permission\
s of\x07\x00\x00\x00\x06Worker\x01\
\x03\x00\x00\x00J\x00V\x00e\x00r\x00i\x00f\x00\
i\x00c\x00a\x00n\x00d\x00o\x00 \x00a\x00\
s\x00 \x00p\x00e\x00r\x00m\x00i\x00s\x00\
s\x00\xf5\x00e\x00s\x00 \x00d\x00e\x00 \x00\
p\x00a\x00s\x00t\x00a\x00 \x00d\x00e\x08\
\x00\x00\x00\x00\x06\x00\x00\x00\x1eCheckin\
g folder permiss\
ions of\x07\x00\x00\x00\x06Work\
er\x01\x03\x00\x00\x004\x00C\x00o\x00r\x00r\
\x00i\x00g\x00i\x00n\x00d\x00o\x00 \x00a\
\x00 \x00i\x00n\x00s\x00t\x00a\x00l\x00a\
\x00\xe7\x00\xe3\x00o\x00 \x00d\x00e\x08\x00\x00\x00\
\x00\x06\x00\x00\x00\x12Fixing ins\
tall for\x07\x00\x00\x00\x06Wor\
ker\x01\x03\x00\x00\x00\x1a\x00I\x00n\x00s\x00\
e\x00r\x00i\x00r\x00 \x00t\x00e\x00x\x00\
t\x00o\x08\x00\x00\x00\x00\x06\x00\x00\x00\x0bIns\
ert text\x07\x00\x00\x00\x0cins\
ertString\x01\x03\x00\x00\x00b\x00\
P\x00r\x00o\x00f\x00i\x00l\x00e\x00 \x00\
(\x00P\x00e\x00r\x00f\x00i\x00l\x00)\x00\
:\x00 \x00A\x00l\x00g\x00u\x00n\x00s\x00\
 \x00m\x00o\x00d\x00s\x00 \x00n\x00\xe3\x00\
o\x00 \x00f\x00o\x00r\x00a\x00m\x00 \x00\
a\x00p\x00l\x00i\x00c\x00a\x00d\x00o\x00\
s\x08\x00\x00\x00\x00\x06\x00\x00\x00#Profi\
le: Some mods we\
re not applied\x07\x00\
\x00\x00\x0amodProfile\x01\x03\x00\
\x00\x00\x84\x00O\x00s\x00 \x00s\x00e\x00g\x00\
u\x00i\x00n\x00t\x00e\x00s\x00 \x00m\x00\
o\x00d\x00s\x00 \x00n\x00\xe3\x00o\x00 \x00\
f\x00o\x00r\x00a\x00m\x00 \x00a\x00p\x00\
l\x00i\x00c\x00a\x00d\x00o\x00s\x00 \x00\
p\x00o\x00r\x00q\x00u\x00e\x00 \x00n\x00\
\xe3\x00o\x00 \x00e\x00s\x00t\x00\xe3\x00o\x00\
 \x00i\x00n\x00s\x00t\x00a\x00l\x00a\x00\
d\x00o\x00s\x00:\x08\x00\x00\x00\x00\x06\x00\x00\x00\
CThe following m\
ods were not app\
lied because the\
y are not instal\
led:\x07\x00\x00\x00\x0amodProf\
ile\x01\x03\x00\x00\x00$\x00I\x00n\x00s\x00\
t\x00a\x00l\x00a\x00\xe7\x00\xe3\x00o\x00 \x00\
d\x00e\x00 \x00m\x00o\x00d\x00s\x08\x00\x00\
\x00\x00\x06\x00\x00\x00\x0fInstallin\
g mods\x07\x00\x00\x00\x0enewMo\
dLocation\x01\x03\x00\x00\x00X\x00\
S\x00e\x00l\x00e\x00c\x00i\x00o\x00n\x00\
e\x00 \x00o\x00n\x00d\x00e\x00 \x00o\x00\
s\x00 \x00m\x00o\x00d\x00s\x00 \x00d\x00\
e\x00v\x00e\x00m\x00 \x00s\x00e\x00r\x00\
 \x00i\x00n\x00s\x00t\x00a\x00l\x00a\x00\
d\x00o\x00s\x00:\x08\x00\x00\x00\x00\x06\x00\x00\x00\
1Please select w\
here the mods sh\
ould be installe\
d:\x07\x00\x00\x00\x0enewModLoc\
ation\x01\x03\x00\x00\x00P\x00C\x00a\x00\
n\x00c\x00e\x00l\x00i\x00n\x00g\x00.\x00\
.\x00.\x00 \x00(\x00F\x00i\x00n\x00a\x00\
l\x00i\x00z\x00a\x00n\x00d\x00o\x00 \x00\
a\x00 \x00e\x00t\x00a\x00p\x00a\x00 \x00\
a\x00t\x00u\x00a\x00l\x00)\x08\x00\x00\x00\x00\
\x06\x00\x00\x00%Canceling..\
. (Finishing cur\
rent step)\x07\x00\x00\x00\x0eu\
pdateDetected\x01\x03\x00\
\x00\x00j\x00C\x00l\x00i\x00q\x00u\x00e\x00\
 \x00e\x00m\x00 \x00o\x00k\x00 \x00p\x00\
a\x00r\x00a\x00 \x00s\x00a\x00i\x00r\x00\
 \x00e\x00 \x00a\x00t\x00u\x00a\x00l\x00\
i\x00z\x00a\x00r\x00 \x00o\x00 \x00M\x00\
y\x00t\x00h\x00 \x00M\x00o\x00d\x00 \x00\
M\x00a\x00n\x00a\x00g\x00e\x00r\x08\x00\x00\
\x00\x00\x06\x00\x00\x00,Click ok \
to exit and upda\
te Myth Mod Mana\
ger\x07\x00\x00\x00\x0eupdateDe\
tected\x01\x03\x00\x00\x00\x1a\x00V\x00e\
\x00r\x00s\x00\xe3\x00o\x00 \x00a\x00t\x00u\
\x00a\x00l\x00:\x08\x00\x00\x00\x00\x06\x00\x00\x00\x10\
Current Version:\
\x07\x00\x00\x00\x0eupdateDetec\
ted\x01\x03\x00\x00\x00,\x00N\x00\xe3\x00o\x00\
 \x00p\x00e\x00r\x00g\x00u\x00n\x00t\x00\
e\x00 \x00n\x00o\x00v\x00a\x00m\x00e\x00\
n\x00t\x00e\x08\x00\x00\x00\x00\x06\x00\x00\x00\x10D\
o not ask again\x07\
\x00\x00\x00\x0eupdateDetect\
ed\x01\x03\x00\x00\x00\x22\x00D\x00e\x00s\x00e\
\x00j\x00a\x00 \x00a\x00t\x00u\x00a\x00l\
\x00i\x00z\x00a\x00r\x00?\x08\x00\x00\x00\x00\x06\
\x00\x00\x00\x16Do you want \
to Update?\x07\x00\x00\x00\x0eu\
pdateDetected\x01\x03\x00\
\x00\x00\x08\x00E\x00r\x00r\x00o\x08\x00\x00\x00\x00\
\x06\x00\x00\x00\x05Error\x07\x00\x00\x00\x0eu\
pdateDetected\x01\x03\x00\
\x00\x000\x00I\x00n\x00s\x00t\x00a\x00l\x00\
a\x00\xe7\x00\xe3\x00o\x00 \x00b\x00e\x00m\x00\
-\x00s\x00u\x00c\x00e\x00d\x00i\x00d\x00\
a\x00!\x08\x00\x00\x00\x00\x06\x00\x00\x00\x18Ins\
tallation Succes\
sful!\x07\x00\x00\x00\x0eupdate\
Detected\x01\x03\x00\x00\x008\x00N\
\x00o\x00v\x00a\x00 \x00a\x00t\x00u\x00a\
\x00l\x00i\x00z\x00a\x00\xe7\x00\xe3\x00o\x00 \
\x00e\x00n\x00c\x00o\x00n\x00t\x00r\x00a\
\x00d\x00a\x00:\x08\x00\x00\x00\x00\x06\x00\x00\x00\x11\
New update found\
:\x07\x00\x00\x00\x0eupdateDete\
cted\x01\x03\x00\x00\x00(\x00A\x00v\x00i\
\x00s\x00o\x00 \x00d\x00e\x00 \x00a\x00t\
\x00u\x00a\x00l\x00i\x00z\x00a\x00\xe7\x00\xe3\
\x00o\x08\x00\x00\x00\x00\x06\x00\x00\x00\x0dUpda\
te Notice\x07\x00\x00\x00\x0eup\
dateDetected\x01\x03\x00\x00\
\x00H\x00E\x00x\x00i\x00b\x00i\x00r\x00 \
\x00n\x00o\x00t\x00a\x00s\x00 \x00d\x00e\
\x00 \x00v\x00e\x00r\x00s\x00\xe3\x00o\x00 \
\x00e\x00m\x00 \x00g\x00i\x00t\x00h\x00u\
\x00b\x00.\x00c\x00o\x00m\x08\x00\x00\x00\x00\x06\
\x00\x00\x00 View Release\
 Notes on github\
.com\x07\x00\x00\x00\x0eupdateD\
etected\x01\x88\x00\x00\x00\x02\x03\x01\
\x00\x00K|\
<\
\xb8d\x18\xca\xef\x9c\x95\xcd!\x1c\xbf`\xa1\xbd\xddB\
\x00\x00\x05\x10\x00\x00\x07\xaf\x00\x00\x07`\x00\x02\xf5\x05\
\x00\x00/\x82\x00\x04\xa8\x8b\x00\x00!\xa5\x00\x04\xef\xa5\
\x00\x00\x15\x02\x00\x05@\x93\x00\x00 D\x00\x05@\x93\
\x00\x00&\x95\x00\x05H5\x00\x00\x18\x09\x00\x05H5\
\x00\x005\x81\x00\x05\xa7\xe3\x00\x005\xaa\x00\x05\xc0e\
\x00\x00\x185\x00 n\x0a\x00\x00-\x05\x00-\x9b#\
\x00\x009\x06\x00/\x99#\x00\x00:\x03\x00G\x96\xc4\
\x00\x00\x12\xf0\x00Hw9\x00\x00\x1fn\x00Kdq\
\x00\x002\x04\x00L\x99b\x00\x00\x0e\x1d\x00L\x99b\
\x00\x00DW\x00R\xfd\xf4\x00\x00#h\x00SY|\
\x00\x00\x17&\x00U\x0d\xff\x00\x00\x09\x8e\x00[f3\
\x00\x00\x13\xd1\x00]\x05y\x00\x00A\xe1\x00`\xb7u\
\x00\x00\x15\xdd\x00\x95\x84\xda\x00\x00.[\x00\x97\x92\xb4\
\x00\x00\x10\x10\x00\x97\x96\x04\x00\x00\x16\xb5\x00\xaao\x12\
\x00\x009a\x00\xad\xc0\x0a\x00\x00+b\x00\xcd0>\
\x00\x00\x01N\x016\xad\xc1\x00\x00$\x07\x017\xfe\xb2\
\x00\x006\xa4\x01L\x05#\x00\x00 \xa9\x01X\x11u\
\x00\x00\x14\x01\x01\xb6\x0b,\x00\x00\x0f\xac\x01\xcd\x8c\xae\
\x00\x00!\x13\x02;\x9c,\x00\x00\x0b\x9b\x02}\xb5\x95\
\x00\x00-\x99\x02\xcc\xfcc\x00\x00\x17W\x02\xe3/b\
\x00\x00\x18\xf5\x02\xfb\xd1T\x00\x00?\x11\x033\xb5u\
\x00\x000:\x03]\x7f\x80\x00\x00$E\x03k\x81\x09\
\x00\x007z\x03\x84}\x92\x00\x00\x13*\x03\x8e\xc7\x8a\
\x00\x00*\xe9\x03\xd6\x9f+\x00\x002\x9d\x03\xe5\x0e\xdd\
\x00\x00\x19\xab\x04\x10\x89U\x00\x00!W\x04%<\x15\
\x00\x002>\x04XMJ\x00\x00C>\x04l\x1bN\
\x00\x00\x152\x04y,\x87\x00\x00\x1f*\x04\x98I\xbc\
\x00\x00\x1f\xa1\x04\xac,\xa5\x00\x00\x14[\x04\xbd\xf1\xaa\
\x00\x00%\x08\x04\xc4>D\x00\x00\x0d\x16\x04\xc4y%\
\x00\x00\x14\xce\x04\xded\x91\x00\x00D\x8b\x04\xeb/\x0a\
\x00\x00#,\x04\xf8\xaa\x9f\x00\x008\x06\x05\x01q\x8a\
\x00\x00\x07\x89\x05-\xd3j\x00\x00\x1ej\x058\xd6j\
\x00\x00!\xd6\x05\x8cF\xc5\x00\x00\x12\xb3\x05\xa3\xe59\
\x00\x009\xa9\x05\xfbc\xc9\x00\x00\x15\x88\x06\x03e>\
\x00\x00\x00\x00\x06\x1aF\xca\x00\x00?\xaf\x06J@\x04\
\x00\x00.\x16\x06z/\xe5\x00\x00\x1a\xb1\x06zD\x17\
\x00\x00=\x0e\x06{\x06\x03\x00\x00\x13h\x06\x83AJ\
\x00\x00#\x9a\x06\x9a\xf5C\x00\x00 p\x06\x9a\xf5C\
\x00\x00,\x14\x06\xc2\xe0\x14\x00\x000\xed\x06\xeb\xfdv\
\x00\x00=F\x07\x02\x87\xdf\x00\x00\x07\x1f\x07\x87\x8cJ\
\x00\x00\x10\x89\x07\x95\xd0u\x00\x00.\xba\x07\x9e\xea\xd3\
\x00\x00\x06p\x07\xbd\xb2\xe2\x00\x00Bu\x07\xd2ju\
\x00\x00/5\x07\xe0\x11*\x00\x004\xb0\x07\xe2\x93\x13\
\x00\x00\x1d\x1d\x08\x05\x0e\x1e\x00\x00C\x95\x08.\xba\xd5\
\x00\x00\x03w\x08<\xaa\xa4\x00\x0062\x08\x8a\x0a\xbe\
\x00\x005<\x09&\xdd:\x00\x00\x1dZ\x097\xf54\
\x00\x00>\xc5\x09<%\xb5\x00\x00Eb\x09<\xa0\x8e\
\x00\x00\x0a\xc0\x09]\x07\xb3\x00\x00\x13\x9c\x09n\x19\x19\
\x00\x00\x00\xe2\x09n\xf6\xdf\x00\x00C\xe8\x09yeG\
\x00\x00\x1e!\x09\x82\x0b\xde\x00\x00'\xcd\x09\x96B>\
\x00\x00\x0a\x80\x0a+\x85\x80\x00\x00\x05\x81\x0a=\xc0J\
\x00\x00+\xbe\x0a]\x9b\x02\x00\x00%\xa6\x0aeA\xc3\
\x00\x00.\xed\x0ae\xb2,\x00\x00:\xcd\x0ah\x00\x07\
\x00\x00\x05\xb9\x0aj\xd2\xc9\x00\x00\x11]\x0a\x88+\xe7\
\x00\x00\x08Q\x0a\xb1\x05\x98\x00\x00\x12Q\x0a\xe0\xee\x84\
\x00\x00\x0d\xa6\x0a\xe1\xf9\x19\x00\x00\x1aI\x0b\x09\x07z\
\x00\x00D\xf2\x0b\x09ye\x00\x00\x14\x93\x0b\x22t]\
\x00\x00\x0a\x01\x0bAj\xa5\x00\x00\x18\xb2\x0b\x5c@\x5c\
\x00\x00\x0f\x12\x0b\x96\xdc\xaa\x00\x00;\xe1\x0b\xd3\x0e\xf5\
\x00\x0017\x0b\xd4:9\x00\x00\x03\x18\x0b\xee\xc7\x82\
\x00\x00>V\x0c \xaf\x9f\x00\x00\x22D\x0c,\xac\xe7\
\x00\x00\x09R\x0c0\xfds\x00\x00\x1b\x18\x0c>7d\
\x00\x00,V\x0cG\x92\xf4\x00\x00\x16\xf1\x0cQ\x0b\xd2\
\x00\x00\x1c\xcc\x0cV\xb4n\x00\x00\x03\xdd\x0ceP\xa3\
\x00\x00(/\x0cj\x8a\x93\x00\x00$\xc6\x0cm_\x93\
\x00\x00%U\x0c\x94\x16Z\x00\x00A\x05\x0c\xc9\xa0\x0e\
\x00\x00\x18{\x0c\xe5\x11\xba\x00\x00\x08\x95\x0c\xebyc\
\x00\x00\x0eO\x0c\xebyc\x00\x00;\x15\x0c\xf6)\xee\
\x00\x000\x86\x0dL\xf4\xd8\x00\x00)\xae\x0dc\xf3y\
\x00\x00:b\x0dl\xcd\xf6\x00\x00=\xcf\x0d\xac\x9c\x19\
\x00\x00;V\x0d\xc4\xc8<\x00\x00\x1f\xd1\x0d\xc4\xc8<\
\x00\x00\x22\xf4\x0d\xd6\xd1\xb4\x00\x005\xdb\x0e/\xbeC\
\x00\x00\x04\xc9\x0e?\xc7\x03\x00\x00@\xa3\x0ee~j\
\x00\x00*|\x0ei\x85\xfe\x00\x00\x05\xeb\x0e\x7f\x98Z\
\x00\x002\xff\x0e\x8c\xfau\x00\x001\x8b\x0e\xb0\x1b\x1e\
\x00\x00'w\x0e\xc8a\xa2\x00\x00(\xdc\x0e\xdb#r\
\x00\x00\x16%\x0e\xe6W\xe5\x00\x00/\xd5\x0e\xfa\x87\xb4\
\x00\x00<p\x0f\x0a\x9f\xc9\x00\x00\x11\xcd\x0f\x15\x9f\xdc\
\x00\x00\x0e\x91\x0f=\xcc?\x00\x00\x0ce\x0fC\xc9\xf4\
\x00\x00&\xc5\x0f\x9bs3\x00\x00 \x02\x0f\xaa\xa7-\
\x00\x00E\xb8\x0f\xfcx\xc3\x00\x00\x1bi\x0f\xfcx\xc3\
\x00\x003Ni\x00\x00FK\x03\x00\x00\x00\x86\x00L\
\x00e\x00s\x00 \x00s\x00u\x00g\x00g\x00e\
\x00s\x00t\x00i\x00o\x00n\x00s\x00 \x00s\
\x00o\x00n\x00t\x00 \x00t\x00r\x00\xe8\x00s\
\x00 \x00a\x00p\x00p\x00r\x00\xe9\x00c\x00i\
\x00\xe9\x00e\x00s\x00 \x00s\x00u\x00r\x00 \
\x00m\x00o\x00d\x00w\x00o\x00r\x00k\x00s\
\x00h\x00o\x00p\x00.\x00n\x00e\x00t\x00 \
\x00e\x00t\x00 \x00g\x00i\x00t\x00h\x00u\
\x00b\x00.\x08\x00\x00\x00\x00\x06\x00\x00\x00BSu\
ggestions are gr\
eatly appreciate\
d on modworkshop\
.net and github.\
\x07\x00\x00\x00\x05About\x01\x03\x00\x00\x008\
\x00S\x00o\x00u\x00t\x00e\x00n\x00i\x00r\
\x00 \x00W\x00o\x00l\x00f\x00m\x00y\x00t\
\x00h\x00s\x00 \x00s\x00u\x00r\x00 \x00K\
\x00o\x00-\x00F\x00i\x08\x00\x00\x00\x00\x06\x00\x00\
\x00\x1aSupport Wolfmy\
ths on Ko-Fi\x07\x00\x00\x00\
\x05About\x01\x03\x00\x00\x01,\x00L\x00e\
\x00 \x00b\x00u\x00t\x00 \x00d\x00e\x00 \
\x00c\x00e\x00 \x00p\x00r\x00o\x00g\x00r\
\x00a\x00m\x00m\x00e\x00 \x00e\x00s\x00t\
\x00 \x00d\x00e\x00 \x00s\x00i\x00m\x00p\
\x00l\x00i\x00f\x00i\x00e\x00r\x00 \x00l\
\x00e\x00 \x00p\x00r\x00o\x00c\x00e\x00s\
\x00s\x00u\x00s\x00 \x00d\x00e\x00 \x00g\
\x00e\x00s\x00t\x00i\x00o\x00n\x00 \x00d\
\x00e\x00s\x00 \x00m\x00o\x00d\x00s\x00 \
\x00d\x00e\x00 \x00P\x00A\x00Y\x00D\x00A\
\x00Y\x00 \x002\x00 \x00s\x00a\x00n\x00s\
\x00 \x00a\x00v\x00o\x00i\x00r\x00 \x00\xe0\
\x00 \x00j\x00o\x00n\x00g\x00l\x00e\x00r\
\x00 \x00a\x00v\x00e\x00c\x00 \x00d\x00e\
\x00 \x00m\x00u\x00l\x00t\x00i\x00p\x00l\
\x00e\x00s\x00 \x00e\x00x\x00p\x00l\x00o\
\x00r\x00a\x00t\x00e\x00u\x00r\x00s\x00 \
\x00d\x00e\x00 \x00f\x00i\x00c\x00h\x00i\
\x00e\x00r\x00s\x00.\x08\x00\x00\x00\x00\x06\x00\x00\
\x00\x84The goal of th\
is program is to\
 streamline the \
proccess of PAYD\
AY 2 mod managme\
nt without hassl\
e of juggling mu\
ltiple file expl\
orers.\x07\x00\x00\x00\x05About\
\x01\x03\x00\x00\x00.\x00V\x00i\x00s\x00i\x00t\
\x00e\x00r\x00 \x00l\x00e\x00 \x00d\x00\xe9\
\x00p\x00\xf4\x00t\x00 \x00G\x00i\x00t\x00h\
\x00u\x00b\x08\x00\x00\x00\x00\x06\x00\x00\x00\x17Vi\
sit Github Repos\
itory\x07\x00\x00\x00\x05About\x01\
\x03\x00\x00\x006\x00V\x00i\x00s\x00i\x00t\x00\
e\x00r\x00 \x00l\x00a\x00 \x00p\x00a\x00\
g\x00e\x00 \x00M\x00o\x00d\x00w\x00o\x00\
r\x00k\x00s\x00h\x00o\x00p\x08\x00\x00\x00\x00\
\x06\x00\x00\x00\x16Visit Modwo\
rkshop Page\x07\x00\x00\x00\x05\
About\x01\x03\x00\x00\x00\x92\x00e\x00s\x00\
t\x00 \x00u\x00n\x00 \x00g\x00e\x00s\x00\
t\x00i\x00o\x00n\x00n\x00a\x00i\x00r\x00\
e\x00 \x00d\x00e\x00 \x00m\x00o\x00d\x00\
s\x00 \x00o\x00p\x00e\x00n\x00-\x00s\x00\
o\x00u\x00r\x00c\x00e\x00 \x00p\x00o\x00\
u\x00r\x00 \x00P\x00A\x00Y\x00D\x00A\x00\
Y\x00 \x002\x00 \x00c\x00r\x00\xe9\x00\xe9\x00\
 \x00p\x00a\x00r\x00 \x00W\x00o\x00l\x00\
f\x00m\x00y\x00t\x00h\x00s\x00.\x08\x00\x00\
\x00\x00\x06\x00\x00\x00@is an ope\
n-source mod man\
ager for PAYDAY \
2 created by Wol\
fmyths.\x07\x00\x00\x00\x05Abou\
t\x01\x03\x00\x00\x00p\x00U\x00n\x00e\x00 \x00\
e\x00r\x00r\x00e\x00u\x00r\x00 \x00s\x00\
'\x00e\x00s\x00t\x00 \x00p\x00r\x00o\x00\
d\x00u\x00i\x00t\x00e\x00 \x00l\x00o\x00\
r\x00s\x00 \x00d\x00e\x00 \x00l\x00a\x00\
 \x00s\x00a\x00u\x00v\x00e\x00g\x00a\x00\
r\x00d\x00e\x00 \x00d\x00e\x00s\x00 \x00\
m\x00o\x00d\x00s\x08\x00\x00\x00\x00\x06\x00\x00\x00\
)An error was ra\
ised while backi\
ng up mods\x07\x00\x00\x00\x0aB\
ackupMods\x01\x03\x00\x00\x00\x12\x00\
N\x00e\x00t\x00t\x00o\x00y\x00a\x00g\x00\
e\x08\x00\x00\x00\x00\x06\x00\x00\x00\x07Clean\
up\x07\x00\x00\x00\x0aBackupMod\
s\x01\x03\x00\x00\x00\x0c\x00C\x00o\x00p\x00i\x00\
e\x00r\x08\x00\x00\x00\x00\x06\x00\x00\x00\x07Cop\
ying\x07\x00\x00\x00\x0aBackupM\
ods\x01\x03\x00\x00\x00J\x00C\x00e\x00l\x00\
a\x00 \x00p\x00e\x00u\x00t\x00 \x00p\x00\
r\x00e\x00n\x00d\x00r\x00e\x00 \x00u\x00\
n\x00 \x00c\x00e\x00r\x00t\x00a\x00i\x00\
n\x00 \x00t\x00e\x00m\x00p\x00s\x00.\x00\
.\x00.\x08\x00\x00\x00\x00\x06\x00\x00\x00\x1cThi\
s might take som\
e time...\x07\x00\x00\x00\x0aBa\
ckupMods\x01\x03\x00\x00\x00r\x00V\
\x00a\x00l\x00i\x00d\x00a\x00t\x00i\x00o\
\x00n\x00 \x00d\x00e\x00s\x00 \x00c\x00h\
\x00e\x00m\x00i\x00n\x00s\x00 \x00d\x00'\
\x00a\x00c\x00c\x00\xe8\x00s\x00 \x00a\x00u\
\x00x\x00 \x00d\x00o\x00s\x00s\x00i\x00e\
\x00r\x00s\x00 \x00d\x00e\x00 \x00s\x00a\
\x00u\x00v\x00e\x00g\x00a\x00r\x00d\x00e\
\x08\x00\x00\x00\x00\x06\x00\x00\x00\x1eValida\
ting backup fold\
er paths\x07\x00\x00\x00\x0aBac\
kupMods\x01\x03\x00\x00\x00\x18\x00Z\x00\
i\x00p\x00p\x00a\x00g\x00e\x00 \x00v\x00\
e\x00r\x00s\x08\x00\x00\x00\x00\x06\x00\x00\x00\x0aZ\
ipping to\x07\x00\x00\x00\x0aBa\
ckupMods\x01\x03\x00\x00\x00\x08\x00v\
\x00e\x00r\x00s\x08\x00\x00\x00\x00\x06\x00\x00\x00\x02\
to\x07\x00\x00\x00\x0aBackupMod\
s\x01\x03\x00\x00\x00z\x00U\x00n\x00e\x00 \x00\
e\x00r\x00r\x00e\x00u\x00r\x00 \x00s\x00\
'\x00e\x00s\x00t\x00 \x00p\x00r\x00o\x00\
d\x00u\x00i\x00t\x00e\x00 \x00l\x00o\x00\
r\x00s\x00 \x00d\x00u\x00 \x00c\x00h\x00\
a\x00n\x00g\x00e\x00m\x00e\x00n\x00t\x00\
 \x00d\x00e\x00 \x00t\x00y\x00p\x00e\x00\
 \x00d\x00e\x00 \x00m\x00o\x00d\x00 \x00\
:\x08\x00\x00\x00\x00\x06\x00\x00\x00,An er\
ror was raised w\
hile changing mo\
d type:\x07\x00\x00\x00\x0dChan\
geModType\x01\x03\x00\x00\x00\x18\x00\
I\x00n\x00s\x00t\x00a\x00l\x00l\x00a\x00\
t\x00i\x00o\x00n\x08\x00\x00\x00\x00\x06\x00\x00\x00\
\x0aInstalling\x07\x00\x00\x00\x0d\
ChangeModType\x01\x03\x00\
\x00\x00v\x00U\x00n\x00e\x00 \x00e\x00r\x00\
r\x00e\x00u\x00r\x00 \x00s\x00'\x00e\x00\
s\x00t\x00 \x00p\x00r\x00o\x00d\x00u\x00\
i\x00t\x00e\x00 \x00l\x00o\x00r\x00s\x00\
 \x00d\x00e\x00 \x00l\x00a\x00 \x00s\x00\
u\x00p\x00p\x00r\x00e\x00s\x00s\x00i\x00\
o\x00n\x00 \x00d\x00'\x00u\x00n\x00 \x00\
m\x00o\x00d\x00 \x00:\x08\x00\x00\x00\x00\x06\x00\
\x00\x00)An error was \
raised while del\
eting a mod:\x07\x00\x00\x00\
\x09DeleteMod\x01\x03\x00\x00\x00\x16\
\x00S\x00u\x00p\x00p\x00r\x00e\x00s\x00s\
\x00i\x00o\x00n\x08\x00\x00\x00\x00\x06\x00\x00\x00\x08\
Deleting\x07\x00\x00\x00\x09Del\
eteMod\x01\x03\x00\x00\x00@\x00I\x00m\
\x00p\x00o\x00s\x00s\x00i\x00b\x00l\x00e\
\x00 \x00d\x00'\x00o\x00u\x00v\x00r\x00i\
\x00r\x00 \x00l\x00e\x00 \x00p\x00r\x00o\
\x00g\x00r\x00a\x00m\x00m\x00e\x08\x00\x00\x00\
\x00\x06\x00\x00\x00\x11Could not \
open to\x07\x00\x00\x00\x0dErro\
rChecking\x01\x03\x00\x00\x00F\x00\
I\x00m\x00p\x00o\x00s\x00s\x00i\x00b\x00\
l\x00e\x00 \x00d\x00e\x00 \x00d\x00\xe9\x00\
m\x00a\x00r\x00r\x00e\x00r\x00 \x00l\x00\
e\x00 \x00p\x00r\x00o\x00g\x00r\x00a\x00\
m\x00m\x00e\x08\x00\x00\x00\x00\x06\x00\x00\x00\x17C\
ould not start p\
rogram\x07\x00\x00\x00\x0dError\
Checking\x01\x03\x00\x00\x00\x16\x00E\
\x00r\x00r\x00e\x00u\x00r\x00 \x00d\x00a\
\x00n\x00s\x08\x00\x00\x00\x00\x06\x00\x00\x00\x08Er\
ror in\x07\x00\x00\x00\x0dError\
Checking\x01\x03\x00\x00\x00\x82\x00V\
\x00e\x00u\x00i\x00l\x00l\x00e\x00z\x00 \
\x00u\x00t\x00i\x00l\x00i\x00s\x00e\x00r\
\x00 \x00l\x00e\x00 \x00c\x00h\x00e\x00m\
\x00i\x00n\x00 \x00c\x00o\x00m\x00p\x00l\
\x00e\x00t\x00 \x00d\x00u\x00 \x00p\x00r\
\x00o\x00g\x00r\x00a\x00m\x00m\x00e\x00 \
\x00q\x00u\x00e\x00 \x00v\x00o\x00u\x00s\
\x00 \x00l\x00a\x00n\x00c\x00e\x00z\x00.\
\x08\x00\x00\x00\x00\x06\x00\x00\x007Please\
 use a full path\
 to the program \
you are starting\
.\x07\x00\x00\x00\x0dErrorCheck\
ing\x01\x03\x00\x00\x00|\x00U\x00n\x00e\x00\
 \x00e\x00r\x00r\x00e\x00u\x00r\x00 \x00\
s\x00'\x00e\x00s\x00t\x00 \x00p\x00r\x00\
o\x00d\x00u\x00i\x00t\x00e\x00 \x00l\x00\
o\x00r\x00s\x00 \x00d\x00u\x00 \x00d\x00\
\xe9\x00m\x00a\x00r\x00r\x00a\x00g\x00e\x00\
 \x00d\x00'\x00u\x00n\x00 \x00o\x00u\x00\
t\x00i\x00l\x00 \x00e\x00x\x00t\x00e\x00\
r\x00n\x00e\x08\x00\x00\x00\x00\x06\x00\x00\x00-A\
n error was rais\
ed starting an e\
xternal tool\x07\x00\x00\x00\
\x0cExternalTool\x01\x03\x00\
\x00\x00b\x00\xca\x00t\x00e\x00s\x00-\x00v\x00\
o\x00u\x00s\x00 \x00s\x00\xfb\x00r\x00 \x00\
d\x00e\x00 \x00v\x00o\x00u\x00l\x00o\x00\
i\x00r\x00 \x00s\x00u\x00p\x00p\x00r\x00\
i\x00m\x00e\x00r\x00 \x00c\x00e\x00 \x00\
r\x00a\x00c\x00c\x00o\x00u\x00r\x00c\x00\
i\x00 \x00?\x08\x00\x00\x00\x00\x06\x00\x00\x00.A\
re you sure you \
want to delete t\
his shortcut?\x07\x00\x00\
\x00\x0cExternalTool\x01\x03\
\x00\x00\x00R\x00S\x00u\x00p\x00p\x00r\x00i\
\x00m\x00e\x00r\x00 \x00l\x00e\x00 \x00r\
\x00a\x00c\x00c\x00o\x00u\x00r\x00c\x00i\
\x00 \x00d\x00e\x00 \x00l\x00'\x00o\x00u\
\x00t\x00i\x00l\x00 \x00e\x00x\x00t\x00e\
\x00r\x00n\x00e\x08\x00\x00\x00\x00\x06\x00\x00\x00\x1d\
Delete external \
tool shortcut\x07\x00\x00\
\x00\x0cExternalTool\x01\x03\
\x00\x00\x00B\x00S\x00u\x00p\x00p\x00r\x00i\
\x00m\x00e\x00r\x00 \x00l\x00e\x00 \x00r\
\x00a\x00c\x00c\x00o\x00u\x00r\x00c\x00i\
\x00 \x00d\x00e\x00 \x00l\x00'\x00o\x00u\
\x00t\x00i\x00l\x08\x00\x00\x00\x00\x06\x00\x00\x00\x14\
Delete tool shor\
tcut\x07\x00\x00\x00\x0cExterna\
lTool\x01\x03\x00\x00\x00\x0c\x00E\x00r\x00\
r\x00e\x00u\x00r\x08\x00\x00\x00\x00\x06\x00\x00\x00\
\x05Error\x07\x00\x00\x00\x0cExter\
nalTool\x01\x03\x00\x00\x00\x16\x00E\x00\
x\x00\xe9\x00c\x00u\x00t\x00a\x00b\x00l\x00\
e\x00s\x08\x00\x00\x00\x00\x06\x00\x00\x00\x0bExe\
cutables\x07\x00\x00\x00\x0cExt\
ernalTool\x01\x03\x00\x00\x00H\x00\
S\x00\xe9\x00l\x00e\x00c\x00t\x00i\x00o\x00\
n\x00n\x00e\x00r\x00 \x00u\x00n\x00 \x00\
n\x00o\x00u\x00v\x00e\x00l\x00 \x00o\x00\
u\x00t\x00i\x00l\x00 \x00e\x00x\x00t\x00\
e\x00r\x00n\x00e\x08\x00\x00\x00\x00\x06\x00\x00\x00\
\x18Select new exte\
rnal tool\x07\x00\x00\x00\x0cEx\
ternalTool\x01\x03\x00\x00\x00T\
\x00R\x00\xe9\x00g\x00l\x00e\x00r\x00 \x00l\
\x00a\x00 \x00f\x00e\x00n\x00t\x00e\x00 \
\x00s\x00u\x00r\x00 \x00u\x00n\x00 \x00a\
\x00u\x00t\x00r\x00e\x00 \x00o\x00u\x00t\
\x00i\x00l\x00 \x00e\x00x\x00t\x00e\x00r\
\x00n\x00e\x08\x00\x00\x00\x00\x06\x00\x00\x00%Se\
t slot to a diff\
erent external t\
ool\x07\x00\x00\x00\x0cExternal\
Tool\x01\x03\x00\x00\x000\x00D\x00\xe9\x00m\
\x00a\x00r\x00r\x00e\x00r\x00 \x00l\x00'\
\x00o\x00u\x00t\x00i\x00l\x00 \x00e\x00x\
\x00t\x00e\x00r\x00n\x00e\x08\x00\x00\x00\x00\x06\
\x00\x00\x00\x13Start extern\
al tool\x07\x00\x00\x00\x0cExte\
rnalTool\x01\x03\x00\x00\x008\x00R\
\x00a\x00c\x00c\x00o\x00u\x00r\x00c\x00i\
\x00s\x00 \x00e\x00n\x00 \x00d\x00o\x00u\
\x00b\x00l\x00e\x00 \x00t\x00r\x00o\x00u\
\x00v\x00\xe9\x00s\x08\x00\x00\x00\x00\x06\x00\x00\x00\x19\
Duplicate shortc\
uts found\x07\x00\x00\x00\x13Ex\
ternalToolDispla\
y\x01\x03\x00\x00\x00x\x00L\x00e\x00s\x00 \x00\
r\x00a\x00c\x00c\x00o\x00u\x00r\x00c\x00\
i\x00s\x00 \x00n\x00'\x00o\x00n\x00t\x00\
 \x00p\x00a\x00s\x00 \x00\xe9\x00t\x00\xe9\x00\
 \x00a\x00j\x00o\x00u\x00t\x00\xe9\x00s\x00\
 \x00c\x00a\x00r\x00 \x00i\x00l\x00s\x00\
 \x00e\x00x\x00i\x00s\x00t\x00e\x00n\x00\
t\x00 \x00d\x00\xe9\x00j\x00\xe0\x00 \x00:\x08\
\x00\x00\x00\x00\x06\x00\x00\x004Shortcu\
ts were not adde\
d because they a\
lready exist:\x07\x00\x00\
\x00\x13ExternalToolDi\
splay\x01\x03\x00\x00\x004\x00R\x00\xe9\x00\
p\x00e\x00r\x00t\x00o\x00i\x00r\x00e\x00\
 \x00d\x00u\x00 \x00j\x00e\x00u\x00 \x00\
P\x00A\x00Y\x00D\x00A\x00Y\x00 \x002\x08\
\x00\x00\x00\x00\x06\x00\x00\x00\x17PAYDAY \
2 Game Directory\
\x07\x00\x00\x00\x10GamePathNot\
Found\x01\x03\x00\x00\x00F\x00S\x00\xe9\x00\
l\x00e\x00c\x00t\x00i\x00o\x00n\x00n\x00\
e\x00r\x00 \x00l\x00e\x00 \x00r\x00\xe9\x00\
p\x00e\x00r\x00t\x00o\x00i\x00r\x00e\x00\
 \x00P\x00A\x00Y\x00D\x00A\x00Y\x00 \x00\
2\x08\x00\x00\x00\x00\x06\x00\x00\x00\x19Selec\
t PAYDAY 2 Direc\
tory\x07\x00\x00\x00\x10GamePat\
hNotFound\x01\x03\x00\x00\x000\x00\
D\x00\xe9\x00f\x00i\x00n\x00i\x00r\x00 \x00\
l\x00e\x00 \x00c\x00h\x00e\x00m\x00i\x00\
n\x00 \x00d\x00u\x00 \x00j\x00e\x00u\x08\
\x00\x00\x00\x00\x06\x00\x00\x00\x0dSet gam\
e path\x07\x00\x00\x00\x10GameP\
athNotFound\x01\x03\x00\x00\x00\
\x12\x00S\x00u\x00p\x00p\x00r\x00i\x00m\x00\
e\x00r\x08\x00\x00\x00\x00\x06\x00\x00\x00\x06Rem\
ove\x07\x00\x00\x00\x10IgnoredM\
odsQMenu\x01\x03\x00\x00\x00\x16\x00A\
\x00 \x00p\x00r\x00o\x00p\x00o\x00s\x00 \
\x00d\x00e\x08\x00\x00\x00\x00\x06\x00\x00\x00\x05Ab\
out\x07\x00\x00\x00\x0aMainWind\
ow\x01\x03\x00\x00\x00\x18\x00G\x00e\x00s\x00t\
\x00i\x00o\x00n\x00n\x00a\x00i\x00r\x00e\
\x08\x00\x00\x00\x00\x06\x00\x00\x00\x07Manage\
r\x07\x00\x00\x00\x0aMainWindow\
\x01\x03\x00\x00\x00\x0e\x00O\x00p\x00t\x00i\x00o\
\x00n\x00s\x08\x00\x00\x00\x00\x06\x00\x00\x00\x07Op\
tions\x07\x00\x00\x00\x0aMainWi\
ndow\x01\x03\x00\x00\x00\x0e\x00P\x00r\x00o\
\x00f\x00i\x00l\x00s\x08\x00\x00\x00\x00\x06\x00\x00\
\x00\x08Profiles\x07\x00\x00\x00\x0aM\
ainWindow\x01\x03\x00\x00\x00\x0c\x00\
O\x00u\x00t\x00i\x00l\x00s\x08\x00\x00\x00\x00\
\x06\x00\x00\x00\x05Tools\x07\x00\x00\x00\x0aM\
ainWindow\x01\x03\x00\x00\x00.\x00\
V\x00\xe9\x00r\x00i\x00f\x00i\x00e\x00r\x00\
 \x00l\x00a\x00 \x00m\x00i\x00s\x00e\x00\
 \x00\xe0\x00 \x00j\x00o\x00u\x00r\x08\x00\x00\
\x00\x00\x06\x00\x00\x00\x0cCheck Upd\
ate\x07\x00\x00\x00\x0bManagerM\
enu\x01\x03\x00\x00\x00\x12\x00S\x00u\x00p\x00\
p\x00r\x00i\x00m\x00e\x00r\x08\x00\x00\x00\x00\
\x06\x00\x00\x00\x06Delete\x07\x00\x00\x00\x0b\
ManagerMenu\x01\x03\x00\x00\x00\
\x14\x00D\x00\xe9\x00s\x00a\x00c\x00t\x00i\x00\
v\x00e\x00r\x08\x00\x00\x00\x00\x06\x00\x00\x00\x07D\
isable\x07\x00\x00\x00\x0bManag\
erMenu\x01\x03\x00\x00\x00\x0e\x00A\x00c\
\x00t\x00i\x00v\x00e\x00r\x08\x00\x00\x00\x00\x06\
\x00\x00\x00\x06Enable\x07\x00\x00\x00\x0bM\
anagerMenu\x01\x03\x00\x00\x00\x0c\
\x00C\x00a\x00c\x00h\x00e\x00r\x08\x00\x00\x00\
\x00\x06\x00\x00\x00\x04Hide\x07\x00\x00\x00\x0bM\
anagerMenu\x01\x03\x00\x00\x00(\
\x00O\x00u\x00v\x00r\x00i\x00r\x00 \x00l\
\x00e\x00 \x00d\x00o\x00s\x00s\x00i\x00e\
\x00r\x00.\x00.\x00.\x08\x00\x00\x00\x00\x06\x00\x00\
\x00\x0eOpen Folder...\
\x07\x00\x00\x00\x0bManagerMenu\
\x01\x03\x00\x00\x00*\x00A\x00f\x00f\x00i\x00c\
\x00h\x00e\x00r\x00 \x00\xc9\x00t\x00i\x00q\
\x00u\x00e\x00t\x00t\x00e\x00(\x00s\x00)\
\x08\x00\x00\x00\x00\x06\x00\x00\x00\x0bView T\
ag(s)\x07\x00\x00\x00\x0bManage\
rMenu\x01\x03\x00\x00\x00\x1e\x00V\x00i\x00\
s\x00i\x00t\x00e\x00r\x00 \x00l\x00a\x00\
 \x00p\x00a\x00g\x00e\x08\x00\x00\x00\x00\x06\x00\
\x00\x00\x0aVisit Page\x07\x00\x00\
\x00\x0bManagerMenu\x01\x03\x00\
\x00\x00N\x00U\x00n\x00e\x00 \x00n\x00o\x00\
u\x00v\x00e\x00l\x00l\x00e\x00 \x00v\x00\
e\x00r\x00s\x00i\x00o\x00n\x00 \x00a\x00\
 \x00\xe9\x00t\x00\xe9\x00 \x00t\x00r\x00o\x00\
u\x00v\x00\xe9\x00e\x00 \x00p\x00o\x00u\x00\
r\x08\x00\x00\x00\x00\x06\x00\x00\x00 A new\
 version has bee\
n found for\x07\x00\x00\x00\x0d\
ModListWidget\x01\x03\x00\
\x00\x00\x12\x00D\x00\xe9\x00s\x00a\x00c\x00t\x00\
i\x00v\x00\xe9\x08\x00\x00\x00\x00\x06\x00\x00\x00\x08D\
isabled\x07\x00\x00\x00\x0dModL\
istWidget\x01\x03\x00\x00\x00\x0c\x00\
A\x00c\x00t\x00i\x00v\x00\xe9\x08\x00\x00\x00\x00\
\x06\x00\x00\x00\x07Enabled\x07\x00\x00\x00\
\x0dModListWidget\x01\x03\
\x00\x00\x00\x0a\x00L\x00o\x00c\x00a\x00l\x08\x00\
\x00\x00\x00\x06\x00\x00\x00\x05Local\x07\x00\x00\
\x00\x0dModListWidget\x01\
\x03\x00\x00\x00x\x00R\x00\xe9\x00s\x00u\x00l\x00\
t\x00a\x00t\x00s\x00 \x00d\x00e\x00 \x00\
l\x00a\x00 \x00v\x00\xe9\x00r\x00i\x00f\x00\
i\x00c\x00a\x00t\x00i\x00o\x00n\x00 \x00\
d\x00e\x00 \x00l\x00a\x00 \x00m\x00i\x00\
s\x00e\x00 \x00\xe0\x00 \x00j\x00o\x00u\x00\
r\x00 \x00d\x00e\x00 \x00l\x00a\x00 \x00\
v\x00e\x00r\x00s\x00i\x00o\x00n\x08\x00\x00\
\x00\x00\x06\x00\x00\x00\x18Mod Updat\
e Check Results\x07\
\x00\x00\x00\x0dModListWidge\
t\x01\x03\x00\x00\x00\x06\x00N\x00o\x00m\x08\x00\x00\
\x00\x00\x06\x00\x00\x00\x04Name\x07\x00\x00\x00\x0d\
ModListWidget\x01\x03\x00\
\x00\x00 \x00T\x00y\x00p\x00e\x00 \x00d\x00\
'\x00\xe9\x00t\x00i\x00q\x00u\x00e\x00t\x00\
t\x00e\x08\x00\x00\x00\x00\x06\x00\x00\x00\x04Typ\
e\x07\x00\x00\x00\x0dModListWid\
get\x01\x03\x00\x00\x00\x0e\x00V\x00e\x00r\x00\
s\x00i\x00o\x00n\x08\x00\x00\x00\x00\x06\x00\x00\x00\
\x07Version\x07\x00\x00\x00\x0dMod\
ListWidget\x01\x03\x00\x00\x00\x14\
\x00e\x00s\x00t\x00 \x00\xe0\x00 \x00j\x00o\
\x00u\x00r\x08\x00\x00\x00\x00\x06\x00\x00\x00\x0dis\
 up to date\x07\x00\x00\x00\x0d\
ModListWidget\x01\x03\x00\
\x00\x00n\x00U\x00n\x00e\x00 \x00e\x00r\x00\
r\x00e\x00u\x00r\x00 \x00s\x00'\x00e\x00\
s\x00t\x00 \x00p\x00r\x00o\x00d\x00u\x00\
i\x00t\x00e\x00 \x00l\x00o\x00r\x00s\x00\
 \x00d\x00u\x00 \x00d\x00\xe9\x00m\x00a\x00\
r\x00r\x00a\x00g\x00e\x00 \x00d\x00e\x00\
 \x00P\x00A\x00Y\x00D\x00A\x00Y\x00 \x00\
2\x08\x00\x00\x00\x00\x06\x00\x00\x00)An er\
ror occured tryi\
ng to start PAYD\
AY 2\x07\x00\x00\x00\x0aModMana\
ger\x01\x03\x00\x00\x00^\x00I\x00m\x00p\x00\
o\x00s\x00s\x00i\x00b\x00l\x00e\x00 \x00\
d\x00e\x00 \x00d\x00\xe9\x00m\x00a\x00r\x00\
r\x00e\x00r\x00 \x00P\x00A\x00Y\x00D\x00\
A\x00Y\x00 \x002\x00 \x00\xe0\x00 \x00p\x00\
a\x00r\x00t\x00i\x00r\x00 \x00d\x00e\x00\
 \x00M\x00M\x00M\x08\x00\x00\x00\x00\x06\x00\x00\x00\
!Could not start\
 PAYDAY 2 from M\
MM\x07\x00\x00\x00\x0aModManage\
r\x01\x03\x00\x00\x006\x00O\x00u\x00v\x00r\x00\
i\x00r\x00 \x00l\x00e\x00 \x00r\x00\xe9\x00\
p\x00e\x00r\x00t\x00o\x00i\x00r\x00e\x00\
 \x00d\x00u\x00 \x00j\x00e\x00u\x08\x00\x00\
\x00\x00\x06\x00\x00\x00\x13Open Game\
 Directory\x07\x00\x00\x00\x0aM\
odManager\x01\x03\x00\x00\x004\x00\
L\x00e\x00 \x00c\x00h\x00e\x00m\x00i\x00\
n\x00 \x00n\x00'\x00e\x00s\x00t\x00 \x00\
p\x00a\x00s\x00 \x00a\x00b\x00s\x00o\x00\
l\x00u\x08\x00\x00\x00\x00\x06\x00\x00\x00\x14Pat\
h is not absolut\
e\x07\x00\x00\x00\x0aModManager\
\x01\x03\x00\x00\x00&\x00R\x00a\x00f\x00r\x00a\
\x00\xee\x00c\x00h\x00i\x00r\x00 \x00l\x00e\
\x00s\x00 \x00m\x00o\x00d\x00s\x08\x00\x00\x00\
\x00\x06\x00\x00\x00\x0cRefresh Mo\
ds\x07\x00\x00\x00\x0aModManage\
r\x01\x03\x00\x00\x00\xec\x00R\x00e\x00c\x00h\x00\
e\x00r\x00c\x00h\x00e\x00.\x00.\x00.\x00\
 \x00u\x00t\x00i\x00l\x00i\x00s\x00e\x00\
z\x00 \x00\xab\x00 \x00t\x00a\x00g\x00 \x00\
:\x00 \x00\xbb\x00 \x00s\x00a\x00n\x00s\x00\
 \x00e\x00s\x00p\x00a\x00c\x00e\x00 \x00\
p\x00o\x00u\x00r\x00 \x00r\x00e\x00c\x00\
h\x00e\x00r\x00c\x00h\x00e\x00r\x00 \x00\
d\x00e\x00s\x00 \x00t\x00a\x00g\x00s\x00\
,\x00 \x00u\x00t\x00i\x00l\x00i\x00s\x00\
e\x00z\x00 \x00u\x00n\x00e\x00 \x00v\x00\
i\x00r\x00g\x00u\x00l\x00e\x00 \x00\xab\x00\
 \x00,\x00 \x00\xbb\x00 \x00p\x00o\x00u\x00\
r\x00 \x00s\x00\xe9\x00p\x00a\x00r\x00e\x00\
r\x00 \x00l\x00e\x00s\x00 \x00t\x00a\x00\
g\x00s\x08\x00\x00\x00\x00\x06\x00\x00\x00XSea\
rch... use \x22tag:\
\x22 with no spaces\
 to search for t\
ags, use a comma\
 \x22,\x22 to seperate\
 tags\x07\x00\x00\x00\x0aModMan\
ager\x01\x03\x00\x00\x00$\x00C\x00o\x00m\
\x00m\x00e\x00n\x00c\x00e\x00r\x00 \x00P\
\x00A\x00Y\x00D\x00A\x00Y\x00 \x002\x08\x00\
\x00\x00\x00\x06\x00\x00\x00\x0eStart PA\
YDAY 2\x07\x00\x00\x00\x0aModMa\
nager\x01\x03\x00\x00\x00\x14\x00T\x00o\x00\
t\x00a\x00l\x00 \x00M\x00o\x00d\x00s\x08\
\x00\x00\x00\x00\x06\x00\x00\x00\x0aTotal M\
ods\x07\x00\x00\x00\x0aModManag\
er\x01\x03\x00\x00\x00z\x00U\x00n\x00e\x00 \
\x00e\x00r\x00r\x00e\x00u\x00r\x00 \x00s\
\x00'\x00e\x00s\x00t\x00 \x00p\x00r\x00o\
\x00d\x00u\x00i\x00t\x00e\x00 \x00l\x00o\
\x00r\x00s\x00 \x00d\x00e\x00 \x00l\x00a\
\x00 \x00d\x00\xe9\x00s\x00a\x00c\x00t\x00i\
\x00v\x00a\x00t\x00i\x00o\x00n\x00 \x00d\
\x00'\x00u\x00n\x00 \x00m\x00o\x00d\x00 \
\x00:\x08\x00\x00\x00\x00\x06\x00\x00\x00'An e\
rror occured whi\
le disabling a m\
od:\x07\x00\x00\x00\x11MoveToDi\
sabledDir\x01\x03\x00\x00\x00\x1a\x00\
D\x00\xe9\x00s\x00a\x00c\x00t\x00i\x00v\x00\
a\x00t\x00i\x00o\x00n\x08\x00\x00\x00\x00\x06\x00\
\x00\x00\x09Disabling\x07\x00\x00\x00\
\x11MoveToDisabledD\
ir\x01\x03\x00\x00\x00r\x00U\x00n\x00e\x00 \
\x00e\x00r\x00r\x00e\x00u\x00r\x00 \x00s\
\x00'\x00e\x00s\x00t\x00 \x00p\x00r\x00o\
\x00d\x00u\x00i\x00t\x00e\x00 \x00l\x00o\
\x00r\x00s\x00 \x00d\x00e\x00 \x00l\x00'\
\x00a\x00c\x00t\x00i\x00v\x00a\x00t\x00i\
\x00o\x00n\x00 \x00d\x00'\x00u\x00n\x00 \
\x00m\x00o\x00d\x00 \x00:\x08\x00\x00\x00\x00\x06\
\x00\x00\x00&An error occ\
ured while enabl\
ing a mod:\x07\x00\x00\x00\x13M\
oveToEnabledModD\
ir\x01\x03\x00\x00\x00\x14\x00A\x00c\x00t\x00i\
\x00v\x00a\x00t\x00i\x00o\x00n\x08\x00\x00\x00\
\x00\x06\x00\x00\x00\x08Enabling\x07\x00\
\x00\x00\x13MoveToEnabled\
ModDir\x01\x03\x00\x00\x00\x12\x00A\x00p\
\x00p\x00l\x00i\x00q\x00u\x00e\x00r\x08\x00\
\x00\x00\x00\x06\x00\x00\x00\x05Apply\x07\x00\x00\
\x00\x07Options\x01\x03\x00\x00\x00\x0e\x00\
A\x00n\x00n\x00u\x00l\x00e\x00r\x08\x00\x00\
\x00\x00\x06\x00\x00\x00\x06Cancel\x07\x00\x00\
\x00\x07Options\x01\x03\x00\x00\x00\x0e\x00\
G\x00\xe9\x00n\x00\xe9\x00r\x00a\x00l\x08\x00\x00\
\x00\x00\x06\x00\x00\x00\x07General\x07\x00\
\x00\x00\x07Options\x01\x03\x00\x00\x00\x1a\
\x00M\x00o\x00d\x00e\x00s\x00 \x00i\x00g\
\x00n\x00o\x00r\x00\xe9\x00s\x08\x00\x00\x00\x00\x06\
\x00\x00\x00\x0cIgnored Mods\
\x07\x00\x00\x00\x07Options\x01\x03\x00\x00\
\x00\x0c\x00D\x00i\x00v\x00e\x00r\x00s\x08\x00\
\x00\x00\x00\x06\x00\x00\x00\x04Misc\x07\x00\x00\x00\
\x07Options\x01\x03\x00\x00\x00\x14\x00R\
\x00a\x00c\x00c\x00o\x00u\x00r\x00c\x00i\
\x00s\x08\x00\x00\x00\x00\x06\x00\x00\x00\x09Shor\
tcuts\x07\x00\x00\x00\x07Option\
s\x01\x03\x00\x00\x006\x00R\x00e\x00c\x00h\x00\
e\x00r\x00c\x00h\x00e\x00r\x00 \x00d\x00\
e\x00s\x00 \x00m\x00i\x00s\x00e\x00s\x00\
 \x00\xe0\x00 \x00j\x00o\x00u\x00r\x08\x00\x00\
\x00\x00\x06\x00\x00\x00\x11Check for\
 updates\x07\x00\x00\x00\x0eOpt\
ionsGeneral\x01\x03\x00\x00\x00\
\x16\x00V\x00\xe9\x00r\x00i\x00f\x00i\x00e\x00\
r\x00.\x00.\x00.\x08\x00\x00\x00\x00\x06\x00\x00\x00\
\x0bChecking...\x07\x00\x00\x00\
\x0eOptionsGeneral\x01\
\x03\x00\x00\x00 \x00T\x00h\x00\xe8\x00m\x00e\x00\
 \x00d\x00e\x00 \x00c\x00o\x00u\x00l\x00\
e\x00u\x00r\x08\x00\x00\x00\x00\x06\x00\x00\x00\x0bC\
olor Theme\x07\x00\x00\x00\x0eO\
ptionsGeneral\x01\x03\x00\
\x00\x00\x0a\x00F\x00o\x00n\x00c\x00\xe9\x08\x00\x00\
\x00\x00\x06\x00\x00\x00\x04Dark\x07\x00\x00\x00\x0e\
OptionsGeneral\x01\x03\
\x00\x00\x008\x00C\x00h\x00e\x00m\x00i\x00n\
\x00 \x00d\x00e\x00s\x00 \x00m\x00o\x00d\
\x00s\x00 \x00d\x00\xe9\x00s\x00a\x00c\x00t\
\x00i\x00v\x00\xe9\x00s\x00 \x00:\x08\x00\x00\x00\
\x00\x06\x00\x00\x00\x13Disabled M\
ods Path:\x07\x00\x00\x00\x0eOp\
tionsGeneral\x01\x03\x00\x00\
\x00n\x00E\x00r\x00r\x00e\x00u\x00r\x00 \
\x00:\x00 \x00V\x00\xe9\x00r\x00i\x00f\x00i\
\x00e\x00r\x00 \x00l\x00e\x00s\x00 \x00j\
\x00o\x00u\x00r\x00n\x00a\x00u\x00x\x00 \
\x00p\x00o\x00u\x00r\x00 \x00p\x00l\x00u\
\x00s\x00 \x00d\x00'\x00i\x00n\x00f\x00o\
\x00r\x00m\x00a\x00t\x00i\x00o\x00n\x00s\
\x08\x00\x00\x00\x00\x06\x00\x00\x00\x1fError:\
 Check logs for \
more info\x07\x00\x00\x00\x0eOp\
tionsGeneral\x01\x03\x00\x00\
\x00\x0e\x00G\x00\xe9\x00n\x00\xe9\x00r\x00a\x00l\
\x08\x00\x00\x00\x00\x06\x00\x00\x00\x07Genera\
l\x07\x00\x00\x00\x0eOptionsGen\
eral\x01\x03\x00\x00\x00\x10\x00L\x00a\x00n\
\x00g\x00u\x00e\x00 \x00:\x08\x00\x00\x00\x00\x06\
\x00\x00\x00\x09Language:\x07\x00\x00\
\x00\x0eOptionsGeneral\
\x01\x03\x00\x00\x00\x0a\x00C\x00l\x00a\x00i\x00r\
\x08\x00\x00\x00\x00\x06\x00\x00\x00\x05Light\x07\
\x00\x00\x00\x0eOptionsGener\
al\x01\x03\x00\x00\x002\x00P\x00a\x00y\x00d\
\x00a\x00y\x00 \x002\x00 \x00G\x00a\x00m\
\x00e\x00 \x00D\x00i\x00r\x00e\x00c\x00t\
\x00o\x00r\x00y\x00 \x00:\x08\x00\x00\x00\x00\x06\
\x00\x00\x00\x18Payday 2 Gam\
e Directory:\x07\x00\x00\x00\
\x0eOptionsGeneral\x01\
\x03\x00\x00\x00\x10\x00A\x00 \x00j\x00o\x00u\x00\
r\x00 \x00!\x08\x00\x00\x00\x00\x06\x00\x00\x00\x0bU\
p to date!\x07\x00\x00\x00\x0eO\
ptionsGeneral\x01\x03\x00\
\x00\x00F\x00A\x00l\x00e\x00r\x00t\x00e\x00\
s\x00 \x00d\x00e\x00 \x00m\x00i\x00s\x00\
e\x00 \x00\xe0\x00 \x00j\x00o\x00u\x00r\x00\
 \x00a\x00u\x00 \x00d\x00\xe9\x00m\x00a\x00\
r\x00r\x00a\x00g\x00e\x08\x00\x00\x00\x00\x06\x00\
\x00\x00\x18Update alerts\
 on startup\x07\x00\x00\x00\x0e\
OptionsGeneral\x01\x03\
\x00\x00\x00\x18\x00M\x00i\x00s\x00e\x00s\x00 \
\x00\xe0\x00 \x00j\x00o\x00u\x00r\x08\x00\x00\x00\
\x00\x06\x00\x00\x00\x07Updates\x07\x00\x00\
\x00\x0eOptionsGeneral\
\x01\x03\x00\x00\x00\x1a\x00M\x00o\x00d\x00s\x00 \
\x00c\x00a\x00c\x00h\x00\xe9\x00s\x00 \x00:\
\x08\x00\x00\x00\x00\x06\x00\x00\x00\x0cHidden\
 Mods:\x07\x00\x00\x00\x12Optio\
nsIgnoredMods\x01\x03\x00\
\x00\x00&\x00S\x00a\x00u\x00v\x00e\x00g\x00\
a\x00r\x00d\x00e\x00 \x00d\x00e\x00s\x00\
 \x00m\x00o\x00d\x00s\x08\x00\x00\x00\x00\x06\x00\
\x00\x00\x0bBackup Mods\x07\x00\
\x00\x00\x0bOptionsMisc\x01\x03\
\x00\x00\x00\x8c\x00C\x00o\x00p\x00i\x00e\x00 \
\x00e\x00t\x00 \x00c\x00o\x00m\x00p\x00r\
\x00e\x00s\x00s\x00e\x00 \x00t\x00o\x00u\
\x00s\x00 \x00t\x00e\x00s\x00 \x00m\x00o\
\x00d\x00s\x00 \x00d\x00a\x00n\x00s\x00 \
\x00l\x00e\x00 \x00d\x00o\x00s\x00s\x00i\
\x00e\x00r\x00 \x00d\x00'\x00i\x00n\x00s\
\x00t\x00a\x00l\x00l\x00a\x00t\x00i\x00o\
\x00n\x00 \x00d\x00e\x00 \x00M\x00M\x00M\
\x08\x00\x00\x00\x00\x06\x00\x00\x00CCopies\
 and compresses \
all of your mods\
 to MMM's instal\
lation folder\x07\x00\x00\
\x00\x0bOptionsMisc\x01\x03\x00\
\x00\x00\x0c\x00D\x00i\x00v\x00e\x00r\x00s\x08\
\x00\x00\x00\x00\x06\x00\x00\x00\x04Misc\x07\x00\x00\
\x00\x0bOptionsMisc\x01\x03\x00\
\x00\x00b\x00M\x00y\x00t\x00h\x00 \x00M\x00\
o\x00d\x00 \x00M\x00a\x00n\x00a\x00g\x00\
e\x00r\x00 \x00:\x00 \x00V\x00a\x00n\x00\
i\x00l\x00l\x00a\x00 \x00c\x00r\x00a\x00\
s\x00h\x00 \x00l\x00o\x00g\x00s\x00 \x00\
u\x00n\x00s\x00u\x00p\x00p\x00o\x00r\x00\
t\x00e\x00d\x08\x00\x00\x00\x00\x06\x00\x00\x000M\
yth Mod Manager:\
 Vanilla crash l\
ogs unsupported\x07\
\x00\x00\x00\x0bOptionsMisc\x01\
\x03\x00\x00\x00$\x00O\x00p\x00e\x00n\x00 \x00\
C\x00r\x00a\x00s\x00h\x00 \x00L\x00o\x00\
g\x00s\x00.\x00.\x00.\x08\x00\x00\x00\x00\x06\x00\
\x00\x00\x12Open Crash Lo\
gs...\x07\x00\x00\x00\x0bOption\
sMisc\x01\x03\x00\x00\x00,\x00O\x00p\x00\
e\x00n\x00 \x00M\x00o\x00d\x00 \x00C\x00\
r\x00a\x00s\x00h\x00 \x00L\x00o\x00g\x00\
s\x00.\x00.\x00.\x08\x00\x00\x00\x00\x06\x00\x00\x00\
\x16Open Mod Crash \
Logs...\x07\x00\x00\x00\x0bOpti\
onsMisc\x01\x03\x00\x00\x00b\x00O\x00\
u\x00v\x00r\x00e\x00 \x00l\x00e\x00 \x00\
r\x00\xe9\x00p\x00e\x00r\x00t\x00o\x00i\x00\
r\x00e\x00 \x00d\x00e\x00 \x00c\x00r\x00\
a\x00s\x00h\x00 \x00l\x00o\x00g\x00s\x00\
 \x00u\x00t\x00i\x00l\x00i\x00s\x00\xe9\x00\
 \x00p\x00a\x00r\x00 \x00B\x00L\x00T\x08\
\x00\x00\x00\x00\x06\x00\x00\x00+Opens t\
he crash log dir\
ectory that BLT \
uses\x07\x00\x00\x00\x0bOptions\
Misc\x01\x03\x00\x00\x00|\x00O\x00u\x00v\
\x00r\x00e\x00 \x00l\x00e\x00 \x00r\x00\xe9\
\x00p\x00e\x00r\x00t\x00o\x00i\x00r\x00e\
\x00 \x00d\x00e\x00 \x00c\x00r\x00a\x00s\
\x00h\x00 \x00l\x00o\x00g\x00s\x00 \x00u\
\x00t\x00i\x00l\x00i\x00s\x00\xe9\x00 \x00p\
\x00a\x00r\x00 \x00P\x00a\x00y\x00d\x00a\
\x00y\x00 \x002\x00 \x00v\x00a\x00n\x00i\
\x00l\x00l\x00e\x08\x00\x00\x00\x00\x06\x00\x00\x006\
Opens the crash \
log directory us\
ed by vanilla Pa\
yday 2\x07\x00\x00\x00\x0bOptio\
nsMisc\x01\x03\x00\x00\x00v\x00O\x00v\
\x00e\x00r\x00k\x00i\x00l\x00l\x00 \x00n\
\x00'\x00a\x00 \x00p\x00a\x00s\x00 \x00i\
\x00m\x00p\x00l\x00\xe9\x00m\x00e\x00n\x00t\
\x00\xe9\x00 \x00u\x00n\x00 \x00c\x00r\x00a\
\x00s\x00h\x00 \x00l\x00o\x00g\x00 \x00v\
\x00a\x00n\x00i\x00l\x00l\x00e\x00 \x00p\
\x00o\x00u\x00r\x00 \x00l\x00i\x00n\x00u\
\x00x\x08\x00\x00\x00\x00\x06\x00\x00\x008Over\
kill did not imp\
lement a vanilla\
 crash log for l\
inux\x07\x00\x00\x00\x0bOptions\
Misc\x01\x03\x00\x00\x004\x00C\x00h\x00a\
\x00n\x00g\x00e\x00r\x00 \x00l\x00e\x00 \
\x00n\x00o\x00m\x00 \x00d\x00u\x00 \x00p\
\x00r\x00o\x00f\x00i\x00l\x00 \x00:\x08\x00\
\x00\x00\x00\x06\x00\x00\x00\x14Change P\
rofile Name:\x07\x00\x00\x00\
\x10OptionsShortcut\
s\x01\x03\x00\x00\x00>\x00S\x00u\x00p\x00p\x00\
r\x00i\x00m\x00e\x00r\x00 \x00u\x00n\x00\
 \x00m\x00o\x00d\x00 \x00o\x00u\x00 \x00\
u\x00n\x00 \x00p\x00r\x00o\x00f\x00i\x00\
l\x00 \x00:\x08\x00\x00\x00\x00\x06\x00\x00\x00\x16D\
elete Mod or Pro\
file:\x07\x00\x00\x00\x10Option\
sShortcuts\x01\x03\x00\x00\x00*\
\x00D\x00\xe9\x00s\x00\xe9\x00l\x00e\x00c\x00t\
\x00i\x00o\x00n\x00n\x00e\x00r\x00 \x00t\
\x00o\x00u\x00t\x00 \x00:\x08\x00\x00\x00\x00\x06\
\x00\x00\x00\x0dDeselect All\
:\x07\x00\x00\x00\x10OptionsSho\
rtcuts\x01\x03\x00\x00\x00&\x00S\x00\xe9\
\x00l\x00e\x00c\x00t\x00i\x00o\x00n\x00n\
\x00e\x00r\x00 \x00t\x00o\x00u\x00t\x00 \
\x00:\x08\x00\x00\x00\x00\x06\x00\x00\x00\x0bSele\
ct All:\x07\x00\x00\x00\x10Opti\
onsShortcuts\x01\x03\x00\x00\
\x00\x14\x00R\x00a\x00c\x00c\x00o\x00u\x00r\
\x00c\x00i\x00s\x08\x00\x00\x00\x00\x06\x00\x00\x00\x09\
Shortcuts\x07\x00\x00\x00\x10Op\
tionsShortcuts\x01\x03\
\x00\x00\x00f\x00C\x00h\x00a\x00n\x00g\x00e\
\x00r\x00 \x00d\x00'\x00o\x00n\x00g\x00l\
\x00e\x00t\x00 \x00:\x00 \x00F\x00l\x00\xe8\
\x00c\x00h\x00e\x00 \x00\xe0\x00 \x00g\x00a\
\x00u\x00c\x00h\x00e\x00,\x00 \x00F\x00l\
\x00\xe8\x00c\x00h\x00e\x00 \x00\xe0\x00 \x00d\
\x00r\x00o\x00i\x00t\x00e\x08\x00\x00\x00\x00\x06\
\x00\x00\x00$Switch tabs:\
 Arrow left, Arr\
ow right\x07\x00\x00\x00\x10Opt\
ionsShortcuts\x01\x03\x00\
\x00\x00L\x00U\x00n\x00 \x00p\x00r\x00o\x00\
f\x00i\x00l\x00 \x00p\x00o\x00r\x00t\x00\
a\x00n\x00t\x00 \x00c\x00e\x00 \x00n\x00\
o\x00m\x00 \x00e\x00x\x00i\x00s\x00t\x00\
e\x00 \x00d\x00\xe9\x00j\x00\xe0\x00 \x00:\x08\
\x00\x00\x00\x00\x06\x00\x00\x00(A profi\
le with that nam\
e already exists\
:\x07\x00\x00\x00\x0bProfileLis\
t\x01\x03\x00\x00\x00@\x00E\x00r\x00r\x00e\x00\
u\x00r\x00 \x00:\x00 \x00N\x00o\x00m\x00\
 \x00d\x00e\x00 \x00p\x00r\x00o\x00f\x00\
i\x00l\x00 \x00e\x00n\x00 \x00d\x00o\x00\
u\x00b\x00l\x00e\x08\x00\x00\x00\x00\x06\x00\x00\x00\
\x1dError: Duplicat\
e profile name\x07\x00\
\x00\x00\x0bProfileList\x01\x03\
\x00\x00\x00\x1c\x00N\x00o\x00m\x00b\x00r\x00e\
\x00 \x00d\x00e\x00 \x00m\x00o\x00d\x00s\
\x08\x00\x00\x00\x00\x06\x00\x00\x00\x09Mod Co\
unt\x07\x00\x00\x00\x0bProfileL\
ist\x01\x03\x00\x00\x00.\x00N\x00o\x00u\x00\
v\x00e\x00a\x00u\x00 \x00n\x00o\x00m\x00\
 \x00d\x00e\x00 \x00p\x00r\x00o\x00f\x00\
i\x00l\x00 \x00:\x08\x00\x00\x00\x00\x06\x00\x00\x00\
\x11New profile nam\
e:\x07\x00\x00\x00\x0bProfileLi\
st\x01\x03\x00\x00\x00\x0c\x00P\x00r\x00o\x00f\
\x00i\x00l\x08\x00\x00\x00\x00\x06\x00\x00\x00\x07Pr\
ofile\x07\x00\x00\x00\x0bProfil\
eList\x01\x03\x00\x00\x00 \x00A\x00j\x00\
o\x00u\x00t\x00e\x00r\x00 \x00d\x00e\x00\
s\x00 \x00M\x00o\x00d\x00s\x08\x00\x00\x00\x00\
\x06\x00\x00\x00\x08Add Mods\x07\x00\x00\
\x00\x0bProfileMenu\x01\x03\x00\
\x00\x00\x22\x00A\x00j\x00o\x00u\x00t\x00e\x00\
r\x00 \x00u\x00n\x00 \x00p\x00r\x00o\x00\
f\x00i\x00l\x08\x00\x00\x00\x00\x06\x00\x00\x00\x0bA\
dd Profile\x07\x00\x00\x00\x0bP\
rofileMenu\x01\x03\x00\x00\x00&\
\x00A\x00p\x00p\x00l\x00i\x00q\x00u\x00e\
\x00r\x00 \x00l\x00e\x00 \x00p\x00r\x00o\
\x00f\x00i\x00l\x08\x00\x00\x00\x00\x06\x00\x00\x00\x0d\
Apply Profile\x07\x00\x00\
\x00\x0bProfileMenu\x01\x03\x00\
\x00\x002\x00M\x00o\x00d\x00i\x00f\x00i\x00\
e\x00r\x00 \x00l\x00e\x00 \x00n\x00o\x00\
m\x00 \x00d\x00u\x00 \x00p\x00r\x00o\x00\
f\x00i\x00l\x08\x00\x00\x00\x00\x06\x00\x00\x00\x13C\
hange Profile Na\
me\x07\x00\x00\x00\x0bProfileMe\
nu\x01\x03\x00\x00\x00 \x00C\x00o\x00p\x00i\
\x00e\x00r\x00 \x00l\x00e\x00 \x00p\x00r\
\x00o\x00f\x00i\x00l\x08\x00\x00\x00\x00\x06\x00\x00\
\x00\x0cCopy Profile\x07\x00\
\x00\x00\x0bProfileMenu\x01\x03\
\x00\x00\x006\x00C\x00o\x00p\x00i\x00e\x00r\
\x00 \x00l\x00e\x00(\x00s\x00)\x00 \x00m\
\x00o\x00d\x00(\x00s\x00)\x00 \x00d\x00a\
\x00n\x00s\x00.\x00.\x00.\x08\x00\x00\x00\x00\x06\
\x00\x00\x00\x11Copy mod(s) \
to...\x07\x00\x00\x00\x0bProfil\
eMenu\x01\x03\x00\x00\x00 \x00S\x00u\x00\
p\x00p\x00r\x00i\x00m\x00e\x00r\x00 \x00\
u\x00n\x00 \x00m\x00o\x00d\x08\x00\x00\x00\x00\
\x06\x00\x00\x00\x0aRemove Mod\x07\
\x00\x00\x00\x0bProfileMenu\x01\
\x03\x00\x00\x00&\x00S\x00u\x00p\x00p\x00r\x00\
i\x00m\x00e\x00r\x00 \x00u\x00n\x00 \x00\
p\x00r\x00o\x00f\x00i\x00l\x08\x00\x00\x00\x00\
\x06\x00\x00\x00\x0eRemove Prof\
ile\x07\x00\x00\x00\x0bProfileM\
enu\x01\x03\x00\x00\x00<\x00A\x00n\x00n\x00\
u\x00l\x00\xe9\x00,\x00 \x00q\x00u\x00i\x00\
t\x00t\x00e\x00r\x00 \x00p\x00o\x00u\x00\
r\x00 \x00c\x00o\x00n\x00t\x00i\x00n\x00\
u\x00e\x00r\x08\x00\x00\x00\x00\x06\x00\x00\x00\x1aC\
anceled, exit to\
 continue\x07\x00\x00\x00\x0ePr\
ogressWidget\x01\x03\x00\x00\
\x00\x12\x00T\x00e\x00r\x00m\x00i\x00n\x00\xe9\
\x00 \x00!\x08\x00\x00\x00\x00\x06\x00\x00\x00\x05Do\
ne!\x07\x00\x00\x00\x0eProgress\
Widget\x01\x03\x00\x00\x00,\x00Q\x00u\
\x00i\x00t\x00t\x00e\x00r\x00 \x00p\x00o\
\x00u\x00r\x00 \x00c\x00o\x00n\x00t\x00i\
\x00n\x00u\x00e\x00r\x08\x00\x00\x00\x00\x06\x00\x00\
\x00\x10Exit to contin\
ue\x07\x00\x00\x00\x0eProgressW\
idget\x01\x03\x00\x00\x00*\x00M\x00y\x00\
t\x00h\x00 \x00M\x00o\x00d\x00 \x00M\x00\
a\x00n\x00a\x00g\x00e\x00r\x00 \x00T\x00\
a\x00s\x00k\x08\x00\x00\x00\x00\x06\x00\x00\x00\x15M\
yth Mod Manager \
Task\x07\x00\x00\x00\x0eProgres\
sWidget\x01\x03\x00\x00\x00 \x00M\x00\
o\x00d\x00s\x00 \x00\xe0\x00 \x00a\x00j\x00\
o\x00u\x00t\x00e\x00r\x00 \x00:\x08\x00\x00\
\x00\x00\x06\x00\x00\x00\x11Mods to b\
e added:\x07\x00\x00\x00\x09Sel\
ectMod\x01\x03\x00\x00\x00\xec\x00R\x00e\
\x00c\x00h\x00e\x00r\x00c\x00h\x00e\x00.\
\x00.\x00.\x00 \x00u\x00t\x00i\x00l\x00i\
\x00s\x00e\x00z\x00 \x00\xab\x00 \x00t\x00a\
\x00g\x00 \x00:\x00 \x00\xbb\x00 \x00s\x00a\
\x00n\x00s\x00 \x00e\x00s\x00p\x00a\x00c\
\x00e\x00 \x00p\x00o\x00u\x00r\x00 \x00r\
\x00e\x00c\x00h\x00e\x00r\x00c\x00h\x00e\
\x00r\x00 \x00l\x00e\x00s\x00 \x00t\x00a\
\x00g\x00s\x00,\x00 \x00u\x00t\x00i\x00l\
\x00i\x00s\x00e\x00z\x00 \x00u\x00n\x00e\
\x00 \x00v\x00i\x00r\x00g\x00u\x00l\x00e\
\x00 \x00\xab\x00 \x00,\x00 \x00\xbb\x00 \x00p\
\x00o\x00u\x00r\x00 \x00s\x00\xe9\x00p\x00a\
\x00r\x00e\x00r\x00 \x00l\x00e\x00s\x00 \
\x00t\x00a\x00g\x00s\x08\x00\x00\x00\x00\x06\x00\x00\
\x00XSearch... use \
\x22tag:\x22 with no s\
paces to search \
for tags, use a \
comma \x22,\x22 to sep\
erate tags\x07\x00\x00\x00\x09S\
electMod\x01\x03\x00\x00\x00P\x00P\
\x00r\x00o\x00f\x00i\x00l\x00 \x00d\x00a\
\x00n\x00s\x00 \x00l\x00e\x00q\x00u\x00e\
\x00l\x00 \x00c\x00o\x00p\x00i\x00e\x00r\
\x00 \x00l\x00e\x00(\x00s\x00)\x00 \x00m\
\x00o\x00d\x00(\x00s\x00)\x00 \x00:\x08\x00\
\x00\x00\x00\x06\x00\x00\x00\x1aProfile \
to copy mod(s) t\
o:\x07\x00\x00\x00\x0dSelectPro\
file\x01\x03\x00\x00\x00\x1a\x00R\x00e\x00c\
\x00h\x00e\x00r\x00c\x00h\x00e\x00r\x00.\
\x00.\x00.\x08\x00\x00\x00\x00\x06\x00\x00\x00\x09Se\
arch...\x07\x00\x00\x00\x0dSele\
ctProfile\x01\x03\x00\x00\x00\x06\x00\
N\x00o\x00m\x08\x00\x00\x00\x00\x06\x00\x00\x00\x04N\
ame\x07\x00\x00\x00\x0aTagDispl\
ay\x01\x03\x00\x00\x00\x0e\x00B\x00a\x00l\x00i\
\x00s\x00e\x00s\x08\x00\x00\x00\x00\x06\x00\x00\x00\x04\
Tags\x07\x00\x00\x00\x0aTagDisp\
lay\x01\x03\x00\x00\x00*\x00A\x00j\x00o\x00\
u\x00t\x00e\x00r\x00 \x00u\x00n\x00 \x00\
t\x00a\x00g\x00 \x00a\x00u\x00 \x00m\x00\
o\x00d\x08\x00\x00\x00\x00\x06\x00\x00\x00\x0eAdd\
 tag to mod\x07\x00\x00\x00\x0a\
TagHandler\x01\x03\x00\x00\x00@\
\x00S\x00u\x00p\x00p\x00r\x00i\x00m\x00e\
\x00r\x00 \x00u\x00n\x00e\x00 \x00b\x00a\
\x00l\x00i\x00s\x00e\x00 \x00d\x00'\x00u\
\x00n\x00 \x00m\x00o\x00d\x00u\x00l\x00e\
\x08\x00\x00\x00\x00\x06\x00\x00\x00\x13Remove\
 tag from mod\x07\x00\x00\
\x00\x0aTagHandler\x01\x03\x00\x00\
\x00\x80\x00P\x00o\x00u\x00r\x00 \x00s\x00p\
\x00\xe9\x00c\x00i\x00f\x00i\x00e\x00r\x00 \
\x00p\x00l\x00u\x00s\x00i\x00e\x00u\x00r\
\x00s\x00 \x00t\x00a\x00g\x00s\x00,\x00 \
\x00s\x00\xe9\x00p\x00a\x00r\x00e\x00z\x00-\
\x00l\x00e\x00s\x00 \x00p\x00a\x00r\x00 \
\x00u\x00n\x00e\x00 \x00v\x00i\x00r\x00g\
\x00u\x00l\x00e\x00 \x00\xab\x00 \x00,\x00 \
\x00\xbb\x08\x00\x00\x00\x00\x06\x00\x00\x007To s\
pecify multiple \
tags seperate th\
em with a comma \
\x22,\x22\x07\x00\x00\x00\x0aTagHandl\
er\x01\x03\x00\x00\x00N\x00(\x00C\x00e\x00t\
\x00t\x00e\x00 \x00a\x00c\x00t\x00i\x00o\
\x00n\x00 \x00n\x00e\x00 \x00p\x00e\x00u\
\x00t\x00 \x00p\x00a\x00s\x00 \x00\xea\x00t\
\x00r\x00e\x00 \x00a\x00n\x00n\x00u\x00l\
\x00\xe9\x00e\x00)\x08\x00\x00\x00\x00\x06\x00\x00\x00 \
(This action can\
not be reversed)\
\x07\x00\x00\x00\x09TagViewer\x01\x03\
\x00\x00\x00\x98\x00\xca\x00t\x00e\x00s\x00-\x00v\
\x00o\x00u\x00s\x00 \x00s\x00\xfb\x00r\x00 \
\x00d\x00e\x00 \x00v\x00o\x00u\x00l\x00o\
\x00i\x00r\x00 \x00s\x00u\x00p\x00p\x00r\
\x00i\x00m\x00e\x00r\x00 \x00t\x00o\x00u\
\x00t\x00e\x00s\x00 \x00l\x00e\x00s\x00 \
\x00b\x00a\x00l\x00i\x00s\x00e\x00s\x00 \
\x00a\x00s\x00s\x00o\x00c\x00i\x00\xe9\x00e\
\x00s\x00 \x00\xe0\x00 \x00v\x00o\x00s\x00 \
\x00m\x00o\x00d\x00s\x00 \x00?\x08\x00\x00\x00\
\x00\x06\x00\x00\x00JAre you su\
re you want to d\
elete all of the\
 tags associated\
 with your mods?\
\x07\x00\x00\x00\x09TagViewer\x01\x03\
\x00\x00\x00.\x00S\x00u\x00p\x00p\x00r\x00i\
\x00m\x00e\x00r\x00 \x00t\x00o\x00u\x00s\
\x00 \x00l\x00e\x00s\x00 \x00t\x00a\x00g\
\x00s\x08\x00\x00\x00\x00\x06\x00\x00\x00\x0fDele\
te all tags\x07\x00\x00\x00\x09\
TagViewer\x01\x03\x00\x00\x00\x1c\x00\
M\x00o\x00d\x00 \x00T\x00a\x00g\x00 \x00\
V\x00i\x00e\x00w\x00e\x00r\x08\x00\x00\x00\x00\
\x06\x00\x00\x00\x0eMod Tag Vie\
wer\x07\x00\x00\x00\x09TagViewe\
r\x01\x03\x00\x00\x00.\x00A\x00j\x00o\x00u\x00\
t\x00e\x00r\x00 \x00u\x00n\x00 \x00(\x00\
d\x00e\x00s\x00)\x00 \x00t\x00a\x00g\x00\
(\x00s\x00)\x08\x00\x00\x00\x00\x06\x00\x00\x00\x0aA\
dd Tag(s)\x07\x00\x00\x00\x0dTa\
gViewerMenu\x01\x03\x00\x00\x00\
.\x00S\x00u\x00p\x00p\x00r\x00i\x00m\x00\
e\x00r\x00 \x00t\x00o\x00u\x00s\x00 \x00\
l\x00e\x00s\x00 \x00t\x00a\x00g\x00s\x08\
\x00\x00\x00\x00\x06\x00\x00\x00\x0fDelete \
All Tags\x07\x00\x00\x00\x0dTag\
ViewerMenu\x01\x03\x00\x00\x00<\
\x00S\x00u\x00p\x00p\x00r\x00i\x00m\x00e\
\x00r\x00 \x00u\x00n\x00 \x00o\x00u\x00 \
\x00p\x00l\x00u\x00s\x00i\x00e\x00u\x00r\
\x00s\x00 \x00t\x00a\x00g\x00s\x08\x00\x00\x00\
\x00\x06\x00\x00\x00\x0dRemove Tag\
(s)\x07\x00\x00\x00\x0dTagViewe\
rMenu\x01\x03\x00\x00\x00 \x00A\x00j\x00\
o\x00u\x00t\x00e\x00r\x00 \x00u\x00n\x00\
 \x00o\x00u\x00t\x00i\x00l\x08\x00\x00\x00\x00\
\x06\x00\x00\x00\x08Add Tool\x07\x00\x00\
\x00\x0bToolManager\x01\x03\x00\
\x00\x00\x16\x00E\x00x\x00\xe9\x00c\x00u\x00t\x00\
a\x00b\x00l\x00e\x00s\x08\x00\x00\x00\x00\x06\x00\
\x00\x00\x0bExecutables\x07\x00\
\x00\x00\x0bToolManager\x01\x03\
\x00\x00\x00T\x00S\x00\xe9\x00l\x00e\x00c\x00t\
\x00i\x00o\x00n\x00n\x00e\x00r\x00 \x00u\
\x00n\x00 \x00o\x00u\x00 \x00d\x00e\x00s\
\x00 \x00o\x00u\x00t\x00i\x00l\x00(\x00s\
\x00)\x00 \x00e\x00x\x00t\x00e\x00r\x00n\
\x00e\x00(\x00s\x00)\x08\x00\x00\x00\x00\x06\x00\x00\
\x00\x17Select Externa\
l Tool(s)\x07\x00\x00\x00\x0bTo\
olManager\x01\x03\x00\x00\x00R\x00\
U\x00n\x00e\x00 \x00e\x00r\x00r\x00e\x00\
u\x00r\x00 \x00a\x00 \x00\xe9\x00t\x00\xe9\x00\
 \x00s\x00o\x00u\x00l\x00e\x00v\x00\xe9\x00\
e\x00 \x00d\x00a\x00n\x00s\x00 \x00u\x00\
n\x00Z\x00i\x00p\x00M\x00o\x00d\x00 \x00\
:\x08\x00\x00\x00\x00\x06\x00\x00\x00 An er\
ror was raised i\
n unZipMod:\x07\x00\x00\x00\x08\
UnZipMod\x01\x03\x00\x00\x00\x5c\x00E\
\x00s\x00s\x00a\x00y\x00e\x00z\x00 \x00d\
\x00'\x00a\x00b\x00o\x00r\x00d\x00 \x00d\
\x00'\x00e\x00x\x00t\x00r\x00a\x00i\x00r\
\x00e\x00 \x00l\x00e\x00 \x00m\x00o\x00d\
\x00 \x00m\x00a\x00n\x00u\x00e\x00l\x00l\
\x00e\x00m\x00e\x00n\x00t\x08\x00\x00\x00\x00\x06\
\x00\x00\x00%Try extracti\
ng the mod manua\
lly first\x07\x00\x00\x00\x08Un\
ZipMod\x01\x03\x00\x00\x00\x12\x00D\x00\xe9\
\x00b\x00a\x00l\x00l\x00a\x00g\x00e\x08\x00\
\x00\x00\x00\x06\x00\x00\x00\x09Unpackin\
g\x07\x00\x00\x00\x08UnZipMod\x01\x03\
\x00\x00\x00R\x00V\x00\xe9\x00r\x00i\x00f\x00i\
\x00c\x00a\x00t\x00i\x00o\x00n\x00 \x00d\
\x00e\x00s\x00 \x00p\x00e\x00r\x00m\x00i\
\x00s\x00s\x00i\x00o\x00n\x00s\x00 \x00d\
\x00e\x00s\x00 \x00f\x00i\x00c\x00h\x00i\
\x00e\x00r\x00s\x08\x00\x00\x00\x00\x06\x00\x00\x00\x1c\
Checking file pe\
rmissions of\x07\x00\x00\x00\
\x06Worker\x01\x03\x00\x00\x00N\x00V\x00\
\xe9\x00r\x00i\x00f\x00i\x00c\x00a\x00t\x00\
i\x00o\x00n\x00 \x00d\x00e\x00s\x00 \x00\
p\x00e\x00r\x00m\x00i\x00s\x00s\x00i\x00\
o\x00n\x00s\x00 \x00d\x00u\x00 \x00d\x00\
o\x00s\x00s\x00i\x00e\x00r\x08\x00\x00\x00\x00\
\x06\x00\x00\x00\x1eChecking fo\
lder permissions\
 of\x07\x00\x00\x00\x06Worker\x01\x03\
\x00\x00\x00B\x00C\x00o\x00r\x00r\x00e\x00c\
\x00t\x00i\x00o\x00n\x00 \x00d\x00e\x00 \
\x00l\x00'\x00i\x00n\x00s\x00t\x00a\x00l\
\x00l\x00a\x00t\x00i\x00o\x00n\x00 \x00p\
\x00o\x00u\x00r\x08\x00\x00\x00\x00\x06\x00\x00\x00\x12\
Fixing install f\
or\x07\x00\x00\x00\x06Worker\x01\x03\x00\
\x00\x00 \x00I\x00n\x00s\x00\xe9\x00r\x00e\x00\
r\x00 \x00l\x00e\x00 \x00t\x00e\x00x\x00\
t\x00e\x08\x00\x00\x00\x00\x06\x00\x00\x00\x0bIns\
ert text\x07\x00\x00\x00\x0cins\
ertString\x01\x03\x00\x00\x00\x5c\x00\
P\x00r\x00o\x00f\x00i\x00l\x00 \x00:\x00\
 \x00C\x00e\x00r\x00t\x00a\x00i\x00n\x00\
s\x00 \x00m\x00o\x00d\x00s\x00 \x00n\x00\
'\x00o\x00n\x00t\x00 \x00p\x00a\x00s\x00\
 \x00\xe9\x00t\x00\xe9\x00 \x00a\x00p\x00p\x00\
l\x00i\x00q\x00u\x00\xe9\x00s\x08\x00\x00\x00\x00\
\x06\x00\x00\x00#Profile: So\
me mods were not\
 applied\x07\x00\x00\x00\x0amod\
Profile\x01\x03\x00\x00\x00\x92\x00L\x00\
e\x00s\x00 \x00m\x00o\x00d\x00s\x00 \x00\
s\x00u\x00i\x00v\x00a\x00n\x00t\x00s\x00\
 \x00n\x00'\x00o\x00n\x00t\x00 \x00p\x00\
a\x00s\x00 \x00\xe9\x00t\x00\xe9\x00 \x00a\x00\
p\x00p\x00l\x00i\x00q\x00u\x00\xe9\x00s\x00\
 \x00c\x00a\x00r\x00 \x00i\x00l\x00s\x00\
 \x00n\x00e\x00 \x00s\x00o\x00n\x00t\x00\
 \x00p\x00a\x00s\x00 \x00i\x00n\x00s\x00\
t\x00a\x00l\x00l\x00\xe9\x00s\x00 \x00:\x08\
\x00\x00\x00\x00\x06\x00\x00\x00CThe fol\
lowing mods were\
 not applied bec\
ause they are no\
t installed:\x07\x00\x00\x00\
\x0amodProfile\x01\x03\x00\x00\x00\
0\x00I\x00n\x00s\x00t\x00a\x00l\x00l\x00\
a\x00t\x00i\x00o\x00n\x00 \x00d\x00e\x00\
s\x00 \x00m\x00o\x00d\x00u\x00l\x00e\x00\
s\x08\x00\x00\x00\x00\x06\x00\x00\x00\x0fInsta\
lling mods\x07\x00\x00\x00\x0en\
ewModLocation\x01\x03\x00\
\x00\x00\x88\x00V\x00e\x00u\x00i\x00l\x00l\x00\
e\x00z\x00 \x00s\x00\xe9\x00l\x00e\x00c\x00\
t\x00i\x00o\x00n\x00n\x00e\x00r\x00 \x00\
l\x00'\x00e\x00n\x00d\x00r\x00o\x00i\x00\
t\x00 \x00o\x00\xf9\x00 \x00l\x00e\x00s\x00\
 \x00m\x00o\x00d\x00s\x00 \x00d\x00o\x00\
i\x00v\x00e\x00n\x00t\x00 \x00\xea\x00t\x00\
r\x00e\x00 \x00i\x00n\x00s\x00t\x00a\x00\
l\x00l\x00\xe9\x00s\x00 \x00:\x08\x00\x00\x00\x00\
\x06\x00\x00\x001Please sele\
ct where the mod\
s should be inst\
alled:\x07\x00\x00\x00\x0enewMo\
dLocation\x01\x03\x00\x00\x00L\x00\
A\x00n\x00n\x00u\x00l\x00e\x00r\x00.\x00\
.\x00.\x00 \x00(\x00T\x00e\x00r\x00m\x00\
i\x00n\x00e\x00r\x00 \x00l\x00'\x00\xe9\x00\
t\x00a\x00p\x00e\x00 \x00e\x00n\x00 \x00\
c\x00o\x00u\x00r\x00s\x00)\x08\x00\x00\x00\x00\
\x06\x00\x00\x00%Canceling..\
. (Finishing cur\
rent step)\x07\x00\x00\x00\x0eu\
pdateDetected\x01\x03\x00\
\x00\x00z\x00C\x00l\x00i\x00q\x00u\x00e\x00\
r\x00 \x00s\x00u\x00r\x00 \x00o\x00k\x00\
 \x00p\x00o\x00u\x00r\x00 \x00q\x00u\x00\
i\x00t\x00t\x00e\x00r\x00 \x00e\x00t\x00\
 \x00m\x00e\x00t\x00t\x00r\x00e\x00 \x00\
\xe0\x00 \x00j\x00o\x00u\x00r\x00 \x00M\x00\
y\x00t\x00h\x00 \x00M\x00o\x00d\x00 \x00\
M\x00a\x00n\x00a\x00g\x00e\x00r\x08\x00\x00\
\x00\x00\x06\x00\x00\x00,Click ok \
to exit and upda\
te Myth Mod Mana\
ger\x07\x00\x00\x00\x0eupdateDe\
tected\x01\x03\x00\x00\x00$\x00V\x00e\
\x00r\x00s\x00i\x00o\x00n\x00 \x00a\x00c\
\x00t\x00u\x00e\x00l\x00l\x00e\x00 \x00:\
\x08\x00\x00\x00\x00\x06\x00\x00\x00\x10Curren\
t Version:\x07\x00\x00\x00\x0eu\
pdateDetected\x01\x03\x00\
\x00\x00 \x00N\x00e\x00 \x00p\x00l\x00u\x00\
s\x00 \x00d\x00e\x00m\x00a\x00n\x00d\x00\
e\x00r\x08\x00\x00\x00\x00\x06\x00\x00\x00\x10Do \
not ask again\x07\x00\x00\
\x00\x0eupdateDetected\
\x01\x03\x00\x00\x006\x00V\x00o\x00u\x00l\x00e\
\x00z\x00-\x00v\x00o\x00u\x00s\x00 \x00m\
\x00e\x00t\x00t\x00r\x00e\x00 \x00\xe0\x00 \
\x00j\x00o\x00u\x00r\x00 \x00?\x08\x00\x00\x00\
\x00\x06\x00\x00\x00\x16Do you wan\
t to Update?\x07\x00\x00\x00\
\x0eupdateDetected\x01\
\x03\x00\x00\x00\x0c\x00E\x00r\x00r\x00e\x00u\x00\
r\x08\x00\x00\x00\x00\x06\x00\x00\x00\x05Error\
\x07\x00\x00\x00\x0eupdateDetec\
ted\x01\x03\x00\x00\x00,\x00I\x00n\x00s\x00\
t\x00a\x00l\x00l\x00a\x00t\x00i\x00o\x00\
n\x00 \x00r\x00\xe9\x00u\x00s\x00s\x00i\x00\
e\x00 \x00!\x08\x00\x00\x00\x00\x06\x00\x00\x00\x18I\
nstallation Succ\
essful!\x07\x00\x00\x00\x0eupda\
teDetected\x01\x03\x00\x00\x00<\
\x00N\x00o\x00u\x00v\x00e\x00l\x00l\x00e\
\x00 \x00m\x00i\x00s\x00e\x00 \x00\xe0\x00 \
\x00j\x00o\x00u\x00r\x00 \x00t\x00r\x00o\
\x00u\x00v\x00\xe9\x00e\x00 \x00:\x08\x00\x00\x00\
\x00\x06\x00\x00\x00\x11New update\
 found:\x07\x00\x00\x00\x0eupda\
teDetected\x01\x03\x00\x00\x00&\
\x00A\x00v\x00i\x00s\x00 \x00d\x00e\x00 \
\x00m\x00i\x00s\x00e\x00 \x00\xe0\x00 \x00j\
\x00o\x00u\x00r\x08\x00\x00\x00\x00\x06\x00\x00\x00\x0d\
Update Notice\x07\x00\x00\
\x00\x0eupdateDetected\
\x01\x03\x00\x00\x00P\x00V\x00o\x00i\x00r\x00 \
\x00l\x00e\x00s\x00 \x00n\x00o\x00t\x00e\
\x00s\x00 \x00d\x00e\x00 \x00v\x00e\x00r\
\x00s\x00i\x00o\x00n\x00 \x00s\x00u\x00r\
\x00 \x00g\x00i\x00t\x00h\x00u\x00b\x00.\
\x00c\x00o\x00m\x08\x00\x00\x00\x00\x06\x00\x00\x00 \
View Release Not\
es on github.com\
\x07\x00\x00\x00\x0eupdateDetec\
ted\x01\x88\x00\x00\x00\x02\x03\x01\
\x00\x00\x03\xc3\
<\
svg width=\x2298\x22 h\
eight=\x2296\x22 xmlns\
=\x22http://www.w3.\
org/2000/svg\x22><p\
ath fill-rule=\x22e\
venodd\x22 clip-rul\
e=\x22evenodd\x22 d=\x22M\
48.854 0C21.839 \
0 0 22 0 49.217c\
0 21.756 13.993 \
40.172 33.405 46\
.69 2.427.49 3.3\
16-1.059 3.316-2\
.362 0-1.141-.08\
-5.052-.08-9.127\
-13.59 2.934-16.\
42-5.867-16.42-5\
.867-2.184-5.704\
-5.42-7.17-5.42-\
7.17-4.448-3.015\
.324-3.015.324-3\
.015 4.934.326 7\
.523 5.052 7.523\
 5.052 4.367 7.4\
96 11.404 5.378 \
14.235 4.074.404\
-3.178 1.699-5.3\
78 3.074-6.6-10.\
839-1.141-22.243\
-5.378-22.243-24\
.283 0-5.378 1.9\
4-9.778 5.014-13\
.2-.485-1.222-2.\
184-6.275.486-13\
.038 0 0 4.125-1\
.304 13.426 5.05\
2a46.97 46.97 0 \
0 1 12.214-1.63c\
4.125 0 8.33.571\
 12.213 1.63 9.3\
02-6.356 13.427-\
5.052 13.427-5.0\
52 2.67 6.763.97\
 11.816.485 13.0\
38 3.155 3.422 5\
.015 7.822 5.015\
 13.2 0 18.905-1\
1.404 23.06-22.3\
24 24.283 1.78 1\
.548 3.316 4.481\
 3.316 9.126 0 6\
.6-.08 11.897-.0\
8 13.526 0 1.304\
.89 2.853 3.316 \
2.364 19.412-6.5\
2 33.405-24.935 \
33.405-46.691C97\
.707 22 75.788 0\
 48.854 0z\x22 fill\
=\x22#24292f\x22/></sv\
g>\
\x00\x00\x03\xc0\
<\
svg width=\x2298\x22 h\
eight=\x2296\x22 xmlns\
=\x22http://www.w3.\
org/2000/svg\x22><p\
ath fill-rule=\x22e\
venodd\x22 clip-rul\
e=\x22evenodd\x22 d=\x22M\
48.854 0C21.839 \
0 0 22 0 49.217c\
0 21.756 13.993 \
40.172 33.405 46\
.69 2.427.49 3.3\
16-1.059 3.316-2\
.362 0-1.141-.08\
-5.052-.08-9.127\
-13.59 2.934-16.\
42-5.867-16.42-5\
.867-2.184-5.704\
-5.42-7.17-5.42-\
7.17-4.448-3.015\
.324-3.015.324-3\
.015 4.934.326 7\
.523 5.052 7.523\
 5.052 4.367 7.4\
96 11.404 5.378 \
14.235 4.074.404\
-3.178 1.699-5.3\
78 3.074-6.6-10.\
839-1.141-22.243\
-5.378-22.243-24\
.283 0-5.378 1.9\
4-9.778 5.014-13\
.2-.485-1.222-2.\
184-6.275.486-13\
.038 0 0 4.125-1\
.304 13.426 5.05\
2a46.97 46.97 0 \
0 1 12.214-1.63c\
4.125 0 8.33.571\
 12.213 1.63 9.3\
02-6.356 13.427-\
5.052 13.427-5.0\
52 2.67 6.763.97\
 11.816.485 13.0\
38 3.155 3.422 5\
.015 7.822 5.015\
 13.2 0 18.905-1\
1.404 23.06-22.3\
24 24.283 1.78 1\
.548 3.316 4.481\
 3.316 9.126 0 6\
.6-.08 11.897-.0\
8 13.526 0 1.304\
.89 2.853 3.316 \
2.364 19.412-6.5\
2 33.405-24.935 \
33.405-46.691C97\
.707 22 75.788 0\
 48.854 0z\x22 fill\
=\x22#fff\x22/></svg>\
\x00\x00\x0d\x8d\
<\
?xml version=\x221.\
0\x22 encoding=\x22UTF\
-8\x22 standalone=\x22\
no\x22?>\x0d\x0a<svg xmln\
s:dc=\x22http://pur\
l.org/dc/element\
s/1.1/\x22 xmlns:cc\
=\x22http://creativ\
ecommons.org/ns#\
\x22 xmlns:rdf=\x22htt\
p://www.w3.org/1\
999/02/22-rdf-sy\
ntax-ns#\x22 xmlns:\
svg=\x22http://www.\
w3.org/2000/svg\x22\
 xmlns=\x22http://w\
ww.w3.org/2000/s\
vg\x22 id=\x22svg8\x22 ve\
rsion=\x221.1\x22 view\
Box=\x220 0 14 14\x22 \
height=\x221.4cm\x22 w\
idth=\x221.4cm\x22>\x0d\x0a \
 <defs id=\x22defs2\
\x22/>\x0d\x0a  <metadata\
 id=\x22metadata5\x22>\
\x0d\x0a    <rdf:RDF>\x0d\
\x0a      <cc:Work \
rdf:about=\x22\x22>\x0d\x0a \
       <dc:forma\
t>image/svg+xml<\
/dc:format>\x0d\x0a   \
     <dc:type rd\
f:resource=\x22http\
://purl.org/dc/d\
cmitype/StillIma\
ge\x22/>\x0d\x0a        <\
dc:title/>\x0d\x0a    \
  </cc:Work>\x0d\x0a  \
  </rdf:RDF>\x0d\x0a  \
</metadata>\x0d\x0a  <\
g transform=\x22tra\
nslate(-23.37583\
4,-34.820791)\x22 i\
d=\x22layer1\x22>\x0d\x0a   \
 <path id=\x22path4\
635\x22 d=\x22m 30.404\
166,35.191625 -1\
.214395,0.701249\
 0.251148,0.4356\
34 -3.299025,1.9\
04791 -0.251664,\
-0.435631 -1.214\
396,0.701249 v 1\
.402498 h 0.5028\
12 v 3.809587 H \
24.675834 V 45.1\
135 l 1.214396,0\
.701249 0.251664\
,-0.435631 3.299\
025,1.904794 -0.\
251148,0.435631 \
1.214395,0.70124\
9 1.214395,-0.70\
1249 -0.251147,-\
0.435631 3.29902\
6,-1.904794 0.25\
1663,0.435631 1.\
214396,-0.701249\
 v -1.402498 h -\
0.502812 v -3.80\
9587 h 0.502812 \
v -1.402498 l -1\
.214396,-0.70124\
9 -0.251663,0.43\
5631 -3.299026,-\
1.904791 0.25114\
7,-0.435634 z m \
0,0.580843 0.111\
104,0.06408 v 1.\
693955 l 3.53622\
,2.041734 1.4670\
93,-0.846976 0.1\
11104,0.06408 v \
0.128157 l -1.46\
7093,0.846976 v \
4.083473 l 1.467\
093,0.846976 v 0\
.128159 l -0.111\
622,0.06408 -1.4\
66575,-0.846976 \
-3.53622,2.04173\
6 v 1.693953 l -\
0.111104,0.06408\
 -0.111104,-0.06\
408 v -1.693953 \
l -3.536218,-2.0\
41736 -1.466577,\
0.846976 -0.1116\
21,-0.06408 v -0\
.128159 l 1.4670\
93,-0.846976 v -\
4.083473 l -1.46\
7093,-0.846976 v\
 -0.128157 l 0.1\
11104,-0.06408 1\
.467094,0.846976\
 3.536218,-2.041\
734 v -1.693955 \
z m 0,2.128035 -\
3.382739,1.95285\
3 v 3.905705 l 3\
.382739,1.952852\
 3.382741,-1.952\
852 v -3.905705 \
z m -0.111104,0.\
279054 v 1.11311\
 l -2.010214,1.1\
60653 -0.964281,\
-0.556557 z m 0.\
222208,0 2.97449\
6,1.717206 -0.96\
4282,0.556557 -2\
.010214,-1.16065\
3 z m -3.307808,\
1.909445 0.96428\
2,0.556553 v 2.3\
21306 l -0.96428\
2,0.556557 z m 6\
.393408,0 v 3.43\
4416 l -0.964282\
,-0.556557 v -2.\
321306 z m -5.31\
8022,3.070095 2.\
010214,1.160653 \
v 1.113629 l -2.\
974495,-1.717726\
 z m 4.242636,0 \
0.964282,0.55655\
6 -2.974496,1.71\
7726 V 44.31975 \
Z\x22 style=\x22fill:#\
1a1a1a;fill-opac\
ity:1;stroke:non\
e;stroke-width:0\
.64953899;stroke\
-miterlimit:4;st\
roke-dasharray:n\
one;stroke-dasho\
ffset:0;stroke-o\
pacity:1\x22/>\x0d\x0a   \
 <path id=\x22path4\
705\x22 d=\x22m 30.404\
166,39.479735 -1\
.903759,1.099159\
 1.875338,1.0826\
22 c 0.01146,0.0\
066 0.02035,0.01\
58 0.02842,0.025\
32 0.0081,-0.009\
5 0.01696,-0.018\
71 0.02842,-0.02\
532 l 1.875337,-\
1.082622 z\x22 styl\
e=\x22fill:#3fee3f;\
fill-opacity:1;s\
troke:none;strok\
e-width:0.386856\
05;stroke-miterl\
imit:4;stroke-da\
sharray:none;str\
oke-dashoffset:0\
;stroke-opacity:\
1\x22/>\x0d\x0a    <path \
id=\x22path4703\x22 d=\
\x22m 28.389819,40.\
771648 v 2.19779\
8 l 1.903243,1.0\
99156 v -2.16524\
1 c 0,-0.0132 0.\
0036,-0.02548 0.\
0078,-0.03721 -0\
.01233,-0.0021 -\
0.02466,-0.0052 \
-0.03617,-0.0118\
8 z\x22 style=\x22fill\
:#ff791f;fill-op\
acity:1;stroke:n\
one;stroke-width\
:0.38685605;stro\
ke-miterlimit:4;\
stroke-dasharray\
:none;stroke-das\
hoffset:0;stroke\
-opacity:1\x22/>\x0d\x0a \
   <path id=\x22pat\
h4642\x22 d=\x22m 32.4\
19029,40.771648 \
-1.875337,1.0826\
19 c -0.01151,0.\
0066 -0.02384,0.\
0097 -0.03617,0.\
01188 0.0042,0.0\
1172 0.0078,0.02\
4 0.0078,0.03721\
 v 2.165241 l 1.\
903759,-1.099156\
 z\x22 style=\x22fill:\
#00ccff;fill-opa\
city:1;stroke:no\
ne;stroke-width:\
0.38685605;strok\
e-miterlimit:4;s\
troke-dasharray:\
none;stroke-dash\
offset:0;stroke-\
opacity:1\x22/>\x0d\x0a  \
</g>\x0d\x0a</svg>\
\x00\x004\xa4\
R\
IFF\x9c4\x00\x00WEBPVP8L\x8f\
4\x00\x00/\xd0\x07\xf4\x11\xcd@\x8d$I\x92\xb4Q\
\x99lS\x7f\x85\xfb\xef\xbec\x0b\x22\xfa?\x01\xfcp\
L\xde\x8a\xf4Zn\xb0\xdf\xb2\xed\xe7\xfcDz\xbcR\
\x1d\x1bl\xd7)m)\x02\xd8\xb8\xea\x94\xe8Z\x1d{\
\xc2v\xc1\xb1\xef\xb7G\x8f\x19\xaa\xaa\x9a\xbac\xf8\x9d\
\xe1T\xfd\x09u\x22\x9f\x84l\xab\xea\xb1O\xbabY\
\x1a%\x92D*\x87\xec)M\x00M\xceaOh\x80\
\x81D\xfdS\xd8\x03M\x0c/\xc1\xeeh)\xc9%\xd8\
\x80\xa6\x02\xe4\x22l4\x95\x06\x92\xdc\x82\xbd\x92\xe6\xec\
\xca\xea\xff`o\x93t\x01\xde\x97Hz\x09\xee\xc0l\
\xcf%\xbf07n#IR\xa4\xbcg\xf6\xdf>~\
q,x\xfe\x83\x19\xf5\x04\xb6\x8d$)j\x9d\xf0\x19\
\x22\xf8\xfc\xc3z\x8b\x19\xac\xd7h\xc0\xfb?\x010\xe6\
\xcff\xf3\x1ff\xe4\x01\x00\xd9\xec\x89\x1d\xd7\x02\x0fs\
\x95\x97\x97\x97_\xe57y6\xfb\xbeTWW_\xc5\
qM\xa7>\x8b\xc5?'\xf6\xa1\xad\xad\xfe}\xecg\
\x8bo\xb0\xe5\x0f\xcc\xa6\xdbi\x15g\xbb\x0e;\xd1t\
\x0f\x16\x836\xf8\x1d\xc7tq\x8dk+&b:\x88\
c+\xac\x00\x0b\x13\xdb\x17\x00\xa4?h\x19\xa0\xf4\xcb\
\xbf\x0eP\x8a\x94b!\xc0\x96E\xc6\xe7\xad\xe4\xc8m\
\xdb@b\x9c\xff\xbf\xbaE={\xdbcDL\xc0\xfc\
\x07)P\xa5Vw\xc9\xefR`\x1f\xb3T\xc9^g\
\xf6\xdaq\xdb\xcf\x92cf\x0e|\xc0.,\x22)V\
\x9f(sbO\x89\xf7D\x19\xc83y\xd7\x87$$\
A3W\xf7\x19\x83\xf9C\xfa\xf6\x88]m\xdb\xdeF\
n^ei\x94%\xe7\x9csv\x1b;\xb7R\xeb*\
\xb7\xbe\xdc\xdaU:\x01\xbbr\xab=\x03\xfb\x0c|\x0a\
\xa9\xcc\xa1\xcd9U3\xb3\xb3\xe9'@\xfc\xef\xf7i\
\xde%!\x0c\x86\xfb\x0bC\xfd\x03\xcd\x05a\x09(\x10\
\xb4m\x1b\xe7\xe3O\xf9\x95Pm[\x10Yo\x03h\
\x00\x0d\xb0\x014\x18\x1a\x0c\x0d\x96\x08l\x82\xeb&\xb8\
\x9a`4\x81\x92`0\x81\x92`~\x13\x8c\x07\xda\xb6\
\xeb6\x92mkL\x92\x0bX\x04\xc0\xcc\xac\xb2#\xf8\
\x01\xf8\x11E\xb6\x069\x92$E\xd2\xe9/\xf9B\xc1\
\xce\x1cxY=\x16\xbe'AD:\x82$IQ\x12\
\xd9\xb8Fg\xe0\xe5\x0e\x11\xde\x9b\xfd\xd3\xdb:\xdb6\
\xa4\x02yU@\xa7\x02;\x15\xd8\xae`9\x15XG\
\x05\x87RA|Tp\xe8\xe8@\xee\xc0\xae\xe0\xb0:\
\x90;\x90:\x90*8\x00/\x1f\xef\xff\xf9S\xd0\xff\
?\xc9o@\xd1\x83\x01A\x8b\xcc\xe0\xe0A\xc9\xcc \
\x22$@\x92\xe44\xcc\x9e\xf8\xfd\x0b\x7f\x14\x8e\xd8\x82\
\x07$B\x95\x07\xf8\xff\xd7\xa9\xcd\xb6\x8d-\xf1\x1a\x1c\
\xdd\xd8\xcc\x11\xab\x10\xab\x1b\xe9auwwwww\
wwwww78B]!\xc4\x05h6\x1e \
,\xdd\xec\x94\xec\xfe\xf7/?\xf9~\xb7{\xcc|\xfa\
m\x8f\x7f\x9d\xdaA\x8e\xa9\x07%\xdbv\x14I\xd2\x93\
\xe4\xe6\xc1\x9eY\xd5\xcc\xcc=\xea\x19\xd3\xc2{\x11=\
ff\xee\xa04\x93~P\x80l\xdbm\xdb\xbcO\x09\
\xe0\x12\xf5\xa7<\x9a\x06?\xd89\xf35\xbf\xcfg\xfc\
\xc7\x7f\xfc\xc7\x7f\xfc\xc7\x7f\xfc\xc7\x7f\xfc\xc7\x7f\xfc\xc7\
\x7f\xfc\xc7\x7f\xfc\xc7\x7f\xfc\xc7\x7f\xfc\xc7\x7f\xfc\xc7\x7f\
\xfc\xc7\x7f\xfc\xc7\x7f\xfc\xc7\x7f\xfc\xc7\x7f\xfc\xc7\x7f\xfc\
\xc7\x7f\xfc\xc7\x7f\xfc\xc7\x7f\xfc\xc7\x7f\xfc\xc7\x7f\xfc\xc7\
\x7f\xfc\xc7\x7f\xfc\xc7\x7f\xfc\xc7\x7f\xfc\xc7\x7f\xfc\xc7\x7f\
\xfc\xc7\x7f\xfc\xc7\x7f\xfc\xc7\x7f\xfc\xc7\x7f\xfc\xc7\x7f\xfc\
\xc7\x7f\xfc\xc7\x7f\xfc\xc7\x7f\xfc\xc7\x7f\xfc\xc7\x7f\xfc\xc7\
\x7f\xfc\xc7\x7f\xfc\xc7\x7f\xfc\xc7\x7f\xfc\xc7\x7f\xfc\xc7\x7f\
\xfc\xc7\x7f\xfc\xc7\x7f\xfc\xc7\x7f\xfc\xc7\x7f\xfc\xc7\x7f\xfc\
\xc7\x7f\xfc\xc7\x7f\xfc\xc7\x7f\xfc\xc7\x7f\xfc\xc7\x7f\xfc\xc7\
\x7f\xfc\xc7\x7f\xfc\xc7\x7f\xfc\xc7\x7f\xfc\xc7\x7f\xfc\xc7\x7f\
\xfc\xc7\x7f\xfc\xc7\x7f\xfc\xc7\x7f\xfc\xc7\x7f\xfc\xc7\x7f\xfc\
\xc7\x7f\xfc\xc7\x7f\xfc\xc7\x7f\xfc\xc7\x7f\xfc\xc7\x7f\xfc\xc7\
\x7f\xfc\xc7\x7f\xfc\xc7\x7f\xfc\xc7\x7f\xfc\xc7\x7f\xfc\xc7\x7f\
\xfc\xc7\x7f\xfc\xc7\x7f\xfc\xc7\x7f\xfc\xc7\x7f\xfc\xc7\x7f\xfc\
\xc7\x7f\xfc\xc7\x7f\xfc\xc7\x7f\xfc\xc7\x7f\xfc\xc7\x7f\xfc\xc7\
\x7f\xfc\xc7\x7f\xfc\xc7\x7f\xfc\xc7\x7f\xfc\xc7\x7f\xfc\xc7\x7f\
\xfc\xc7\x7f\xfc\xc7\x7f\xfc\xc7\x7f\xfc\xc7\x7f\xfc\xc7\x7f\xfc\
\xc7\x7f\xfc\xc7\x7f\xfc\xc7\x7f\xfc\xc7\x7f\xfc\xc7\x7f\xfc\xc7\
\x7f\xfc\xc7\x7f\xfc\xc7\x7f\xfc\xc7\x7f\xfc\xc7\x7f\xfc\xc7\x7f\
\xfc\xc7\x7f\xfc\xc7\x7f\xfc\xc7\x7f\xfc\xc7\x7f\xfc\xc7\x7f\xfc\
\xc7\x7f\xfc\xc7\x7f\xfc\xc7\x7f\xfc\xc7\x7f\xfc\xc7\x7f\xfc\xc7\
\x7f\xfc\xc7\x7f\xfc\xc7\x7f\xfc\xc7\x7f\xfc\xc7\x7f\xfc\xc7\x7f\
\xfc\xc7\x7f\xfc\xc7\x7f\xfcw\xec?\xc7\xfe\xc3\x7f\xfc\xc7\
\x7f\xfc\xc7\x7f\xfc\xc7\x7f\xfc\xc7\x7f\xc7\xfe\xc3\x7f\xfc\xc7\
\x7f\xfc\xc7\x7f\xfc\xc7\x7f\xfc\xc7\x7f\xc7\xfes\xec?\xcf\
\xf2\x0d\x0c\xa0y\x09\xec\xc6\x02\x08`\xf75\x82\x13E\
\x05\x1d\xae}@\xa0\x1d\xf6\xe7\xc6$\xa4\xed\xda\x0e\x8c\
\x98\xabuRn\x9al\x05\xfeN\xd1Cl\xe1!\x22\
k\x9d\x0e\x8b\xf8\xab\xe9!\xadDj\xadSn\x86\x94\
\xf8\x9e\x1f\xb2\xe8-8R\xce)\xd3|}\xfd\xc5\x11\
\xdb\xddQ<+\xc1\x97\x12\xec\xa0\x88\xee\x82;\x0f9\
'~\x878\x9fth(\x1d\x22\xbf\xd6y\x182\x95\
\xd7\xd9oe\x03\x04u\x18\x06\x0e3\xc2\x08F\x86@\
gy\x80\x85\xbe\xac6:J\x1e|2#$P\xb2\
\x09\x82u\x98\x13i\xcble\x18\xb4\x1e\xe6\xa1\xe1k\
\x7f\xa4\xd7\x85\x17;\xb62\x11:\x1d`\xca4m/\
\xbe\x97\x99\xd0z\x98)\xba\xc9}\xb7\x92\xa9\xd04\xf3\
\xd3q\xd8k/\x1c\xf4\xec\xad\x86\xc3\x9dk=\xd7\xd9\
\xa1;6s\xf2\xe7\x8e\xb3zn\xdcy`\x9a7\x0e\
}J\xa7u\xcd\xc1\xe4\x83-q\xc0\x5c\x0f\x0e=\xf9\
fn\xb8G\x9eL\xcaZ\xfcm\x22\x1e\xa9\xb1*\x1b\
\xdbof\xd6\xd1$\xc3R'~K\xba\xa2\xb3m\xa9\
?Wo\x12\xdf\x98e]t\x9bnU\xe2\xc7\xc9\xc2\
\xb4\x5c\xb7\x1d\xa8Fme\x1a\xa3\xady\x06d;\xb3\
\xcf\x98m\xcd2\xdf>\x96&@3\x9f/\x0f@\x94\
\xe4\xcb\x03\xe3Vr\xe6\x81\x83D\xbe<\xd0_m\xdc\
s\xd7\x87?\xf0\xf9\xf2@\x0f^\x96G\xb7)\xb5W\
\xd7\x8d\x8c\x8f\xe0o\xdbp\xee\xe4Vm\xcb\x1e\xe0\xb6\
l\x9a\x95\xd9\x99\xa0c\x88\xdf\x0d\xb4\x1aoy\xb6\xca\
\xdb%F\x95b~\xa61\xd2\xa8q:x\xc8\x0c\x89\
F\x97#\xf9B\x86H\xa0v\x1d\x89R\x9b\x22\x81\xdf\
\x8d\x0c\xda\xbd\x9b5\xd2\xaa%\x905G\x02\x03\xa9'\
O\xc9\xe0d\x90\xd4\xaeX\x14\xf7\xe2\xd3\xdc\xc9(\xe9\
\x02\x22o\xe2\xa0d\x96\x04\xb1cN\xdc.9\x89\x13\
w\xe5\xce\x11\x8c$_\xee\x5c\xc9<i\xd5\xd3\xa5\xa6\
\xa9\xec\x93\xfa\x95;G\xa0\xb8\xe2\xece\xa3\xd4\xad\xd8\
b\x8d\x94\xd3\x9b#u-M~>%\xd9)\xe7H\
\x92\xfa\xa5\x01\xf1\xf5\xf6\x5c2\xb1L\xdf\xf0\xfc\x8a9\
\xef\xa72\x02\xd5\xe2\x17\x8f\x10TY\xac_\xb5\x10\x11\
7\x0c\x1b\x89\x96\xf3\xee'\xc8\xac\xa47\x12\x1bV\x8d\
,\xe3\xf7\x1b\x08\xaf\xf8\xb0H\x89\xc97\x01z\x188\
\x962\xfb\x1fdXR\xf2)\xbe\xf0\x17\xd5\x92cb\
c \xcc \xca\x12_e\xce\xdc?~zn\x1c\xab\
o \x13\x82@\xcb\xab\xcb\x1f\x856*\x0c\xa6\x90j\
\xf1>\xfa\x0dWQ\xe4Jy\x05\xd1\x96\xe8\xbdox\
\x8a\xa2\x16c\x00\x10p\x97\xa8\x7f\x1d\xb4=D\x5c\xe2\
\xe0\xe7\xdcD\x11\xab\x88\x16b.\xc1\x0f~%\xe2'\
\x9a\xdb5D]\xe20p\xb2\xd0}\xe7B\x01\x90\x86\
a.\xdc).!\xf0\x12\x86\xe1I\xbaSh\x1e\xc3\
~\xe7I\x1d\xb3\x96\x85\xf7\xf1\xc7Q\xaeT\xa9mK\
\x0e\xaa\xdeTq:4\xc6W{w\x1a\x08C;\xe7\
aS\x95\xcetJe\xdb\x98\x1e\xe5Q\xd5\x9a\x1d\xbe\
\xd2!\xf9\xf2\xb5\xf8\xbdS\x0d\x84\xb6\x5c\x19\xfer\xab\
E[\xe7\xe2\xdb\x07c\xab\xa3_\x0d\xa4{S+\x8e\
\x15 L\xcb\x062'\xbd?\x0f\xf4.=\xc1\xb1\xff\
\x01\xe5S\xf1\xad\x95\xe7\xec\xf3\xca\xd8F\xef\xb5\xeed\
\xa1W\xda\xd3\xeaW\xd1\x97\xca\x9b<Y\xe8\xe3\x18\x9b\
\x84\x0c\xe2d\x03\xc5\xc8>7\x16\xce>\x7fu\x07\x83\
\x8c\xd9\xcd\x06j\x83R6n\xb6;\xeb3\xeb\xfc\x05\
\xd7\x1bsFQ$\xf9Yg\xf1)\x97\xd5+\xbd1\
\xce\xda\xa0\x93\xaf\xd4\x9b\x17\xd9x\xda\x0e\xce\x10\xe3~\
\x1aW\xeb\xdc\x1b\xb2\x1a\xbc\xabU\xdd\x1bRu\xe7\xce\
)\xc9\xd9:MH\xd9x\xdb\xae*\xf6F\x8c\xcf\xd9\
\xca9\xcb<\x06@\xd7\x9bq5\x0dx\xdb\x22\x0f\x82\
9>\xb5\xd4\x05-\xf4\xe4o\xbb\xaa\xde[\xe6\x09\x00\
\xb8\xca6\x8f\x01:g\x9b\xc7\x00\x15\xf1\x14\x93\xcb\xed\
\xe0\xf6\xb4c\x92\xcb\xed\xba\xce6\x8f\x01*\x1b\xfd\xe5\
H\xc78\xdd\x0e\x1d\xf5Cm\xf3\xe6\xc5\xef\x1bw\xee\
\x84\xc5\x9f\xb3Nn7\xe8\x08S\xe3u\xa9h\xc7x\
\xf3T\x93C\xef\x86F\xee\x5c0\xf9s\xa6\xc1\xf32\
\xb2\xcfMNXL\xbd\xe9s9^~%=ah\
\x88\xde\xbf\x10|\xef\xf5\x06&\xda\x97\xbcCw\xcd\xfe\
\x1c8\xbc\x8f\xcb\xaf#\xb1\x93\xd8\xa7\xb6z)\x0c\xde\
\xaf\x88~\xb6y]W96g)<\xc9\x8bH\xd9\
\xeb\x14\xd8\x0e\x1f\xf4\xbbuu]Ww].\xaf\x04\
\x9f|\xceG\xc4b\xd04\xbe\xbb\xce\xd5y;\x1e\x18\
\x1dN\xa85oR?kWwl\xfd,\x04\xfbk\
%\xf8\xe1d\xea\xf4\x1e\xea\x9a+W\xb0\xbc\xfa\xa9\x0b\
\x93\xe6\xcdT\x1b\xec\xba\xad\x182\x05\xab\xabI\x9c0\
0\xe9\x9f\xe3\xda\xe5_\xe7\xb3\xb0$?\x93\xacdb\
\xf2\xb3\xbe`\xc6\xb0\xb4\xb7L\xed\x9b/Ko+1\
x\x8a\xb7b''\xd3\x7f0\xf3\xc3\x90\x15E\x97c\
\xd5\xda\xcb\xf4\xfc\xc8\xe7\x84\x8de\xf3B\x22x\xdf\x9a\
\xf10\xa5\xb5L\xed&d\x7fp9\x95\x1c&\x10\xff\
2\xd5\x9e\xaf\x1f\x91\xcf\xc3\x98\x87\xf9,r\xc9\xa7\x8d\
{\xa1\xe7mo\x9e\x0f\x87\x8a\x83\x97mE%{?\
.w\xa7.\x7f\x92;\x17\x93Z\x0e\xcf\xda\xe5C\x9d\
7\x09`N\xae\x85\x13\x8f?8W\xa7\xda\xf8\x18\x8b\
j\x0c\xf1\x08lE\x15/X\xbd\xda8\xb9\xbf\x8c\x03\
>N\xc9\xf0\x97\x5c]\x86\xd6\x958\xf9?\x80-\xa9\
\x92\xa2\x18\x912\xb8\xce\x22\xfe?\x0b\xf9\x11\x03\xc5\xad\
\xd0\xf2;\xe33\x98l\xb2\xa3h`\xf8GjSz\
\x83\xcf\x84\x7fj\xe4\x06\x01\x8e\xe66JG\x1b\x8a<\
\xd7\xb3?\xc6\xce\xff\x0c\x16\x14%\xb6\x7f\xbc6m2\
\xf5e?Qd\xfd*\xb0\xc8\x83\xde\x7f\xa0\xf8B\xb0\
\x19R\x1e\x90Sa\xdb2\x0e\xb6\x13\x05\x00\xac\x1b}\
0\xd2d9Q\xe2\x7f\xe5\x80h\x1d\xd2\x0a\x00\xf7\xc6\
\x81\xf9\xd7myD\xf9d\xde\x84\xd22\xf5>\xf1\xc2\
\x0a%\xf3\x88\x98\xea\x12\xb5\xf1\xe6\x9d\xef\xfe\x94\x00O\
\xafx+\x9d\xc7`\x1a5\xd4n\xe7%\x1e8Uk\
\xc1\x02\xc9\xb0j\xfc u#\xbfp\x8b]\x93\x0c#\
r\xc1^\xb1\x08\xae\x9b\x80i=\xe3\xa5\xfe5\xac\x09\
1\xb7\x0b.bJ\x08\xf0\xe8\xe5\x83\x83\xfe\xb8\xa5\x93\
\x93:s\xa9\xcb\x1e\xfd>\xfe\xb7\x22|\xfa\xa0t\xfd\
\xe3\xbbac\x9f\xab\x89\xd0\xc6a\xc0\xb5^\xb8k\x09\
\x8d\x01\x92\x1f\xbe\xb7\xfd)m\xeb\xcd\x0bw\xa5\x8dN\
\x16-\xde\x82\x8b\xa25\xe0`\x90\x1b\xceB(\xb1?\
g\xe5!\x13\xbf\x05\xb7\x16\xe4\xea\x06[\xb5\xbd\xd4-\
\x08\x85\x8a\x09\xfe\x98\xedq\xda\x22t%Y\x80\xef\xe5\
\x84\x83\x15\xa1\xef\x13d\xe5\x22\xa9o.\x86\xb1l\x1b\
\xdf\xe2\x94\xc0t\x92\x5cd\xe1\xbc\x06{\xe1\xae\xfb\xdd\
\xb6\xedG\xbe3a\x07+h\xad\x02\xef\x83\xa7\xd7\xbd\
\x93j\xec\x84\x0b?\xd9\xb6@E\xdfYgv\x8ej\
\xf2\x99\x81\xb8-\x82{\xe9\xda\xb2$\x7f>P\xbdA\
w\xea\xc6\xbe_\xdcw\xdcGM\xff\xdb|\x1aY|\
j\xdb\xf5\xdd\xb6\x84\xbaj\xbc\xc3W\xc7\xf8E\x8c\xb2\
\x9a\x11#\xa9\xb1\x94\x98\x8f9\xad)\x0a4\x00\x8e|\
\x9e\xa5u-\x98\x05\xe3@>f\xb2\xc3W\xc1-\xb7\
\xc4T\x96)\xf1c\xb55E\x17\xbaYJ\xf4\x8a\xde\
n\xcbx$'\xd9 0<0-\x12\x81\xb4\x92'\
d(\xb3\x0e\xcc\xae\xbfhV\xfa2\xb7\x8a\x8c\x1b\xdf\
\xc2ee\x92\xe6\xfc\xab&Qc*\xab\x89\xfc\x86\xaa\
\x88\x1b\xa6\xae\xe1P2f\xd3\xb6\xbd\xb5\xd0c\xa0\x8b\
\xba\xa9\x97\xf7v[]\x12P\xc6x\x9b\xe2uS\xd2\
3\xd6\xb7\xeb\x22m\xb2\xb5z\xe4|\xea\x01#.)\
\x80\xb8Z\x81*\x8d\x0f\xad\x91\x90\xca}\x1ea\xa4U\
GU\xc4c\xea\xcaC\xd2t\xb3(\xf9\xd5~t\xca\
\xa8\xf5+\x9bL.\xc6\x93\xf5\xdb\xf0H\x19\xd77q\
\xba\x9c\xa0S\xf6\xd4\xd2Ud\xec\x86\x11\xf5\x98\xdb\x83\
\xf2\xa0\x18e6p\xaa\x8a\xda\xa9a\xed!iz]\
\xa0\x08\xb3\xdeu\xca^,\xc0\x007~\x94\xe4[\xbc\
gc\xdb7>\xd7w\xc6\x12QA\x9f\xb7\x96\x12\x17\
.\x22\x80\xb4\x03\xbf .\xea1\x85\xe2@\x89\xde\x8c\
w\xdb\xd8U\xa2\xe5\x81\xa0\xc4\xa9\xccv\xe9\x94\xbf\xff\
\x8b\xden\xea\xa8\xa8g\xf9o\xcd\x9ct\x04\x22.N\
\xea|\xd7WK\x8b\x07\xb3\xe9!\xef@-\x84\x8bI\
\xb5%;\xe5<8\x0dj\x136y\x06\xaf\xe2\xefE\
\xff\x9d\xee\xfa\xe5\x9f\xbd\x9f1\xefVw\xcf3z\x8a\
7\xa8!\x92:\xa5\xb6c\xde\xb1B\x15\x1b\x0b\xaet\
\x03\x11\xca\x02ln?\xea\xb5Qp\x8c'\xbc\xa4}\
\xb0N\xb4\x08\x1e$\xb8\x05\xca\xa7\xd3\xae\xdf\x93\xeb~\
\x10\xbd5g\xd5\xdf\x9dM\xd3UJ\xc2\xb4\xf3S\xdd\
\xc6ZYl<\x9e\xb4\xeb4\x91Z\xce\xb3\xf1\xda<\
~\x07\x15%m\x06m\x99\xf7\xe1\x15\xdf\x1a\xf0\x86\x11\
\xe5u\x9f0\xfb\xfeG\x7f\x7f\x84\x15\xd0B\x01_\xe8\
\xae~\xa4(\xf6\x97&\xc6u\xd3\xeb\xeb\x86u\x90\xe2\
\xd7\xf2\xe4\xd3\xe3v\xc1\xe77\xf9\xc4lqk\x95Z\
\xf5J5qQ\xda\x8c\x85\xc6\x16D\xe1\xc0\x97{\xd8\
.pW\xc1\x22\xb5\xfc\xf6\xdc\xe5~\x8d\xafB\x9a\x0d\
\xbbl\x8b_1\x16\x94\xe4\xfd\x0c\x9b\xddn|\xa7\x90\
H\xcax\x85\xfd\x9f\xdaX\x0c\x98\x0c\x8c\xa0\xc2ny\
\xf6\x8cC\xec\xd8]\xc5\xfd\x84U\xf5\xb6\xc5\x1fQ&\
\xcd\x86\xbdn\xd7z{\xc0\x9b&\xba\x88\xff\xc5)\xde\
\x94\x17\xc79-\xda\xe9?8h(\xf0\x13v\xd3\xb0\
\xb4\x17\x0d\xb8\xa0\xd2\x87\xe7\xc8\xec\xf4g\xc5uK\xd5\
>\xcft\x92\x19%b\xc8g\xb1gV\x7f\xbb\xe8\x19\
\xa3D\xc9t\x9b\xd5\xcc-\xaaK\xe6\xab\xd0u\x1e;\
\x8f\x22'\x7f\x0b\xf30\x86<\x8d\xac\xd6<\xc1\xe5\x5c\
\xbc\xae\xde\xe6\x99?g\x16TL\xb3\x85\xd7\xa5sc\
7F\x5c^\xff\x8e\xdaYyqW\x0a\xef\xd6\xbc\xac\
\x9c\xa0}\x81\x06K\xc0/\xc6\x8f\xd5=\x87\xcb\xfa\xb5\
\xac.\xfb\x8e\xcd\xd4\x8d\x86\xe2x\x89w\x9f\xcbF\x14\
\x85\x09.\x18\xb9$\xcb\xe7D(.^\x16t\xd6\xb1\
\xfe\x99\xfa=s\xc0\xdf\xed\xa5\xe9\x92\xf6*\xf0\x8a\xa1\
\xb8\xdc_\xd86\xac\x95;\xb3\xe0uyB7\x0b\xd4\
\xf5\xbc\x92Vq\xdd\x9b\xa1\xbb\x96as2t\x15\x00\
\x0c\xe8\x81+\x5c\xe7\x86C\x02\x05\x03\xa1C\xcf\xec\x13\
M{I\x19o\xd6^<vt\x9d\xfb.\xa1z\xa5\
\xb1\x98\xa9\x87\x92/\x1a\xc8\x87\x05\x83*DB\x87t\
\x17\xc7I/}]\xd7\xa3\xa6m\x9f\xbe\x92\xa1g\xfb\
c\xb1h\x8f\xd0\x0a\xb8\x903\x95\xa0>\xc2\xf5K\xa2\
i%~lk\xde\xef\xb2\xcb]\x14-\xfbT\x92\xa0\
\xd7\xa0\xcbe\xe7s\x11 |\x01\x81=\xd0T\xf3g\
\xd2\xa4\x0f\x92\x96\xe8\x8a\xed\xd4\xb5\x01$sO\xbf\xe3\
G=\xda\xf5\x19C\x00A\xd8\xf7\x12\x83\xf6\x9b\xd9\x83\
\x04j\x14M\xe3\xe6\x13[\xd5Aoq\xbf\xa4\x11\xcd\
\xdc\xa5G\xd1\xaaO\x91jU\xe9\x9f\x5c\xf9\xfc\xa4\xd3\
~\xa80\xbb\x97\x19iU\x17\xe0\xac\x18\xb8$\xc3D\
\x926\xc0\x11]\x9b+\xc8\xbd\xb7\xfa\xd9\x1c\xe2P\x12\
\xd3\x93S\x85@\xf8\x02\x92\x8b\xf6\x8e\x1e\xea5\x81\xe3\
\x11\xdd\xbc\xfbL{\xf1\xb8Y\xde\xd2\xa7\x1d\x87\x16\xcd\
\xd7<3;\xf5\x89\xc2\x1b\xdf\x05\xb1j\xb5\xed\xf6\x00\
\xe5{\x82\x0c\xaef\xec\x01\x0cX\x06\xe7:\xab\x0dY\
T\x11\x85\xd3l\xdb\xbe\xc9q\x95R\xfe\x16S\xdc\xd8\
\x12a\x08qW*\xa7RH?\x89 \x8d\x82Q[\
\xae_\x12\xcd\x8f\x1c\xa8\x7f\x9a\x9d\xf5\xee\xa0c\x91+\
=\x93s}\xc2J\xd5+\xc6\xa9r\xfe,\x1eO8\
\x08_J\xd9\xb4\x04\xf6j!J\xacZ\xff\xa3\xba[\
\xe55\xcf|wc4i*\xc4\xc7 \x8drA\x89\
\xce_~\xf2!\x07\x1a#\xcdF\xb4\xec\xff;\xa6\xa2\
\xb7\x9a\xe2\x81\x96\x08\xc3IJ\xe1%\xae\x9e\x09\xab\x17\
\x0a\xc0q\xfc\xf4\xcebLIm\x87\xf6\xa3\x91\x94\x1c\
\xcb\x5c\x82\x0cex\xc4\xc8\x8at\xc6\xe2O\xcd\x87\xbc\
:u\xe3\x9c\xea\x94\x15\xb5V\xad\xff\xf1\x88\xaeZ\x9c\
]es2\x8c%.J}\xbc\x02\x1fc\xbe |\
8\x8e\xd2\x8fJj\xd7?\x9bP2og\xbf\xc9i\
\x95RJO\x8f\xdafL\x09\x9bJ\xd2\xcb<\x0b\xf2\
\xda\x18\xbb\xccd\x1foE\x8b\x82\x22PJ\x5c\x97^\
\xc7\xfdz\x14e\xe26\xfe0\xa9\x00\x222\xc2\xe8>\
Tp\xfb2}X\x12\x0e\x16}\xc7\xbb\xcd\xcc\x223\
\xda\xb7\xd9\xe2\xb8\x8a\x14\xb9\xd1\x91\x95aF\x09\x1dD\
\x00L\x8b\xc1p\xf1\x0ep\xb7\xdc\xa90p\xb6\x8c\xf1\
\xcd\xc8\xe20\xc9#\x86\x0a\xf1\xb2\xe2M\x11\x11(/\
\x19\xe6\x88\xe9\xf6\x961\xb1w\xaaP\x92~\x9a\x92\x9f\
\x0c+\x19&\xb9\xcbi\x80\x02\x9f\xe6\xbbaB\x01\xd2\
Ns^\xa6\xa4O5\xb2w\x02\x0bn\x08\xd3W\xb1\
G|6\xb9\xa4^\x17~\x89\xd3\xbe#\xe0\xed\x9b\xeb\
\xc2\xd7j\xd5\x5c\xdc,\xd2H\x07\xd1K\x0f\xbaL\xa3\
\xe0\x08[\xbe\xe9\x05\xe1\x8c[%{\xec/\x01\xce,\
\xc6\xeb\xd6b\x92j\x15\xb8\x11\xafk\xd0`\xcdT\xef\
\x05\x15V\xc1Ke\x92\xb4\xc5\xb3\x182\xcd\xe6k\xf3\
S`3\xab\xac\xc9\x93\xdf\xed\xe5\x1aF\xa4\xa9\xd49\
\x0b\x87\x99\xea\x91\xa4A\xe4@\x93\xa5\xd9%\x8e\xfbf\
@s\xfbF\xbf]\xb7)&\xb4\xbf\xf3\x0f%\x1a\xed\
\xb8\xec1j\x9a-\xbc\xc6\x08b\xb0Jw\xce\xcb\x06\
\x97\xf1\x22:\x05\xf5\xe7k\xf3\xc8\x1bZS\xe3\xc9P\
j\xa3\xb2\x02\x18LE\x11\xe88~cL0\xa2O\
 \xa8\x96^\x98\x03\xa8\x9e\xd1\x0b\xf8M\x99f\xff\xf8\
\xca\xf7\xc1\xcc-\x0c\xfd\xc2\x1d~X\x93=r\x97\x0b\
\xc1W\xf3$\x86\x94\xd0\xe3\x92\xb6\xd4\xe0\xeb`#\xdd\
*\x22\xf38H^ \x86d\x94\x88\xdaMJ\x8a@\
%\x09&\xcbVy\xb3o1\xbe\xc6\xbbM\xa4\xa9\xb4\
\x16\xfb\xbe\xb3\xa6\x07\x15\x12X@h\x19I[\xa6Z\
\xf7+\x86\xf0\x87y\x05\xf0 ,\xfc\xbe/{\x0a\xac\
\x01<I)\xf4\xa0D`&q\x9e\x84?\x93\x1fI\
\xd2\xcc+ \xa7\x04sm%\x8a\xcfT\x82\xee\x88q\
\xd2.\x19\x10XB27@\xbb\xd6y\xe3\xf2\x1e\xef\
a\x98\xcd\x11\xc2\x94\xd6y\x15\x85\xe4\x01w\xf1E/\
\xe5\x1cG\xbd\xd20[c|We\xd9\xe3\x8e\xe5\xf5\
<\xd4\x14\xb7\x8d\xd0\xfe&\xc2C.\xc0\xa8\x98\xe3\xb0\
\xe7\xc7o-!\xaeK\xaf\xd3\x89\x7fx\x9b~c\xb8\
[\x05\xd1\xb3Z\xc3\x95\xd67I\xfeP\xffC\x0d\xc8\
(\x0f\xdc\xc2\x90\xc5f\x22M\xde\xe5z\xd6o\x1eb\
<\x7f\xd8J \x22\xdd\x04\x82\x17(\x85w\x8ba\x9f\
g2\x8e\x12\xdd{\xb0\x9b\xc0\xdb\xe1-2\xa7\xdf4\
\x09U\xae\xd6\x9d\x04\x89\xa4\xadN\x81(\xfe(\x14\xc0\
\x5c|#d\xbc\x8f\xba\x8b\xb7?\xdbJ\x9c\x1f\x9a\x81\
\x93\x7f\x89\xe22\x92\xe1j\xba\x16\x10\x87\xd2Z\xf3\x18\
\xe3:\x9b\x85\xe6P\x7flX\xf9-\x86N\xb3m\xc6\
\x19\xbf\xb8:\x0c\x93\x1b\xf1\xb7Zc\x5c1.zi\
\x85\x22\xf8\xc4\xe1\x0a\xc8\xf0\xd6\x90\x9e\x89|LP\x11\
`T\xf1\xe3Po\xb6\x13\x00\xa0\xf80\x90'\xf3\x93\
0\xc6\xbd\x07\x1f\xc5\xb8i\xd6so\x90\x220\x94\xb8\
,K%\xc1\xe7\x10\xcc7\x88\xe7%pv{\xdd#\
\xa7\xfb\xa8\x97\x93\xe1\x97\xd8 \xcd\xb6\xc9\x0c\x87\x987\
\xb8\x0d\x05\x90\xfc\x22\xf800\x86\x93\x993\x15\x1c7\
}\xe3w\x06\x92P\xd1U\xcbx\x88\xf9\x01\x8fy\x14\
\xb1\x84\x88\x08\xa2\x8aB\xf0\x93K\x10A\xa0\xa6/\x08\
\x11\x18X\x9c\x0e\x0e?\xf1fGA\x18\x86\xc5I\xf0\
\x89\x14\x1e\x92\xa2^s\x8c\x13[\x8b\x98E\x14]5\
W\x87\x99\x07<\xfa\xa7\xed\xc4\xf1>@\x84\xcb\x89\xde\
\x1d\xa8\xc1\x8c \x0b\xd9v<\xa2\xaa\x9d\xdb\xfcd\x13\
qsH\xfd\xb1\xa5\xa4\x949\x8b\xde\xb4)8s%\
\xdb\xca\xcd\x1b\x9bJz[ug\xfd\x9e\xf2\x13\xc2\x18\
\x12\xb5\xdf\x99\xaa\xf5\x9fE\xefG\x16\x18z\xf9EA\
\xd3\x92\xb3\xbcae[\x814\x1d\xce\xfac\xe6\x81\x8f\
\xc4\x9bf\xf2\x9c\xdc\x09HN\xa1\x14\xbcP\x18\x0dc\
\x0c\xdc\xd9W\x00\x84\xdf\xa2z\x9d\xf94\xb1J\xb5\xba\
:\x8f$\xdd3\x0a\xcfb\xae0\xfa\xa8;+\x92\xe1\
\x97\xd8.\xcd\xda\xa1Z\x05^D\x00\xac\x99\xe4\x1e\x18\
\xd6P\xa2d!\xd7j9C\x0e\xd6\x14A\x00\x22\x01\
\xacZ\xfe\xb6\x86\xden\x0aU\x07\x15C\xee\x93\x8b-\
z!\xd7\x81\x97L\xac\x92\x9d;%\x0ee\xc9\x91U\
\x88K\xb1N\xf5]\xd5.0\xb1D\x9a\x85\xef\x220\
|\xb5\xe6km\xa8\xdd\x90\xfc\x8b\x85\xc6\xb9X\xe3+\
\x874\xcb\x03\xd9\x89\xde\xd6\xa2\x8a\xc2\xb1\xce\x0b\xd9~\
\xb7\xa4:\xa4\xfc\x9f\xaa\xad\x04 \xb6I\xb3.\xe6c\
\xb7j\x0dw*\x96\x1d\xf5\x8c\x15\xa0\x18\xc9%\x9f\x13\
ClS\xad\x1c\x98\x03\x08\xd4\x22\xfbZ\x17u\x90\xe9\
\xc0\xdf\xab\x89\xe0k\xaa\xd3 \xcd\x0a\x88+\x02`\xab\
\xe4Xg\xa9*\xee8\xba\xd7~\xa9\x97D\x00\xfd\xa5\
):g\x91\x11\xfbVJ\x16\xdb!\xc7\x8at\x11\xbb\
\x0cK\x0d\x1b\xad1\xac\x88M\xc4\xa1\xec\x94\xc4~\x10\
\xdf\xa1\x17\xd9\xa0\x13i\xbe\xfe\x8b\xa4\xb3V\x5c<\xd6\
b|\xeb\xac\xc8\xae\x00/\xd2\xc5+'\xfb\x0b\xb4\x90\
r\xda\x1a\x1eR\x1c;\xaa'\x8aG\xbeK\x04Y\xc4\
d\x9b#\x84\xa8\xa0OF\xe1W\x04\xc6\x0a\xf0l\xe4\
\xb1_8.\x22\x12\xd1N\xa2\xf5\x8ea\xe0.\xb26\
\xea2y\xe6\xffW!Z\x88i\xd3\xac\x89\xaau'\
V\x22\x00\x96NZwr\xa1%\x94g\xc7\xf5\x9d\x1c\
\x02s\xc93Zi\xcf\x07h}\xb4\xc8\xb8\x94\xe7\xe2\
\x8d\xb0A\x9a\xd5@\x04\x1aT\xebN\x96\xc4!\x12\xfe\
\xa8\xad\xac,A\x9c\x89s/\xf2\x15\xa3ae\xbd4\
K\x98j}<h}B\xd9\x15\x05\x9a\x8a<\x98D\
H\xb3\x02\xd36Z\x13\xa3\xb6\x9a\x88YT\xdc\x1a0\
1V\x80\xe5b\xdc\x1ci\x96\xb6\xe2\xb6\xdch{W\
v`@G\x03\x5c\x8c\xdb2\xcd\x0a\xc8!\x02\xbc\xe9\
 u\x94\xdcC\xce\x80\x8bq}\xd2\xac\x80\x1b\x02 \
\xee\xa5\x14\xc3\xacgY\xf7\x99\xb1\xdd\x99\x03O\xc5\xb8\
*\xf9)\x02H+\x81k\xbe?NHR\xb7Qg\
eLL\x0d\xb3\xa8\xd4\x04\x1d\x9f\xc4!Fy\x1e\x94\
\xfeUv-\xda\x8c<\xe4\xeeN@1{\xb5&\x8c\
\xd2Gs\xd9\xd1\xf1\x90\xf7\xe0\xbc\x00\x11\xe1\x01?\xbe\
@\xe72Y\x99\xc8\x07\x13\x85D\xe7j\xdd\x89\x9d\xa4\
\x1deUg\xad!z\xb4)\xe9\x89\x89,\x12\xc2\x86\
\x02A\x02B\x1f-\xb4#\x88\x86(+/\xa7\x91\xc5\
\xdfu6^\xb5\xee\xe4Nf\x94\x12\xdb[\xd9\x80\x11\
;Q\xd6\x079wE\xe0IR\xe2=\x07\xa1\x8b\x91\
a\xf2d\xfb4\xabR\xb5\xde\xefFk\xf2&\xe9Q\
g\x84nG\x1e\xa4\xe4\x1e\xa1\x04\x10XHE\xff\xce\
l\x12\x82\xa8\x92\xa9<\xc5F\xa2\xf3\xa4\xca\xee\xccW\
Y\xc8k\xb2F\x9a\xd5\xbb\xd1\x1a\xc3\x8a\xbb\x07J\x98\
\xd0\xc5\xc4\x14\xf5\x86x'Q\xdaZe\xc8\x12\x15\xb0\
,\xe4\x037~\x9a\x15\xd0J\x5cF\xdc\xe8|\x02H\
\x180\xb6\x02<\x18\x16R7\xb1_\x84\xd4'@3\
1\x91\x8a\x9e\x8c\xc0[u\xe1\x9ed\x13N\x90c\x0c\
\x11_$W[\xc7Z\xb6\xe8\x83\x82\x034\x07)+\
\x1f\x1a\xad\xe1\xaf\x00h\xe1U\xa8\x87O\x8fb<T\
\x11\x13Vk\xb0StJ)&\x87\xfc\xc8\xe4\xe0\xb9\
\xb8\x88\xb7\xc9%\xe7\xda&6\x12\xc3l\x8e\x10\xbe\xb4\
(\xc7\x9aa\x96C\x1e1\xb9\x15\x8b\xa4Y2U\xeb\
Xr\xc8\xf7\x0aS\xd6I*;\x09\xda\xba\x13\xad\xad\
\xf5d\x89\xa2\xa7 \x93\xb0U\x9a\xd5_\x9eSm[\
\x93\x16\xb3\xa8r\xc6\xdb\x9c\x1d$\x9a\x89\xc0\x1a\xe2T\
^\xd1\xca\xe4n\x0fl\x894+ \xa28\xc6(r\
\xc7e\xf8\xcf!MD`C\xc9\x145\x8e\x1c\xf1b\
\xb04+\xa0\xae\xb8\x88j8\xb5\xc3t\xed\x80\xc6!\
\x1c\x17w\x11\x87QqI\x16\x99\x14#.\xb7\x99\x9c\
\xdb\x22@\xbd\xe5\x8a_\x01\x9e\xe0b\xb0jM:\xb8\
_4\xb9%\xbdTP\xe49\xe2\xf1\xc8\xa7\x96\x15\xf3\
Wk\xec\xd2\x86:H\x1c\x10\xccK~V\xc93\xec\
!\x97\xc3~\x09\xbf-\xd2\xac\xce\xd5*P\xbbZ3\
\x94\x86\xf7\xf9Ooq\x13\xb5\xc6\xa8\xad\xe0\xd5\x80\x85\
Pi\xd6\xeb\xf2\x84\x8a\xafZ\x8e\xb6\xd2\xbe\x8c\xf6\x85\
\xec\x81\x08\x99\x03\x06\x03\x93\xac\xec3+\xa7\xd9\xe0\x1a\
\xad\xb1\x9d\x8c\xe4b\xcf\xbd\xdf,\xcfs\x9ae\x9e\x84\
\xb9\xebs\xb4^\xab.\x94\x11N\x1d\xf9\xb4\x17,\x82\
T\xa1\xf6 \xf6d'o\x9a7Z\xc3\x10\x09\xb3\x0d\
\x1f\xae\x89\xfa\xd9\x22\xe0\x88t\x856h\xd4\xb9Eh\
\x1c\xa0\x8a\xed3o\x10b\xcc\xba!\xa0\xd8\xa2Z9\
\xd5\x9e\x0d\xb4\x03\xfa\xbe\x94-\x90\xdc\xf1\xf6ll&\
\xa6\xac\xd6\xd0\xfb?\xb9\x04m\x15~\x8d\x89k\xdde\
1A\x9a\xb5\xa4\xe4|\xff2\xe7\x1f\x9a\xad(\x02\x03\
\x08\xc3~\x9d\xb1\x96\x0bv\xc6y\xc8\x91f\x05\x96\x17\
\x9e\xfdr\x8c\xdd\x12Jm\x9cG`L\xc9!\x1fm\
\x95O|H\xb3\xd6\xbb\x1e8!DH\x1c\xe0\x8a\xeb\
\x1e \x90\xe5\x88\xec\x81\xb4v\xf6\xdf)\xd4\xa5\x04\xcf\
[X\xe3z\xe0d\x1c\xbf\xabq)\x1co\x80\x8b\x82\
\xe4\x93\x80\x97\x22\x08\xee\x12~*\xdfx\xe8b\xdb\xc9\
\x9b\x18\xa3]\xab\xedA_\xcd\x9d\x93\xc2\xa5_\xe7\xea\
\xe1\x96\x19\xcd\x18I\xd8\xd6N\xce\xfe\xf0\x90b\xe9\x94\
iYE\x84\xe1\x92)\xba\x15H\x5c\xcan'o\x13\
\x07ioN\x12RB,W\xad\x02\xba7gSz\
nh\x1cdV\xd2%d\xbf\xf4\x14\x93\xe2\x02t1\
\x17c\xa5\xaf,)F\xa9V\x81J\xd5\x1a\xeb\xc2w\
E\x22qX\x98#\x99#\xa8\x840\xb4\x00!\x98\x14\
5]\xac\xc58\x17V\xc1\xbeiV\x83j\x15\x18K\
<F{(\x1c\xe0\x8b-g\x14\xea\xc7l\xb1\x80\xdf\
\xc2\xae\xe6l\xd0i\x08e\xd6n\xabW\xe9\xa7\xe2\xab\
f%\xe9\x0e\x97\xc6\xbc\xd4\x10E\x1b\xcc\xfc\x0az\xd5\
\xfbj\xee\xb6\x1a\xbf\x831\xe9\xd7\xe8;\x05aFW\
\xa5\x88Y[u\xa1\x95\xf8\x18}\x93I\xe1T\xc4F\
\xde:\x8b\xb3\xe2o\xfcL\xe1\xe3%H&!\xddp\
\x9b\xc9\xf5n\xb4\x86\xb0B\xfb\xab\xbf\xb7e\x08\x08\x09\
Y\xd9\xb8#;)\x12\xa0\x0d\x14~\xcf\xaf\x15]\xce\
\x95$7\xcc\xaf\x8c)\x90\xe6\xa2R\xb5\x06\xb7+\x01\
\x02\xdf\x8c9paP\xf3\xc6PiH\xbb\xa2\xbe\x08\
\x0c \x00\xbeb\xd2\xf1O\x15\x11\x09\xf4(k\xbeJ\
?\xadX\xadA\xc6bI\xe0\xe3v&%\xd0\x99\xb4\
W\xb7/\xebd\xe7\xfe\xb3\x9f\xb3B\x01BC\x16\xc0\
~\x22\xd0@\x04f\x17 \xa4\xef\x98\x9dBACt\
P\x07\x14\x1b\x81$\x84vr\xeb\x0aB\xf8\x8dKo\
\xb1\xc1k\xe6\x8a\xc4\xc3\x11\xb3\x0e\x1b\xa4Y\x0dD`\
,\x89\xa2;L:~E\xfa$^\x11e\x05\x1d\xc5\
8\x09d\x1e\x08\xfc\xe8?\x97\xe1\x18e\x1e\xd2K\x06\
L\xb3\x02\x0dD`^\x89e\xf9>\x17\xd9\xa0\xe3p\
\x8b\x87\xfc\x0b\xf6\x0b0\x0b\xe4\xfd\x11\xc4\xc2\xc3\xcb2\
\xa3\xc8#\x98\xb0U\x17bH@Q\xc0\xa3n\x06-\
\x11\x09\x14t`\xc6\x1c\xb8$1\xf5\x11\x97\xc6V\x14\
\xe8*\x1dD@D\x09k\xfe\x22\xef=u\x01S|\
\xcc\xa5\x19\x8b\x8b\xde\x220\x8a\x00aqQ7 \xab\
\xf0\x88\x90f\xac\xecT\x15\xc5\xaa5\xb6\x8e\xd0\xf7\xa3\
./\x941\xef\x1c\xe6\x22b\x936\x84\x13\xdd\xaa\xf5\
\xa8\xad\x02)\x9cG_\x1ds\xc5\x04\xc2\xc5\x1d\xbd\xf1\
F2\xf8g\xb2\xff8\xbc83\xfe4\x97(\xb3\xce\
\x86\xae\xd6\x9d4\xb3Y\xa0\xee\x1eav*@\xa24\
{\x80O\x99\x22y\xfc\x15&\xbdQ\x16\xafhg\x15\
\xe8\xc3u)\x1ch\x9a\xb0Y\xd3\xac\x0a\x0bt\x83[\
\xf1I\xd0\xd6\x9d\x12\x12\x00\x0b@\xde\x9f\x92\x1c#\xd8\
\xc9\xc8\xbc\xe5\xbb\x08\xf8(@\xb8Q'\xee;v\x0e\
zY\xc6\x05BF\x96\xc2@iV\x03\xd9)+\xc9\
g\x0ecR7\xfbB;R\x9eCP\xec\xf9\xe5\x22\
\xcdR]RZHL\xea\xde\x82\xbb\x02\x0e\xb1Q\x1d\
\xa5]\x9a\x15h ;\xf5&Y\xad\xd3\xa9\xfb\xee\x0e\
.\xcdx\xa6#K\xa2\xa3\x84`\x81\x00s\xda\x5c\xd0\
\xb6;\x05\xc3\xe8\x86=\xc0EG6&\x0cC\xe52\
9\xc1\xe4\x88N\x83\xc0\xa4B\x8c?KtK\x00\x05\
\x83\xfcrP\xa7k\x15$2]`\xe1\x14\xf1\xff\xcc\
\x029d\xe7\x8e\xc9a\x9d\xceP\x15P\x9c\xbd'|\
.\xdc\x84d\x1d#\xbc\x1c\xd9iX\xca\xd4f\xf1\x91\
\xa8\xcd:(!Y\xdaZ\x84\x90\xb4\xc7\xe7I\x96g\
\x0c\xd0\x17bK\x1d:\xf2'\x8f>\xe3\x19\xf7Qc\
\x14X\xcd\x8c'\x02\x95$\xfd\xed\xe5\x96b\x09\xf1\xc8\
0\x06iO)\xd6(\xf2O\x18.\xc0,l\xd4\x09\
\x1b\xc3T\x94x\x08u$\x80%0@\x9a\xd5@v\
\x12\xb4u's\xc2\x8b\x07\x80$'\x05D\xf6\x854\
\x1e\x091!3\x9b_\xc2).\xa9\xc9\xfa\x83\xb2\xdd\
\xc0\x1e\x01\xb4<F22sA\x9f8Qvg/\
U\xf9\xe2\x13\xc2v\xa5\xa2\x8c/!\xd8\x05\x16\xd63\
\x8d\xacR\x98\x7f\x88\xb0?S`O\xd22\xda\xfaN\
\x1dPK\x97\x1d|\xcb\x07\x92\x16tr\x14h \x02\
\x93\xcb\x91^w\x02\x09\xcc2\xa8CO\x22\xa5\xf6\xbf\
W3QV\x8e\xf5\xbaA\x02\xeb\xb3\x1f\x88\x83\x0a\xb3\
\x92R\x9d?\x13sg/\x05\xda\xa9Sv\xa0\xe2L\
=\x80J$-\xb5\xf5\xfd\x84sZ\x80N\xcc\x05Y\
\xbbR\xa1\xc6e\xbb\xc09*\x9b@D\xa9\xd2\x8e\x9d\
G\xfd\xb8\x83\xea(b\xec\xf3\x001d\xa7\xb3\x04\xe8\
@\x91\xb2\x01_\xd9\xcd\x0b2K-\x13S\xfb\xdf~\
ic\x09vg/\xa5Zw\x80Gq\x05\x0e\xf5\x81\
\x99<Z\xd7\xcf\xd4\xdbu[\xad\xe3J\x95\x15\xf8N\
\xad\x9e\xc97\xb0\xf5\xbd\x84k\xb7\xb3\x17[H\xd1O\
F\x9eG\x91}O\x1bi#\xe08\xa7\xca\x1a\xd1v\
\xddV\xb1o\xb7\xef\x5c\xea\xb2\x18\x0d\x87\xa8I\xf3\xbe\
\x0f$M\xb9]\xb7Y]\x8e\xf7\xad\xcd\x82\x0d\xd1\xde\
\xb0\xe9\xe1fbr\xed\xba\xedL\x18\xfb\xe2\xb5\xeb9\
\x95=\xc8 '\x15:n\xf2\x7fg/v\x97Sa\
\x04\xdd\xabx\xed\x00\x11/\xb0\xc7\xcd\xc40\x8c\x08\x0c\
&'\xc3\x08v,\xe0\xf1hI\xad\xfdN\xcd\x82\xaf\
o\x99\x93&?\x05\x98\xcem\x10\xf4A\x84\x85R\xc4\
\xfd\xb2\x94q\x06v\xbe\xa9\x9d\xc8\xb3\xeb\xb6\x0e<]\
\x04\xbd\xb3\xca\xe0C}\x10\x1e\xf3\xa8\xc3\xc2O\xae\xa8\
g&\xda4\x0f\xdf\x83:\x1e+rN\x03\x96`'\
\xc1\xa3\x0e7\x9c\xe2\xa7\xb6\xbeM8]\xa4\x0dwC\
\xce\xc1`\x92\x82\xb5\x5c\xf6f\xc3PC\x16\xe9c\xac\
\x105\xefz:\xb8pg\xdc\xa9c*\xe6:\x80\xad\
o\x12n5\xd9\xb9O\xd2\x8b\xcb!\xe6\x93\xd8r\xe0\
\x0d\xf7\x99\xe9\xceeV\x8a\x9ag\x83\xb3\x02\x8ce\x1c\
\xb4\x9c\x1b<B\x9eq\xa7\x0e\x0f2\xfd\xcdrT\xdb\
,\x09W@,\xb2\xb3\x97~\xfcx\x03\xd4\x9cf\xb0\
<-\xe9GK:\x03W\xe63A\x06i\xc9\xebE\
\xc9\x8d\xea\x0f\xbf\x05;\x8az\xfc\xba\xa0\xe3\xa1\xa9\xf1\
!\x93\xdbpg/M\x99\x0e!g\x01\xf9BA\xf7\
\x81K\xff\x04o\xd1\xd4X_\x1a\xf3\x00t\x1ck\x13\
\xfc\x93[\x9c\xd1\xd6<5b\xf3\x9d\xbd\xb4f\xb2\xa8\
8\x0e\xd8:\xf8?\xe6\xf9<_\x8fa\xe7)W\x8e\
g\x82\x02rbl\x06l\xf8o\x85\x98\x8f\xa5\x09,\
\xee\x05\xb6_\xe2\xae\xb4\x08\x8c%\xfdy\xbfh\xd9W\
\xe4y\x10\x9e\xa9\x00V\x11\x95G\xeb\x06'\x83ts\
\xdbt<\xea\xc3\x00\x03\xe6T\x04\x9e\x81\x9d\x97:\x0f\
4\xff\x0a\xcc+M\xba\x13\x02\xb6Gw\xb1\x95\xc2\xe7\
e\x01>\xf5\x81\xaa\x94\xd6\x05\xceN\x01\x86\x88\x80;\
[?\xf4X\xcc*\x01\x1f\x9eA\xa7{:\xae\xea\x80\
CM0S\x808\xa5\x90\xefk\x8ciQ\xfe\x05\xfd\
\x9aQ\x86\x89\xac\xc4\xd8\xef&\x89\x0d\xa5W%\x10\xef\
\xaf\xec[iA8.A\x1f\xe9(\xf2\x1e\x00\xe7f\
\x99\x1bT\x04\x81\xcb\xc9\xb1\x8d#DHG|\xa5\xcf\
K!\x0f\xee\x85^\x07\xb0\xcd>\xe1\x8c\x14\xa0\x1e\xba\
M\x11\x02\xa4VZ\xac\x9e\xcf\xcc\xaa\xf9\xca\xa3y\x83\
\xdbkg/\x1dk~\xdd\xc8\xf6\x9d\xfe\x05\xb1\x84\xde\
:\xd5%\xa4^\x07\xb0\xe7~\xa2\xdbI\x9a6\xb0@\
\xb0\x80\x01tw\xf0\x86\x1e[,6\xde\x8c\xa5\xf7\x89\
\xe9l\xcd\xb2\xdf\xf2\xa3N;{!\xad\x00\x135N\
\x94\xfa(5\x87p\x90\xaf_\xd0\x07\xe1\x80!\x03\xb5\
\xaf\xfd\x83\xafY,\xb3\xeb\xb6\xc65R\x09m>\x0a\
\xd5\xdbC\x8b\x01\xae\xfc\xd0\x15_H\x16k#p/\
\xf9:\x80\x9d\xf7u\xae\x8e\x08\xe8.@\x92\xb7\xa1\xc3\
\xd3\xa5\xb9;\xe2\x96\x90*\xa8\xd769\xaf\x0c\xab8\
KE\x1d\x8f%v\xdd\xd6\xbe\xf7\x05+D\x09\xbe<\
\x22\xb6\x09`6\x9a\xb4:i\xbc\xe7\xfe\x89\x80+\x02\
|\x03&\x95\x1f\x81\xd9\x89\x83\x1b^b\xad\xb6\xdf\xc7\
\xdd\x0a\xd2\xfd\x9a*\xc4\xa7\xf7\x08\x13\xb7~\xdaR\x9a\
\x17\x98\xd3\xc6w,\x13 \xc90\x81G\xf1g\x9c.\
\xcc\xd2\x07R\xbd\xd9\xf0\xd6ejy\x1c\x8c4\xf0(\
~\x8d\xb9h-t8#=1/\x12\x9a\x5c\x1e\x83\
m\xe0Ql\xff\x0c\x91\xd4\x86\x9cHXO\xe6p\xfa\
.$a\x8fH\xff\x81\xaa\x92\x85)\xac\x02t\x00\xaf\
+\xe9l\x13\xe9_\xe3\x0f#.\xf4\x8f\xa0\xb4\xf2;\
y\xf5\xa6t\x94\x95\x96A\x8f\xf4?(.\xf4\x98\x80\
Rk\xf6\xaa\x0a=\xa5\xd1\xb2\xe7\x91\xf4s(.\xa8\
\x85\x10\xad\xfc\x9e\x131\x8d\xeeU\x029{!\xa0\xaf\
\xa8\xfb\xcb\xa8J[\xec\x06p\xec\xe7\xaf\x86\x02sJ\
\x84\x9d \xc0\xf0\xa0\x8d\x08\xac\xaf=\x8a\xde;{Y\
b\xf8;\xa2CM\x1fJ:TQX\xa3\x8a[\x22\
\xfd~(60%\xc5\x1c\xa6\x0e\x17\xdft$\xa2\xa0\
\x5c\xdf\x05\xfc|\xd1\xf2\x81\x10\xa0\xc3[\x1c\xd685\
\xba\x8b\xbf\xaeg\x8d\xa4!:0\x01\xa9h\x16k\x0c\
I7\x85\x90F\xbe\xa1\xa5\xd3X\x15b\x94\xfc\x0f\x7f\
\x80b\x96\x85YDV\x95\xe0q>Z\xc8\xd2\xc4\x9f\
\xa0\x08\x91G%0\x80\x09\xd2Z\xe2\xb3\xce\xcc\x1a\x05\
)@\x15\x95\xf9a\x12,\x92\xeeg\xa8F\x9cW\x5c\
\xdbT\x8b\xcb\xaa\xb3\xb8\xeb.\xb4\xc9\xb3\xa2\x845l\
\x00\x995>?$P\x11\x90X\xfe\x8ej\xc45\xdf\
m\x04EtV\xbd\xfd\xa8\xbdD\xe1\x86\xe9F\x15\xe3\
m&:[\x00C\x95\xf4T\xd1`g/1[\x9d\
i}\xd3\xcd\x88e\xa1\xb4X#\x7f\x1f\xd5(\xd4\xc1\
0\x8c!\x06\x80}\x89\xd9+\xbb\xdb3\x17\xa2\xd4\xce\
^\x966\xfe\x8f?\x8c*\xc4e\x05\xc3\xf0\x08R\xb8\
-R+\x0eS\x04\x8a\x11\xe5\x03\xe1@\x0b[^?\
8\xbc\x82\x15\x01Ye\xacD\xe5;\x18\x87\x82\x1a\xd3\
\x9a:\xbea\x88\x00\xcd?G\x15J\xd6\x01\xe6\xd9t\
\x04++1<Y\x05\xe6m\xb7\xb9\xed\xa9\xb3\x8f_\
\x04\xfb\x1a`\xde&\x98\xb8\xcd\xa8\x12fH\xf3p\x18\
\xa4\x0e\xe0\xde\x06\x15\xbe\xcc\xfe\x0e\xa53d\xfc)\xe2\
\x8f~\x0b3\xd1\xa6+\xfc\xf8a:\x19\xff\x22\xdf\x7f\
\xc9\xaa\x97\xee\x160\x11\xbd\xba\xe01\xe4\x99\xf3\x97\x08\
M\x16L\xae8G\xdf\xc1HL\xa1,\x18@\x5c\xce\
\x12\x86\x84\x97a\x09\xe6\x94\x0bC\xadX\x90\xf3\xc3N\
\xf2\xd5\xf5\x0e\x12\xd2]\x80iX\xf3\xca\xe3l\xe7\x1c\
;\x18\x8a\x82\xde\x09w\xcfq\xaa\x05\x84\xae\xc4\xcbU\
\xe9\xb2:\xa5\xfc\x0b\xd3oP\x98\xfb\xa3U\xd3\xb3\xb1\
\x5c\x7fF\x08\x91\x1d\x13\x00\xcf?\xb1l\x9d}\xc9\x8b\
\x01\x9e`EsM5\xdfDD\x99\xa8\xf2\x97\x86\xe2\
\x86a\xfc\xd1\xe0y\x1f7\xd2\x16\xec\xf3\x99\x05QI\
*\xfe\xa5\xa1\xb8\xe5\xb7U\x99#\xdbz\x87\xd8\x1b\x03\
\x0f\xb2E\xa5|\xe2\x15Y\xf9\xadU^\xd8@\xedD\
u\xea\x18_y\xf2,Y\xa3H\xac:\xf6\x93\x1fs\
ec\xef\x90\x09\xff\xf4\x1d\xf1 Y\xa6r`\x14w\
\x7f2\xbc?\xbc==\xf6)\x1e\x00\x8f\x05\x9b\xb5\xfb\
\xbc\xd9Y:\xc8V\xd6\xd3\xc88\xb8\xd2y7\xbd\x86\
\x8a\xde\x00\x06\x22\xe5\x99f\xeaH\xe48\x13\xc6\xd9\x8a\
\xc5\xdaw\x0c\xf4\xe4\xa7A8\x93d\xb5\xca\x89\xc5Z\
\xfe\x0c\xe0!\xb0\x9e\x0f\xc9\x82\x09\x00_\xf2X3=\
\x03=\xf0>OL\x1f\x22\xc8\x86\x95)k\x8b\xe0\x1d\
r\xea\xe8! \xf6\xf2-\x0a\x9e\xad\xf5\xdd{&\xde\
\x85\xa8*\x80\xe0(,,\xcd\x96\x7f\x90bx\xea\x8d\
n\xfc\x07>\x8e\xd6M\xbal\x8b]\x15\xde\x86\x1b\xff\
-_\x1579\xb6\xa9z0-\x19h R\x92\xd8\
\xc9=\xe1\xe5\xd3%\x91\xd3Q\xf0ry[\xf6\xa6\xab\
x>\xea{\x82h{\x1fC`$\xbe\xf8\x1e\xcc\x08\
\xc96NF\x95\xe3\xe2\x1d\xfb\x1c\xfc\xf4\x87\x0ez7\
\x13``q\xfa\x82\xa3\x9f\x0a\x92m\x1c\x0d\xb8\xde\x1b\
m\xe9\x8b\xdfX\x9a\xb3\x22\xca\xae\xa6\xab\xb7\x8c7\xec\
\x1dI@\x04\xedk@U\x1c\x8cl\xdf\xff\x80\xfc\x14\
P\x10e^\xa1\xc7s\xad\xd9\xdf\x9bU9\x5c\xd6\xf5\
o`K\x94\xb6m\x1a H)N\xef&\x1c@S\
U9\xd4p\x15\xf2V`\xe8\xe5sT\xcc\xfeL\xd3\
\xf0Y\xc1U\xa8Q\xf1x\xdcO5Y\x9b\xdbQ7\
\xf1\x7f\xfd\xf9\xee=#0\xe7\xa0\xae{k\xaf\xb7\x85\
GL\xb9\xefQ}j}\xfa\xdb\xe1O^\xed\xf4\xfc\
\x9a?h\xe4[\x1f\xc1\x15f\xa9\xaf\xdbB\xfc<\xb6\
9^\x09\x8a\x0d\x1a\xed\x11l\x1b\x08\xcdy\xf6>\x9f\
\xef\xda!\xbd\xdf\xed\xc3/'\xd8:\xb9],s[\
\x88t\x01\x01\xb47\x0f\x831\x12\x89\xee\x02\x9f\x8e\xa0\
Z\x01\xd9\x88J\xeb\xcdC\xeaFC\xc1\xbd`Ri\
\x8d\x12\x1a\xd7+p\x1fh\x84\x07\xecr[\x08\xd6\xf9\
\x90@;\xc8\xe3\x96\x9fl\xf3\xaefS\xa3\x90n\x8f\
\xd3\xf7\x80>\xe5\xdb\xe5A!R\xbf\x94\xf8X\x92\xe8\
\xd4\x92\x1cDE\xa2>\xf44\xf9\xf1_Fx\x1c\xac\
\xe9\x1b\xea\xdb^\xefe8\xb4\x87\xfb\x83\x92\x17\x91\xac\
s\xb7[\xd5G\xdb|\xf0+PG?\xda\x0f\xee\x03\
[\xae\xd9\xa4^\x1aX35\x03\x96\xe7]\x8d\xfe6\
\x99\x96\x0azW\x90djF\x5c\xcc\x1d\xbd\xab\xf5\x0e\
\xc92\x1f\x82o\xc0\x84\xd7f\x1e\x0d\xd5\xfd\x88\x12e\
z\xb3o\x87\xfe\xe6\xf34\x96\xdf\x121\xc2\xdb60\
\xc2\x1b\xd9}\xd0\x96b\xee\x0a^lT\xef\xa1\xb5\xe4\
\x8c\x15e\x9a\xf2\x01\xc6\x82\xea\xdd\xec\xd4\xa6%`J\
\x0b\xa3\xc2\x9d\xe0C\x9d\xf7\x02\xcak\x90\xee\x18d\xc8\
U>\xc0\x14t2,j\xa9\xb0\x11\xde\x04*L^\
\x11\xf7\x81\x07\xb9\x0e\x0d\xecr\xb9\x1f\x00s\xbc76\
\x91\x9b<q\xf5\xc1\xdcV^u:\xa9\x80:\x93\xc7\
Q\xbe\xdc\x81\x0f *lS\x7f\x98\x83+x\xcd\x83\
\x90\xbdoa\x97K{\x02\xb4\x1a\xeeC\xfc\xaf\xf1\xae\
\xd1\xa2b|\xe8\x04\xe5&o@t?\x92X\x89\x8d\
\x98m\xc3y\xb8\x9c^\xa0\xe1\xd0\xc6\xf4\xd0\x1cZ\x5c\
nfw\x17z\xf3\xb8+\xca\x8e'\x11\x076\xc1[\
\xc1*\x17\x7f\x82\xbe\x93\xbbF\xdcn\xbef\xca\xd9\xbe\
\x13{\xccC\xad\x08\xe6\xd6\x04W\x98\xf8\xbf\xeb\x17\x9a\
\xca\xc12\x7f\xcb\xbe5y\x81\xfa\xf0\xbcV\xf0J\xca\
\xdd\xaa\xfa\xab\xec\x0d?T\x91(\x0c\x03?M\xf7\x1f\
\x1f1y\xaa\xa9\x94\xc2\xed\xb2f+\xb2c\xf6\xd6\xf4\
\xd3Io\xca6\xf5\xc2IE\x97\xf4\xf6\xf2\x86\xd9\xc3\
\xc0\xc0\xb9\x9e\x98\x92'\xdd\x8d\xabo=\x03\xd3\xdeX\
\xd5C\xadxb\xc4\xbb\xba\xee\xa9\x91M\xd5\xabP\xc5\
\xaf\xb1P\xdb\xb0\xb14\xb1E\xe2\xd6]\x11\xe7W\xd8\
\x07\xf3\xbc\xdc5Jz\xe5'\xb6zv\xc5\xb1\x83\xf5\
&y\xd0\xaaq\xbb\xdd\x8f!\x15H\xef>w\xe3\xba\
\xf0\xed\xb6X\x1a\xe32N\xe5\xbf\x02\x0f\xa3\xb0\x89\xd0\
m\xb0\xf9\x0e.\xfa\x81\x9fk\x14\xce\xaa\xea3&_\
\xc0\xef\xf99\x99\xbf\xa70&\xe9\xf4\xces9\xf8\x7f\
1/\xb5[\xa5\x0b\xd8\x1e\xe5\xf5\x88\x92\xd70\xce\xff\
\xa3\x1dz\x97\xf3\x1cQ\xac\x0f\xcf\xc9{\xff\xc1\xd6\xb6\
\xa6\xedj\x19\x9fp\xf6y[\xfb;\x1fSh\xb2,\
\x15\xafC\xb12\xef\xe0\xea\xd3\xda\xe0c\xc9\xde\xad\xe6\
\xdbV\xe9\xc9\x11\xf9>\x11\xa6\xe8\x19|\xe3nh,\
U\xcbs\xf1/m\xc3\xe1\x8f\x0f\xf4k.\xc3\x05\xee\
\x22f\x1dc\x8a\xff\xf8\xe8\xd7x\x0f\xb3\x9c\xbb\x88i\
\x0f\x17\xc7\x0d>\x95\x9c\xfe@M\x965Y[\x84{\
\xd3K)\x06\x86\x8fI5q$YSUxdD\
\xab\xa5\xfa!\xc2\x87#\xd7?jC\x16E\xc8\x95e\
\x171\xcfG\xa6{o!\x06x\xc4\x86\xf7\x1f\xbd\x09\
\x16\x97v\x82K\xd7\xed\x8b\xcb\x11\x03\x00\xff\xd6\xfe\xaf\
\xbc5\xcf\xb8\xd5~\xf1\x04\x8a\x8b>\x83\xe2m\xcc\x1c\
h{\xe4eW\xc9\xfe\xb5t\xff\xf6\x5c\x03\xf7V\x10\
\x13v\xdd\xc5\x1eBD8B\xe7%`}$\xec\xf2\
c:]\x0aN\x86e\x9a\x93\xcc\x18o\x1a\x14\x08)\
\xdb\xb2\xa9=\x1a\xc5s\x98S\x0f\x07\xb9\x1fg\xdf%\
\xc1kZ\xf5\xe6\xb1\x5co\x81\xf7yhY\xf0Z3\
V\xd5\xbdA\xf9\xe7.\xc1\xac{oW\xf8\xcf;q\
\x09`\x80I\xb6U\xcdr\xdd?\x05-\x01@\xafy\
W\xe7=l\xbf\xdd\xcf>2\x8a\x81\xbb\xf1\x0e\xc4\xb6\
~f^\x9d\xf7#\xb6_)\x88\x06\xe5#[\x0fu\
\xdfk\xdbtoTl>\x83e`#\xbc,\x197\
\xf6\xf0\x8a\xb1\xf0c\x97k\x96\x80\xd2f\x1b\xb7\x11\xde\
\xb8\xd8<\x14//\xd5<\x83\xf2\xcf\x05EFN\x8f\
\xa1B__\x91\xb2\xcf\x05\x19N\x999\xbdq,2\
1\xcd\x07\xbf\xf0_\x06V\xf7C\x8ag>X/$\
[\xc7s\x8b9\xdd\xb7\x8c\xa5\xfb\xeb\xa0[\xe6\xc0A\
\xa2P\xc5j6\xe2~\xdc\x11ZDE3\x0b}\x0b\
o\x99<\xdd=\x16\x90Xf\xe1\x86\xd1\xecM\xe4\x15\
xq\xd1v\xbb\x1e\xcd\xec\xc9\xd5\x87\xcciE\xf87\
\x7f\x14\xc9\x80y+\xdb\xa7'Pi\xeb\xbe\xff\x06\x16\
?$\xed\xe1\xc5\x0a\xcb\x0fP\xca\xed\xd1]\xc8\x02j\
A\x8e+\xfa\xe6\xe3c)\x7f\x8a\xbe\x96q\xf3\xb2\xf0\
\x95\x0d\xd4kPY/x\xc1\x0fa\xf5C\x92\x1eF\
U=\x95\x07\xbb\x1f\x92\xb4\x0a\xbd\xb1\xba1\x82]\xc6\
,X7\xd4\x0c\xc5\xed<}\xe8\xbbi]\xd6\x8f!\
\xcc\x0emQ\x1f\xb6\xf4\xeegoV\xd1H\x99\x86l\
\xa2^\x81QqV\xd3f#\xbb\xa8{Q9?L\
\x9f\xb9\x14w\xfd\xb2\x81\x97L\xa3^\x81@+\xd7/\
\xf1<W\x86\xc7\x10\x0b\x1b \xdb\xc8\x1e\x14W\x05s\
\x0d_\x19H\xbd\x01\xe1\xed\xd6-b\xad\xb2\xafi\xb6\
\xca\xbe\xfa\x1dG\xffc#\xb8\xdd\xba\xc5*\xe0\xd8\x10\
\xad\xec,\x0b#\x98k\xf8\xc8T\xea}\x9f\xe7\xc39\
\x0b\xc6H\x05\xf4M-\xab\xab\xbb\xf1\x8eO\x94\x02\xd6\
\x1a\xde\x92\xc1\xe4\x89\x11\xc2\x05\x7fu\xc7\xe9\xf7\x22N\
\xb6D\x07K\x0d\xa7,\xa7\x1e\xc1\x8d?\xc1\xa7\x97\x97\
m\xca\xb2\xe9\x1a\xd3\xc9\x1e\x1e\x8a\xb8\xb8\x88\xbf\xaee\
Au\xdf\x88\x87\x8b\xf8\xeb\xba\x93\x11\xd5;q#w\
\x03\x13\x95V\xd8\xcf\x1c^\xc4\x7f\xa2\x8a\xa7\x87P\x1d\
\x0e\x1e:\x0f,\xb3\x8c\xa9^\x8b\xe7\xab\xde\xd1\xc0o\
\x83\x16\x15x\x02\xe2\xde\x81\xeap\xba\xeb9`1\xaa\
\xda\xdd\xbc\x01W16\x06mK?\xc3>\xcb\xb0\xea\
\xc9\x88n\xc7Cu:\xcf\xd0L\xf1\x85\x9e\xb8\xf98\
bO\x03\xf1\xf3\x00\x97\x0c\xac\xf6\xf0(\xaa\xdb-\xa0\
\x15\xb5\xc8\x7f\xf0\x9f\x11\xf1\x80\xa8\xd6\x9c~\x0f{\x07\
\xe5\x9aZ\xbd6\xae\x13\x8f\xc5\x93\x11kf<\x86\x19\
\x9a\xec\xad\xfa&Z-E\x1c\x86AFW'\x15-\
\xc2\xa1\xcf\xf2\xeaq\x5cs\xf0=q\x98X\x92d\x1a\
\x06\x0b\xfc\x01o\xbd<F\xa3\x0a\xee\xfbi\x93\x19\xbe\
/\x9e\xe3\xcfQ\xbf\x9f\xe6\x9c\x07Yb\xad_\x8dk\
\xfbL\x99\xaaID\x11\xc5\x9e\xab\xaa\xe8C\x8f(\xf3\
<z\x9br\xcei\x10\xfb\xf5gT\x98\x93h\x8c,\
\xcd\xcc\x9e\xa54\xa4${\xad\x97c\xc4\xf25\xe8\x09\
Z\xcaf:\xef\x9b\xf1@\x5c\x89w\xc6\x03\x11\x17\x96\
\xaf\xc1\x01\x92\x9b\xa1\xc9\xb2\xd5zE|\x1cG\x1f$\
\xf4W\x8fKG4\xd8o\xc4\xa0\xbc?N6[{\
x:>\x11\x0f\xc4a\xde\x84/?.\x1d\xdf;>\
\x8e*\x7fD\x80SVJ\xca \xfc^\xa6\x9f\xaa\xb0\
\xf3+\x8fo\xc4\xf3O=>\xf7\xf8\xfa\xe3\xfb\xc7\xa5\
\xe3;\xc7'\xa3\x92\xef\xc1q\xd0\xc1\xdf\x1f\xae\xb0<\
\xdf~#\xe9M\xf1q<\x1d\x9f\x8d\xf7\xc4\x1e\xaa\xf0\
\xb1I\xc2\xaf.\xff+\xc3 \x07\xac$\xd0\xb7\x7fa\
\x1d\xd2\x8b\x84/\xe6\x85\xc4^\x0f\x1d\x13g\xabm\x03\
u\x8d/\x9e\xa9\x09\xaa\xe8\x93Wz\x89\x88\xbbJ\xf4\
\xe7\xee\xec\xda\xdd^\xbc=\x1b\xb8|1+\xeb\x1c\xcf\
D.~\x1c\x1b\xc0\xf0\xec\xe6)\x9d1\xf6y\x91\xec\
\xf3\xe2h\x9d\x17\x11\xca\xa8\x98YHv\xe7@\x97;\
\x8f$g\x5c\xd6/\x14D\xfas\x06+@f!\x9a\
\xc4\xdc0\x19W\x1c\x99\xc36\xdf\x19xO\x84\x1d:\
\x0e=\xa7-\x99\xb3!\xe1\xc0\x9d\xdb\x09>\xee|L\
\x96'\xe6\x91\x88\xc7\x17\xd7~\xd7&\x9e5\x037e\
\xd5&J\x22`\x9c\x0c\x1cqA\x1e\xb6y\x87\xb3i\
C\x84}qn\x8d\xd4\xb2\xf3\xa3)9\xfc+(\x94\
\xef\xcf\xdc\x1a\xbe\x07X\x92#\xab\x88\x96yk\x00\xc1\
.\xf6d\xf2\x0dN;\x832h\xc87\xd8\xc9\xa0\x0c\
\x14\xc6@\xfcp&S\xc0\xc0\xbd\x93j;\xed\x8c\x92\
\xc5Qn\xf0\x0clJ|\x1dF\xd4.Fb^t\
\xde\x864\xc6\x09\xb7h\xf3]\x04\xf3\x1d \xda\xc7\x9c\
T\x80\xf7\xd2\xa7\x9b\x94\x81\xec\x0d\x13\x9c\x16e\xd0,\
mbV\x12\xed\xcc\xfc\x1b\x043\xc6\xa6\xe0E\x06\xdf\
\x84\xac\xca@p\xb0\x8e?\xe3$\xa4_\x1b\x16%\xe1\
q-w\x995\x1b\x04\x06\xd6E_0,\xa4@\x90\
\xbba\x0d\x1f\xab\xc2 y\xd1V%\xb2Z\xca\x0b\x1b\
\x96\xb8\xb4\x0e\xc4H\x1dO\xb0\xb1\x99\x229\x12\xb2V\
\xee\xd8\xaep\x14\x16u4.\x0c\xe2[\xf4\x05\x05\x14\
7,\x03\xb4\x161\xabY\xd3-:*(\x5c\xb09\
5/qi`\x1b_CP\xd6\xb6\x0cJ/%8\
\x7f) `\x92m\x19`*o\xbc\xeee\x16\x04\x95\
j\xdd\xe7\xa1\xb0\xe2\xd6\xc5\xfc|.!x\x0a\x8f\x22\
$6\x92q\x19\x81\xfdD@pk\x08ky\x9e}\
\x19`R\x89\x88-\xa4\xd4\x96\x81&\x98\x99\x8c\xec$\
\x1e\xf8\x08\xce\xa4\xa0*\xbf[\x18s\x924\x9bf\x99\
\x18\x0e\xb7\xc2\x81k\x05\xc5\xc680\x85\xb3nR6\
\xdc\xf5H\x81\xa5\xb6\x0e\x86a\x85T\x0ea\xa5\xb6\x0e\
\xcc\x0a\xc8H\x99m\x82\x97\x95\x19\x00\x07!\x1b\xb4\x91\
u \x05t&?W\x9dX\x8ck\x04U\xa3K5\
\xbdL\xd5Q\xbb\xa2$e\x1f\x98\x03bT\x0b\x05C\
\xd9\xe8R\x82\x1e\xd2J\xcaJ*\x82\xa8e65\x06\
c\x01\xbbI\xb0@\xd9\xc7B\x8c`\x96\xab\xdbS\x03\
\xf4\xdeD\x90O\xc5+W\x05\x8alm\x0cjq\xc8\
N\x8ea3\x12\xcc\xe2U\xa7uX\xe9,(F\x9d\
(\x80$\x1b\x9c(:\x0b\x98\xa5y\x0a\xac\x05\x8f\xca\
\xfee\x81\x84v\xec%\x95\x9d\xc9\x05\xd7\x8e\xa5\xb3~\
Y\xca\xa7\x22\x93\x96d\xd9T\x18:\xa1~X\xaa'\
*\xb1\x00H\x02\x92\xe4vM\xda\xd0\xc4Yk-\xa8\
\xf9\xf9\xb6L\x85\x22kA\xba\x1d\xe2\xafTYz|\
w\xde\x96d\x80\xa2Q\x92\x1e\xdf\x9d\x10\xe1\x9flP\
7\xc7w\xe7dE\xf6)\xb1\xb6\x93\xc5\x00\x02\xf80\
_\xbf\xb7\x91\xddKxG\x81v\xf4~+^q\xba\
\xb8\xcf\x1c\xd5;\xcaw\xe4~0\xadd\x86\x8c\xfe\x82\
\x13\x0a\xbd'\xaf K\xb2CF:9\x8f\xe4\xde\x16\
\x84\x01\x1e\xacd\x89\x8c4\x9f\xd0\xe7]\x7f\xb4\x9f\xc7\
\x18\x19\xfd\x05?@\xec.2\xdc\xcf\xe9\x0f\xd6\xc8H\
\xe7/\x9cv\xe0\xcf\xbd-\xdaml\x87\x09\xd6yQ\
\xd6b\xf3\xdc\xdb\x82(\xd3A\x1f\xae\x11pw:\x97\
\x99\xa7\x03\xd1\x0a\xb4dOL@\xd7\x96b\xf7\xfc\xa1\
\x8b%\x13\x9e\xddK;\x18d<\x00\xbd\x12Q\x02q\
:\x07\xa0El\xa4\xfb\xce\x00%\x96\x04\xfc\xfd\x06\x80\
\x1a\xb1\x91_9\x87\x22\x81\xb6|3yF\xd8\x0c\x08\
\xedN\xe1\x07nw\xbe\x8b\xe5\xa5\xb6\x05^\xa1Ll\
\xdcwX\xfd\xb5\xe8w\xb8x\x9c\x1d\x0d\x9a\xa9\x97\x0d\
\xa1_\x90__YQ\xe4Ax\xf4z\xc9\xd1\xf4\x9d\
\x8c\x88V\x07Y\x16#y\xdfW\xcc[\xa2\xd7K\x8e\
f\xc5\xf0>\x7f\xde1\xdc\xf7}\xbf\x8b\xb5\x98d\xb3\
#t\xe0\xa5\x05r\xd4\xaf\xcd\x85\xe2A\xca\xd2q|\
Zy\xb5P\xefg\xdf\xbb\xdd\xe6\xa9:\xb1;\xf9\x0d\
\x16r\x13\x9a^2(\xddb\x15[\xd7;I\xd7\xf9\
\xf9\xf9\xd1ok\x12=\x12T\x9a\xb3%{W\xd7\xbb\
\xbdcZ\x9f\xe7+\xfdC\x9c,\xf6\xed\xb5zTo\
H\x0a\x5cT\x1d\x9cs\x9d\xdb\xad\x1c1\xc3\xf9\xe9\x0d\
\xb81-n\xcc\x0b\xb3@AdXr~\x93}V\
5^\xcb-\x0e\x9e\xc6\xa1\xa7\x18\xb0w\xb9\xe7\xdb%\
f\xdfL\xa3Aa,\x88y\x93\xbd\x03\xba.\xa7v\
U\xfa\xf4\xa5\xa8\xf1C\xdf\xcb\xa2\xa8[\x89\x022\x16\
%\x18\x86\xd5\x87\xec\x1e\xcb\xf8\x0d|;\x99\x15\xc6\xce\
\x99\x87%\xf5#\xf9~\xd8]y\x01\xa6%\xc8\xb8\xa6\
!\xedK\xe7\xcf\xcd\xd8\xe9\x18t\xf5\xfdq\xe8\xc1\xd1\
\xa1O\xcf\xa3\xbb\x8e\xf5\xc5\x0c\xd0\xf8\xf3>\x1dw>\
\x16\x9a\xe1\xf15p\xfb\xf3\x1c\x89Sao\x9el\xb2\
?}b\x933]>\xd6\x8d\xa7\xca&\xa8W\xd3x\
\xe2\x9e\x8d\xf7\xd3\xfa4X\xa2\x0a\xbb\x1c\x9an\xbe\xc2\
:3\x0f^\xbc9za)6\x03{\x80~\xc4\xbd\
\x12\xe8\xc5S\x0dK\xe8\x925+\xbd\xee\xd1\xdc\xbe\x11\
\x05\xf3@\x1b\xef \xbb\xa4y\xa2\x8c\xd78\xbd\x95\xc6\
\xf2@!\xaf5\x9al=Y&\xaf\x87Y\x13Y_\
\xf63\xea\xc5\x9c\xa6\xfa\x9d.7\xd4$\xc9\x95M\xd5\
\xc1\x92\xcep\xf0\x03\xf8\xbb\xfc\xc6 0T\xcei\x15\
=\xb0\xd7o\x99\xb3z\x03\xcf\x881\x91\x1f\xdb\x7f\xd1\
v\xdd\x06<)\xf6\xff\x02\x05N\xd9-\xb50\x81a\
D\x086\xc0v\x09\xd2\x16\x0c\x1fB\xf6K\x17\xdb\x95\
/\x0fI\x1a/.VT\x08\x19\xb1\x00\xa4\x0b\x02\x14\
s\xb6\xb9\x8a\xd7(\x8b9\x9c\x9c\x03~=\x10A\xda\
\x81\x8f\xf8\x8d\xcbnd\xd4\x04a\x07\xcf(\xcf\xe9\x06\
6\xd3v\xd1\xa6v\xbb\xd8^\xf44o\xaeX\xb6M\
+:\xd6\xa7w\xe0\xc9\xd7\xf3F\x86N\x10W\xabB\
\xab\x12\xef4_\xd6$\xa0!\xae\xe0\x11\xc3=\x16\xcf\
\x11\xb7=f\xcf\x01!./\xf3_\x0f\xd7\xe01u\
\xeb\xf1\xdbU\xb8\xdb\xe69\xde\x17)K\xbfj7\xf1\
\xb7\xdcand\x0c\xd5\xb6\xed6\xda\xae\xad\xdf\x1f\x97\
t\x99\x0c\xe2\xa8\xe8\xfay\xb4\x9d\xe5<$\x19Gu\
]\xd7\x82\x8b\xa3k\xeaS\xce)\xcbL\xaa\xed\xbb.\
R.#X'5\xd9n\xbeN\x0b\xfa\xbe\x1dcP\
\xd6\xcf\xf3rM\xbe\xee\xff8fT\xed\xa1a\xb5\x99\
\xca\xe7\x19\xf8\xf57K\xe9:\xf0\xfc\xff\xc9\xfdN2\
\x8e\x9d4v\xcb\xc1\x15\xeakr\x80W\xda\xef\xf7\xf9\
\x8c\xff\xf8\x8f\xff\x8e\xfd\xe7\xd8\x7f\xf8\x8f\xff\xf8\x8f\xff\
\xf8\x8f\xff\xf8\x8f\xff\xf8\x8f\xff\xf8\x8f\xff\xf8\x8f\xff\xf8\
\x8f\xff\xf8\x8f\xff\xf8\x8f\xff\xf8\x8f\xff\xf8\x8f\xff\xf8\x8f\
\xff\xf8\x8f\xff\xf8\x8f\xff\xf8\x8f\xff\xf8\x8f\xff\xf8\x8f\xff\
\xf8\x8f\xff\xf8\x8f\xff\xf8\x8f\xff\xf8\x8f\xff\xf8\x8f\xff\xf8\
\x8f\xff\xf8\x8f\xff\xf8\x8f\xff\xf8\x8f\xff\xf8\x8f\xff\xf8\x8f\
\xff\xf8\x8f\xff\xf8\x8f\xff\xf8\x8f\xff\xf8\x8f\xff\xf8\x8f\xff\
\xf8\x8f\xff\xf8\x8f\xff\xf8\x8f\xff\xf8\x8f\xff\xf8\x8f\xff\xf8\
\x8f\xff\xf8\x8f\xff\xf8\x8f\xff\xf8\x8f\xff\xf8\x8f\xff\xf8\x8f\
\xff\xf8\x8f\xff\xf8\x8f\xff\xf8\x8f\xff\xf8\x8f\xff\xf8\x8f\xff\
\xf8\x8f\xff\xf8\x8f\xff\xf8\x8f\xff\xf8\x8f\xff\xf8\x8f\xff\xf8\
\x8f\xff\xf8\x8f\xff\xf8\x8f\xff\xf8\x8f\xff\xf8\x8f\xff\xf8\x8f\
\xff\xf8\x8f\xff\xf8\x8f\xff\xf8\x8f\xff\xf8\x8f\xff\xf8\x8f\xff\
\xf8\x8f\xff\xf8\x8f\xff\xf8\x8f\xff\xf8\x8f\xff\xf8\x8f\xff\xf8\
\x8f\xff\xf8\x8f\xff\xf8\x8f\xff\xf8\x8f\xff\xf8\x8f\xff\xf8\x8f\
\xff\xf8\x8f\xff\xf8\x8f\xff\xf8\x8f\xff\xf8\x8f\xff\xf8\x8f\xff\
\xf8\x8f\xff\xf8\x8f\xff\xf8\x8f\xff\xf8\x8f\xff\xf8\x8f\xff\xf8\
\x8f\xff\xf8\x8f\xff\xf8\x8f\xff\xf8\x8f\xff\xf8\x8f\xff\xf8\x8f\
\xff\xf8\x8f\xff\xf8\x8f\xff\xf8\x8f\xff\xf8\x8f\xff\xf8\x8f\xff\
\xf8\x8f\xff\xf8\x8f\xff\xf8\x8f\xff\xf8\x8f\xff\xf8\x8f\xff\xf8\
\x8f\xff\xf8\x8f\xff\xf8\x8f\xff\xf8\x8f\xff\xf8\x8f\xff\xf8\x8f\
\xff\xf8\x8f\xff\xf8\x8f\xff\xf8\x8f\xff\xf8\x8f\xff\xf8\x8f\xff\
\xf8\x8f\xff\xf8\x8f\xff\xf8\x8f\xff\xf8\x8f\xff\xf8\x8f\xff\xf8\
\x8f\xff\xf8\x8f\xff\xf8\x8f\xff\xf8\x8f\xff\xf8\x8f\xff\xf8\x8f\
\xff\xf8\x8f\xff\xf8\x8f\xff\xf8\x8f\xff\xf8\x8f\xff\xf8\x8f\xff\
\xf8\x8f\xff\xf8\x8f\xff\xf8\x8f\xff\xf8\x8f\xff\xf8\x8f\xff\xfc\
\x06\x00\x00\
\x00\x00\x0d\x8d\
<\
?xml version=\x221.\
0\x22 encoding=\x22UTF\
-8\x22 standalone=\x22\
no\x22?>\x0d\x0a<svg xmln\
s:dc=\x22http://pur\
l.org/dc/element\
s/1.1/\x22 xmlns:cc\
=\x22http://creativ\
ecommons.org/ns#\
\x22 xmlns:rdf=\x22htt\
p://www.w3.org/1\
999/02/22-rdf-sy\
ntax-ns#\x22 xmlns:\
svg=\x22http://www.\
w3.org/2000/svg\x22\
 xmlns=\x22http://w\
ww.w3.org/2000/s\
vg\x22 id=\x22svg8\x22 ve\
rsion=\x221.1\x22 view\
Box=\x220 0 14 14\x22 \
height=\x221.4cm\x22 w\
idth=\x221.4cm\x22>\x0d\x0a \
 <defs id=\x22defs2\
\x22/>\x0d\x0a  <metadata\
 id=\x22metadata5\x22>\
\x0d\x0a    <rdf:RDF>\x0d\
\x0a      <cc:Work \
rdf:about=\x22\x22>\x0d\x0a \
       <dc:forma\
t>image/svg+xml<\
/dc:format>\x0d\x0a   \
     <dc:type rd\
f:resource=\x22http\
://purl.org/dc/d\
cmitype/StillIma\
ge\x22/>\x0d\x0a        <\
dc:title/>\x0d\x0a    \
  </cc:Work>\x0d\x0a  \
  </rdf:RDF>\x0d\x0a  \
</metadata>\x0d\x0a  <\
g transform=\x22tra\
nslate(-23.37583\
4,-34.820791)\x22 i\
d=\x22layer1\x22>\x0d\x0a   \
 <path id=\x22path4\
635\x22 d=\x22m 30.404\
166,35.191625 -1\
.214395,0.701249\
 0.251148,0.4356\
34 -3.299025,1.9\
04791 -0.251664,\
-0.435631 -1.214\
396,0.701249 v 1\
.402498 h 0.5028\
12 v 3.809587 H \
24.675834 V 45.1\
135 l 1.214396,0\
.701249 0.251664\
,-0.435631 3.299\
025,1.904794 -0.\
251148,0.435631 \
1.214395,0.70124\
9 1.214395,-0.70\
1249 -0.251147,-\
0.435631 3.29902\
6,-1.904794 0.25\
1663,0.435631 1.\
214396,-0.701249\
 v -1.402498 h -\
0.502812 v -3.80\
9587 h 0.502812 \
v -1.402498 l -1\
.214396,-0.70124\
9 -0.251663,0.43\
5631 -3.299026,-\
1.904791 0.25114\
7,-0.435634 z m \
0,0.580843 0.111\
104,0.06408 v 1.\
693955 l 3.53622\
,2.041734 1.4670\
93,-0.846976 0.1\
11104,0.06408 v \
0.128157 l -1.46\
7093,0.846976 v \
4.083473 l 1.467\
093,0.846976 v 0\
.128159 l -0.111\
622,0.06408 -1.4\
66575,-0.846976 \
-3.53622,2.04173\
6 v 1.693953 l -\
0.111104,0.06408\
 -0.111104,-0.06\
408 v -1.693953 \
l -3.536218,-2.0\
41736 -1.466577,\
0.846976 -0.1116\
21,-0.06408 v -0\
.128159 l 1.4670\
93,-0.846976 v -\
4.083473 l -1.46\
7093,-0.846976 v\
 -0.128157 l 0.1\
11104,-0.06408 1\
.467094,0.846976\
 3.536218,-2.041\
734 v -1.693955 \
z m 0,2.128035 -\
3.382739,1.95285\
3 v 3.905705 l 3\
.382739,1.952852\
 3.382741,-1.952\
852 v -3.905705 \
z m -0.111104,0.\
279054 v 1.11311\
 l -2.010214,1.1\
60653 -0.964281,\
-0.556557 z m 0.\
222208,0 2.97449\
6,1.717206 -0.96\
4282,0.556557 -2\
.010214,-1.16065\
3 z m -3.307808,\
1.909445 0.96428\
2,0.556553 v 2.3\
21306 l -0.96428\
2,0.556557 z m 6\
.393408,0 v 3.43\
4416 l -0.964282\
,-0.556557 v -2.\
321306 z m -5.31\
8022,3.070095 2.\
010214,1.160653 \
v 1.113629 l -2.\
974495,-1.717726\
 z m 4.242636,0 \
0.964282,0.55655\
6 -2.974496,1.71\
7726 V 44.31975 \
Z\x22 style=\x22fill:#\
ffffff;fill-opac\
ity:1;stroke:non\
e;stroke-width:0\
.64953899;stroke\
-miterlimit:4;st\
roke-dasharray:n\
one;stroke-dasho\
ffset:0;stroke-o\
pacity:1\x22/>\x0d\x0a   \
 <path id=\x22path4\
705\x22 d=\x22m 30.404\
166,39.479735 -1\
.903759,1.099159\
 1.875338,1.0826\
22 c 0.01146,0.0\
066 0.02035,0.01\
58 0.02842,0.025\
32 0.0081,-0.009\
5 0.01696,-0.018\
71 0.02842,-0.02\
532 l 1.875337,-\
1.082622 z\x22 styl\
e=\x22fill:#3fee3f;\
fill-opacity:1;s\
troke:none;strok\
e-width:0.386856\
05;stroke-miterl\
imit:4;stroke-da\
sharray:none;str\
oke-dashoffset:0\
;stroke-opacity:\
1\x22/>\x0d\x0a    <path \
id=\x22path4703\x22 d=\
\x22m 28.389819,40.\
771648 v 2.19779\
8 l 1.903243,1.0\
99156 v -2.16524\
1 c 0,-0.0132 0.\
0036,-0.02548 0.\
0078,-0.03721 -0\
.01233,-0.0021 -\
0.02466,-0.0052 \
-0.03617,-0.0118\
8 z\x22 style=\x22fill\
:#ff791f;fill-op\
acity:1;stroke:n\
one;stroke-width\
:0.38685605;stro\
ke-miterlimit:4;\
stroke-dasharray\
:none;stroke-das\
hoffset:0;stroke\
-opacity:1\x22/>\x0d\x0a \
   <path id=\x22pat\
h4642\x22 d=\x22m 32.4\
19029,40.771648 \
-1.875337,1.0826\
19 c -0.01151,0.\
0066 -0.02384,0.\
0097 -0.03617,0.\
01188 0.0042,0.0\
1172 0.0078,0.02\
4 0.0078,0.03721\
 v 2.165241 l 1.\
903759,-1.099156\
 z\x22 style=\x22fill:\
#00ccff;fill-opa\
city:1;stroke:no\
ne;stroke-width:\
0.38685605;strok\
e-miterlimit:4;s\
troke-dasharray:\
none;stroke-dash\
offset:0;stroke-\
opacity:1\x22/>\x0d\x0a  \
</g>\x0d\x0a</svg>\
"

qt_resource_name = b"\
\x00\x08\
\x0aaB\x7f\
\x00i\
\x00c\x00o\x00n\x00.\x00i\x00c\x00o\
\x00\x08\
\x08\x86\xe2c\
\x00g\
\x00r\x00a\x00p\x00h\x00i\x00c\x00s\
\x00\x04\
\x00\x07(G\
\x00l\
\x00a\x00n\x00g\
\x00\x08\
\x04Jh\xfd\
\x00e\
\x00n\x00_\x00U\x00S\x00.\x00q\x00m\
\x00\x08\
\x09:h\xfd\
\x00e\
\x00s\x00_\x00E\x00S\x00.\x00q\x00m\
\x00\x08\
\x0bG\x8a]\
\x00r\
\x00u\x00_\x00R\x00U\x00.\x00q\x00m\
\x00\x08\
\x02D\xfb\x9d\
\x00p\
\x00l\x00_\x00P\x00L\x00.\x00q\x00m\
\x00\x08\
\x05@[=\
\x00k\
\x00o\x00_\x00K\x00R\x00.\x00q\x00m\
\x00\x08\
\x0a>{}\
\x00i\
\x00t\x00_\x00I\x00T\x00.\x00q\x00m\
\x00\x08\
\x0b8\x88=\
\x00d\
\x00e\x00_\x00D\x00E\x00.\x00q\x00m\
\x00\x08\
\x02B\xfb\xdd\
\x00n\
\x00l\x00_\x00N\x00L\x00.\x00q\x00m\
\x00\x08\
\x0e8\x05}\
\x00z\
\x00h\x00_\x00C\x00N\x00.\x00q\x00m\
\x00\x08\
\x07?;}\
\x00j\
\x00a\x00_\x00J\x00P\x00.\x00q\x00m\
\x00\x08\
\x0a7[\x9d\
\x00p\
\x00t\x00_\x00B\x00R\x00.\x00q\x00m\
\x00\x08\
\x08;X\xdd\
\x00f\
\x00r\x00_\x00F\x00R\x00.\x00q\x00m\
\x00\x0f\
\x0d}z\x87\
\x00g\
\x00i\x00t\x00h\x00u\x00b\x00-\x00m\x00a\x00r\x00k\x00.\x00s\x00v\x00g\
\x00\x15\
\x0a^\x81\x87\
\x00g\
\x00i\x00t\x00h\x00u\x00b\x00-\x00m\x00a\x00r\x00k\x00-\x00w\x00h\x00i\x00t\x00e\
\x00.\x00s\x00v\x00g\
\x00\x12\
\x01n\xb0g\
\x00m\
\x00w\x00s\x00_\x00l\x00o\x00g\x00o\x00_\x00b\x00l\x00a\x00c\x00k\x00.\x00s\x00v\
\x00g\
\x00\x18\
\x03\xfa\x86\xf0\
\x00k\
\x00o\x00f\x00i\x00_\x00s\x00_\x00l\x00o\x00g\x00o\x00_\x00n\x00o\x00l\x00a\x00b\
\x00e\x00l\x00.\x00w\x00e\x00b\x00p\
\x00\x12\
\x06X\xd9\xc7\
\x00m\
\x00w\x00s\x00_\x00l\x00o\x00g\x00o\x00_\x00w\x00h\x00i\x00t\x00e\x00.\x00s\x00v\
\x00g\
"

qt_resource_struct = b"\
\x00\x00\x00\x00\x00\x02\x00\x00\x00\x03\x00\x00\x00\x01\
\x00\x00\x00\x00\x00\x00\x00\x00\
\x00\x00\x00,\x00\x02\x00\x00\x00\x0c\x00\x00\x00\x09\
\x00\x00\x00\x00\x00\x00\x00\x00\
\x00\x00\x00\x16\x00\x02\x00\x00\x00\x05\x00\x00\x00\x04\
\x00\x00\x00\x00\x00\x00\x00\x00\
\x00\x00\x00\x00\x00\x00\x00\x00\x00\x01\x00\x00\x00\x00\
\x00\x00\x01\x8a\x02%\xfc\xf5\
\x00\x00\x01\x96\x00\x00\x00\x00\x00\x01\x00\x03B\xe4\
\x00\x00\x01\x90\xeb\xa6\xf0\x8f\
\x00\x00\x01\xc0\x00\x00\x00\x00\x00\x01\x00\x03Pu\
\x00\x00\x01\x90\xeb\xa6\xf0\x8a\
\x00\x00\x01\xf6\x00\x00\x00\x00\x00\x01\x00\x03\x85\x1d\
\x00\x00\x01\x90\xeb\xa6\xf0\x94\
\x00\x00\x01f\x00\x00\x00\x00\x00\x01\x00\x03? \
\x00\x00\x01\x90\xeb\xa6\xf0\x81\
\x00\x00\x01B\x00\x00\x00\x00\x00\x01\x00\x03;Y\
\x00\x00\x01\x90\xeb\xa6\xf0\x85\
\x00\x00\x00\xd4\x00\x00\x00\x00\x00\x01\x00\x01\xf4\xe3\
\x00\x00\x01\x91\x04\xd6\x17`\
\x00\x00\x00|\x00\x00\x00\x00\x00\x01\x00\x00\xe2\x94\
\x00\x00\x01\x91\x04\xd6\x17d\
\x00\x00\x00:\x00\x00\x00\x00\x00\x01\x00\x00Q\x83\
\x00\x00\x01\x91\x04\xd6\x17B\
\x00\x00\x00\x92\x00\x00\x00\x00\x00\x01\x00\x01)2\
\x00\x00\x01\x91\x04\xd6\x17[\
\x00\x00\x01\x00\x00\x00\x00\x00\x00\x01\x00\x02o*\
\x00\x00\x01\x91\x04\xd6\x17V\
\x00\x00\x01,\x00\x00\x00\x00\x00\x01\x00\x02\xef\xd9\
\x00\x00\x01\x91\x04\xd6\x17L\
\x00\x00\x00P\x00\x00\x00\x00\x00\x01\x00\x00Q\xdb\
\x00\x00\x01\x91\x04\xd6\x17G\
\x00\x00\x01\x16\x00\x00\x00\x00\x00\x01\x00\x02\xa7\x15\
\x00\x00\x01\x91\x04\xd6\x17i\
\x00\x00\x00\xa8\x00\x00\x00\x00\x00\x01\x00\x01_\xf5\
\x00\x00\x01\x91\x04\xd6\x17Q\
\x00\x00\x00\xbe\x00\x00\x00\x00\x00\x01\x00\x01\xaa\x1f\
\x00\x00\x01\x91\x04\xd6\x17>\
\x00\x00\x00f\x00\x00\x00\x00\x00\x01\x00\x00\x9bm\
\x00\x00\x01\x91\x04\xd6\x17~\
\x00\x00\x00\xea\x00\x00\x00\x00\x00\x01\x00\x02=\x15\
\x00\x00\x01\x91\x04\xd6\x17\x83\
"

def qInitResources():
    QtCore.qRegisterResourceData(0x03, qt_resource_struct, qt_resource_name, qt_resource_data)

def qCleanupResources():
    QtCore.qUnregisterResourceData(0x03, qt_resource_struct, qt_resource_name, qt_resource_data)

qInitResources()
